Player,PPG,Total Points,GP,Position,Year
Victor Olofsson,4.32,25.900000000000002,6,Right Wing,2019
Clayton Keller,2.81,230.5,82,Center,2019
Taylor Hall,5.64,186.0,33,Left Wing,2019
Andrei Svechnikov,3.02,247.8,82,Right Wing,2019
Nico Hischier,3.71,256.1,69,Center,2019
Carter Hutton,5.5,263.78000000000003,48,Goalie,2019
Travis Konecny,3.35,274.4,82,Center,2019
Matt Dumba,5.67,181.4,32,Defense,2019
Mikhail Sergachev,3.53,264.6,75,Defense,2019
Carl Grundstrom,2.76,41.4,15,Right Wing,2019
Kevin Shattenkirk,3.01,219.5,73,Defense,2019
Josh Manson,2.69,199.0,74,Defense,2019
Sami Vatanen,3.02,150.9,50,Defense,2019
Mikko Koivu,3.3,158.3,48,Center,2019
Nick Schmaltz,2.72,108.80000000000001,40,Center,2019
Kasperi Kapanen,3.31,258.0,78,Right Wing,2019
Nick Bjugstad,3.14,201.10000000000002,64,Center,2019
Patrick Maroon,2.68,198.29999999999998,74,Left Wing,2019
Damon Severson,3.37,276.5,82,Defense,2019
Josh Morrissey,4.33,255.7,59,Defense,2019
Derick Brassard,2.06,144.3,70,Center,2019
Oscar Klefbom,3.73,227.39999999999998,61,Defense,2019
Sam Montembeault,5.34,53.44,10,Goalie,2019
Neal Pionk,3.35,244.8,73,Defense,2019
Vladislav Namestnikov,2.91,227.0,78,Center,2019
Antti Raanta,5.16,61.959999999999994,12,Goalie,2019
Brian Elliott,6.08,139.84,23,Goalie,2019
Marc-Edouard Vlasic,2.58,185.4,72,Defense,2019
Pavel Buchnevich,3.18,203.20000000000002,64,Left Wing,2019
Michael Matheson,3.08,230.9,75,Defense,2019
Phillip Danault,3.77,305.6,81,Left Wing,2019
Keith Kinkaid,5.32,201.98,38,Goalie,2019
Erik Haula,2.67,40.0,15,Left Wing,2019
Juuse Saros,7.63,206.12,27,Goalie,2019
Chris Tierney,2.64,214.0,81,Center,2019
Roberto Luongo,5.68,227.26,40,Goalie,2019
Zdeno Chara,3.15,195.2,62,Defense,2019
Charlie Coyle,2.62,212.6,81,Left Wing,2019
James Neal,2.06,129.9,63,Left Wing,2019
Kyle Okposo,2.5,195.29999999999998,78,Right Wing,2019
Mike Green,4.31,185.3,43,Defense,2019
Cody Eakin,3.27,255.20000000000002,78,Center,2019
Jared McCann,2.95,229.9,78,Center,2019
Nolan Patrick,2.36,170.2,72,Center,2019
Jake Chelios,1.24,6.2,5,Defense,2019
Dennis Cholowski,2.25,116.9,52,Defense,2019
Milan Lucic,2.47,194.8,79,Left Wing,2019
Jason Pominville,2.12,154.9,73,Right Wing,2019
Brett Connolly,3.02,244.9,81,Right Wing,2019
Max Veronneau,1.38,16.5,12,Right Wing,2019
J.T. Compher,3.09,203.8,66,Left Wing,2019
Travis Zajac,2.88,230.3,80,Center,2019
Thomas Vanek,2.79,178.8,64,Left Wing,2019
Joonas Donskoi,2.49,198.8,80,Right Wing,2019
Casey DeSmith,7.55,226.62,30,Goalie,2019
Bryan Rust,3.58,257.59999999999997,72,Right Wing,2019
Brady Skjei,3.31,258.3,78,Defense,2019
Tyler Bozak,2.87,206.29999999999998,72,Center,2019
Adam Larsson,2.86,234.4,82,Defense,2019
Ondrej Kase,3.98,119.49999999999999,30,Right Wing,2019
Brandon Tanev,3.5,279.6,80,Left Wing,2019
Henri Jokiharju,2.44,92.6,38,Defense,2019
Ryan Reaves,2.78,222.7,80,Right Wing,2019
Cory Schneider,4.81,110.56,23,Goalie,2019
Lars Eller,2.72,220.39999999999998,81,Center,2019
Linus Ullmark,6.36,216.14000000000001,34,Goalie,2019
Anton Stralman,3.2,150.5,47,Defense,2019
Samuel Girard,2.72,223.0,82,Defense,2019
Cam Ward,6.81,197.56,29,Goalie,2019
Brendan Perlini,1.99,135.10000000000002,68,Left Wing,2019
Brandon Pirri,3.77,116.9,31,Center,2019
Roope Hintz,2.56,148.6,58,Left Wing,2019
Adam Lowry,2.81,219.3,78,Left Wing,2019
Alexander Wennberg,1.8,135.1,75,Center,2019
Michael Rasmussen,2.01,124.7,62,Center,2019
Ty Rattie,1.52,76.1,50,Right Wing,2019
Anthony Duclair,2.58,191.2,74,Left Wing,2019
Jack Johnson,2.8,229.39999999999998,82,Defense,2019
Jamie Oleksiak,2.66,151.5,57,Defense,2019
Erik Cernak,4.05,234.70000000000002,58,Defense,2019
Eeli Tolvanen,3.27,13.1,4,Right Wing,2019
Quinn Hughes,3.52,17.6,5,Defense,2019
Conor Sheary,2.16,168.2,78,Left Wing,2019
Dion Phaneuf,1.7,113.8,67,Defense,2019
Nikita Zadorov,3.23,226.39999999999998,70,Defense,2019
Alex Goligoski,3.22,244.9,76,Defense,2019
Mackenzie Blackwood,6.53,137.08,21,Goalie,2019
David Savard,3.14,257.7,82,Defense,2019
Artturi Lehkonen,2.66,218.3,82,Left Wing,2019
Jason Spezza,1.96,148.70000000000002,76,Center,2019
Dylan DeMelo,2.99,230.2,77,Defense,2019
Zack Kassian,2.67,210.60000000000002,79,Right Wing,2019
Luke Glendening,2.88,224.3,78,Right Wing,2019
Tanner Pearson,2.37,189.8,80,Left Wing,2019
James Reimer,5.89,170.92,29,Goalie,2019
Anthony Beauvillier,2.44,197.70000000000002,81,Left Wing,2019
Filip Zadina,1.71,15.399999999999999,9,Right Wing,2019
Adam Johnson,2.23,13.399999999999999,6,Center,2019
Jake Virtanen,2.85,199.7,70,Right Wing,2019
Calvin de Haan,2.63,194.5,74,Defense,2019
Sam Steel,3.26,71.7,22,Center,2019
Ryan Miller,6.76,114.94,17,Goalie,2019
Jesper Bratt,3.03,154.3,51,Left Wing,2019
Colin White,2.62,185.7,71,Center,2019
Nick Ritchie,3.68,220.70000000000002,60,Left Wing,2019
Taro Hirose,3.29,32.900000000000006,10,Left Wing,2019
Brad Richardson,3.22,212.6,66,Right Wing,2019
Ashton Sautner,1.34,22.8,17,Defense,2019
Cedric Paquette,2.88,230.60000000000002,80,Center,2019
Anders Nilsson,5.66,192.34,34,Goalie,2019
William Carrier,2.73,147.3,54,Left Wing,2019
Travis Hamonic,3.54,244.2,69,Defense,2019
Derek Ryan,2.61,211.49999999999997,81,Center,2019
Ryan Kuffner,0.13,1.3,10,Left Wing,2019
Austin Watson,4.06,150.2,37,Left Wing,2019
Miles Wood,2.85,179.7,63,Left Wing,2019
Andy Greene,3.13,256.7,82,Defense,2019
Filip Chytil,1.6,120.2,75,Center,2019
Richard Panik,3.02,226.29999999999998,75,Right Wing,2019
Ben Hutton,2.62,180.7,69,Defense,2019
Robert Thomas,2.19,153.1,70,Center,2019
Colton Sissons,3.08,231.3,75,Center,2019
Joonas Korpisalo,5.93,124.47999999999999,21,Goalie,2019
Daniel Sprong,1.97,124.0,63,Right Wing,2019
Antoine Roussel,3.25,211.3,65,Left Wing,2019
Garret Sparks,6.09,103.48,17,Goalie,2019
Brady Keeper,2.3,2.3,1,Defense,2019
Rem Pitlick,0.6,0.6,1,Center,2019
Michael Grabner,2.71,111.30000000000001,41,Right Wing,2019
Matt Puempel,1.29,10.3,8,Left Wing,2019
Oskar Lindblom,2.46,199.3,81,Left Wing,2019
Ryan Kesler,1.7,102.3,60,Center,2019
Niklas Kronwall,2.76,217.9,79,Defense,2019
Nikolay Goldobin,2.17,136.4,63,Right Wing,2019
Filip Hronek,3.4,156.39999999999998,46,Defense,2019
Brenden Dillon,2.96,243.1,82,Defense,2019
Jordan Martinook,2.83,232.3,82,Left Wing,2019
Alex Iafallo,2.42,198.29999999999998,82,Center,2019
Henrik Zetterberg,0,0,0,Center,2019
Cody Ceci,3.13,231.3,74,Defense,2019
Matt Martin,2.77,185.8,67,Left Wing,2019
Libor Hajek,2.56,12.8,5,Defense,2019
Troy Terry,2.31,73.8,32,Center,2019
Justin Abdelkader,2.23,158.4,71,Left Wing,2019
Kyle Clifford,2.5,180.3,72,Left Wing,2019
Sven Baertschi,2.93,76.3,26,Left Wing,2019
Marcus Johansson,2.56,148.3,58,Left Wing,2019
Kris Russell,2.99,215.1,72,Defense,2019
Mattias Janmark,1.72,139.10000000000002,81,Center,2019
Chris Wagner,2.74,208.39999999999998,76,Right Wing,2019
Marcus Pettersson,2.98,250.5,84,Defense,2019
Zack MacEwen,0.65,2.6,4,Center,2019
Markus Granlund,1.8,138.89999999999998,77,Center,2019
Brian Boyle,2.97,216.5,73,Center,2019
Dominik Kahun,2.27,186.10000000000002,82,Center,2019
Valtteri Filppula,2.46,177.0,72,Center,2019
Andrew Cogliano,1.61,125.19999999999999,78,Center,2019
Mark Borowiecki,2.97,157.6,53,Defense,2019
Pontus Aberg,2.22,131.2,59,Left Wing,2019
Andre Burakovsky,1.9,144.2,76,Left Wing,2019
Carl Hagelin,2.22,129.0,58,Left Wing,2019
Garnet Hathaway,2.67,203.2,76,Right Wing,2019
Jonathan Bernier,5.26,157.94,30,Goalie,2019
Jordie Benn,2.97,240.5,81,Defense,2019
Christian Dvorak,1.9,37.9,20,Left Wing,2019
Adin Hill,6.44,70.8,11,Goalie,2019
Thatcher Demko,7.11,56.86,8,Goalie,2019
Rick Nash,0,0,0,Left Wing,2019
Deryk Engelland,2.7,199.9,74,Defense,2019
Devon Toews,2.75,132.10000000000002,48,Defense,2019
Chase De Leo,2.1,2.1,1,Center,2019
Cameron Gaunce,3.6,7.2,2,Defense,2019
Sam Bennett,2.84,201.7,71,Center,2019
Dylan McIlrath,1.94,13.600000000000001,7,Defense,2019
Filip Chlapik,1.46,7.3,5,Center,2019
Brendan Lemieux,2.7,170.0,63,Left Wing,2019
Calle Jarnkrok,2.17,171.10000000000002,79,Center,2019
Brett Kulak,3.26,185.8,57,Defense,2019
Jesse Puljujarvi,1.32,60.7,46,Right Wing,2019
Matt Grzelcyk,2.66,175.7,66,Defense,2019
Danny DeKeyser,3.54,184.2,52,Defense,2019
Justin Braun,2.32,181.3,78,Defense,2019
Erik Gudbranson,2.2,167.1,76,Defense,2019
Jordan Oesterle,2.83,200.9,71,Defense,2019
Eric Tangradi,1.22,7.3,6,Left Wing,2019
Adrian Kempe,2.09,168.9,81,Right Wing,2019
Loui Eriksson,1.69,136.9,81,Left Wing,2019
Collin Delia,7.21,100.9,14,Goalie,2019
Alex Biega,3.51,144.1,41,Defense,2019
Cale Makar,0,0,0,Defense,2019
Michal Neuvirth,2.29,13.759999999999998,6,Goalie,2019
Mackenzie Weegar,2.95,189.1,64,Defense,2019
Roman Polak,2.76,212.4,77,Defense,2019
Zach Aston-Reese,3.67,157.9,43,Center,2019
Markus Nutivaara,2.11,169.1,80,Defense,2019
Max Comtois,4.05,40.5,10,Left Wing,2019
Dan Girardi,3.13,193.89999999999998,62,Defense,2019
Brett Howden,1.89,124.7,66,Center,2019
Brad Hunt,2.45,102.80000000000001,42,Defense,2019
Alexander Nylander,1.43,17.2,12,Left Wing,2019
Brandon Carlo,2.63,189.5,72,Defense,2019
Tyson Jost,2.26,158.4,70,Center,2019
Ryan Hartman,2.36,195.79999999999998,83,Right Wing,2019
Michael Del Zotto,2.75,115.6,42,Defense,2019
Cal Clutterbuck,2.85,207.9,73,Right Wing,2019
Alex Stalock,5.43,86.84,16,Goalie,2019
Kailer Yamamoto,0.98,16.6,17,Right Wing,2019
Joel Edmundson,2.93,187.20000000000002,64,Defense,2019
Scott Laughton,2.57,210.7,82,Center,2019
Charles Hudon,1.62,51.7,32,Left Wing,2019
Scott Darling,4.04,32.32,8,Goalie,2019
Brandon Dubinsky,1.89,115.5,61,Center,2019
Jay Bouwmeester,2.3,179.2,78,Defense,2019
Mikkel Boedker,2.13,151.1,71,Left Wing,2019
Jonas Brodin,2.25,184.5,82,Defense,2019
Leo Komarov,2.57,211.1,82,Left Wing,2019
Joel Armia,3.2,182.4,57,Right Wing,2019
Jack Roslovic,1.79,138.1,77,Center,2019
Travis Dermott,2.37,151.7,64,Defense,2019
Niklas Hjalmarsson,2.24,183.60000000000002,82,Defense,2019
Drake Caggiula,2.95,162.10000000000002,55,Left Wing,2019
Tyler Ennis,2.31,118.0,51,Center,2019
Connor Brown,2.0,164.3,82,Right Wing,2019
Owen Tippett,0,0,0,Right Wing,2019
Victor Rask,1.23,60.4,49,Center,2019
Zach Bogosian,3.01,195.6,65,Defense,2019
Drake Batherson,2.83,56.5,20,Center,2019
Marcus Sorensen,2.39,190.8,80,Right Wing,2019
Zack Smith,2.77,193.8,70,Center,2019
Stefan Noesen,1.66,68.2,41,Right Wing,2019
Daniel Sedin,0,0,0,Left Wing,2019
Henrik Borgstrom,1.63,81.3,50,Center,2019
Colin Wilson,2.42,157.2,65,Left Wing,2019
Pavel Zacha,2.62,159.7,61,Center,2019
Antti Niemi,5.48,93.16,17,Goalie,2019
Mark Jankowski,2.51,198.4,79,Center,2019
Josh Leivo,2.23,169.5,76,Left Wing,2019
Troy Stecher,2.76,214.9,78,Defense,2019
Dan Hamhuis,1.34,76.1,57,Defense,2019
Mathieu Joseph,2.48,173.5,70,Right Wing,2019
Erik Brannstrom,0.4,0.8,2,Defense,2019
Devante Smith-Pelly,1.48,79.9,54,Right Wing,2019
Trevor Daley,1.79,78.7,44,Defense,2019
Matt Cullen,1.85,131.7,71,Center,2019
Will Borgen,0.12,0.5,4,Defense,2019
Josh Jacobs,0.3,0.29999999999999993,1,Defense,2019
Josh Teves,1.3,1.2999999999999998,1,Defense,2019
Braydon Coburn,2.6,192.60000000000002,74,Defense,2019
Evan Bouchard,1.49,10.4,7,Defense,2019
Luke Schenn,2.3,59.8,26,Defense,2019
Jean-Gabriel Pageau,2.22,86.7,39,Center,2019
Adam Pelech,3.11,242.9,78,Defense,2019
Rasmus Andersson,2.34,185.0,79,Defense,2019
Brandon Gignac,-1.3,-1.3,1,Center,2019
Colton White,0.13,0.4,3,Defense,2019
Devin Shore,2.42,184.0,76,Center,2019
Jaromir Jagr,0,0,0,Right Wing,2019
Valeri Nichushkin,1.34,76.3,57,Right Wing,2019
Sebastian Aho,5.68,465.40000000000003,82,Right Wing,2019
Ryan Poehling,25.9,25.9,1,Center,2019
Kari Lehtonen,0,0,0,Goalie,2019
Warren Foegele,1.5,115.5,77,Left Wing,2019
Noel Acciari,2.29,165.2,72,Center,2019
Blake Comeau,2.23,171.4,77,Left Wing,2019
Marc Staal,2.03,160.10000000000002,79,Defense,2019
Jake McCabe,2.76,162.7,59,Defense,2019
Martin Necas,1.53,10.700000000000001,7,Center,2019
Lucas Wallmark,2.25,182.6,81,Center,2019
Jordan Greenway,1.72,139.6,81,Left Wing,2019
Francois Beauchemin,0,0,0,Defense,2019
Carter Rowney,2.5,155.1,62,Right Wing,2019
Marcus Foligno,2.25,184.5,82,Left Wing,2019
Robby Fabbri,1.26,40.4,32,Center,2019
Henrik Sedin,0,0,0,Center,2019
Joel Eriksson Ek,2.06,119.30000000000001,58,Center,2019
Dominik Simon,2.42,171.8,71,Center,2019
Andrew Ladd,2.6,67.69999999999999,26,Left Wing,2019
Teddy Blueger,3.02,84.7,28,Center,2019
Brendan Gaunce,5.2,15.6,3,Center,2019
Pierre-Edouard Bellemare,1.7,129.2,76,Right Wing,2019
Mike Fisher,0,0,0,Center,2019
Kenny Agostino,2.51,158.4,63,Left Wing,2019
Trevor van Riemsdyk,1.72,134.0,78,Defense,2019
Ilya Samsonov,0,0,0,Goalie,2019
Ivan Barbashev,2.04,163.4,80,Left Wing,2019
Adam McQuaid,2.7,134.8,50,Defense,2019
Evan Rodrigues,2.3,170.5,74,Right Wing,2019
Connor Carrick,2.22,75.6,34,Defense,2019
Jesper Fast,2.26,149.3,66,Right Wing,2019
Adam Boqvist,0,0,0,Defense,2019
Derek Forbort,2.19,177.6,81,Defense,2019
Victor Mete,1.94,137.6,71,Defense,2019
Troy Brouwer,2.35,176.4,75,Right Wing,2019
Cody Glass,0,0,0,Center,2019
Marian Gaborik,0,0,0,Right Wing,2019
Ryan Callahan,2.51,130.60000000000002,52,Right Wing,2019
Tyler Lewington,8.2,16.4,2,Defense,2019
Dennis Seidenberg,0,0,0,Defense,2019
Luke Kunin,2.31,113.3,49,Center,2019
Oskar Sundqvist,2.56,189.5,74,Center,2019
Nick Jensen,2.38,190.2,80,Defense,2019
Chris Kunitz,1.39,77.7,56,Left Wing,2019
Scott Hartnell,0,0,0,Left Wing,2019
Anthony Stolarz,6.72,80.66,12,Goalie,2019
Matthew Benning,2.55,178.4,70,Defense,2019
Valentin Zykov,1.15,32.2,28,Left Wing,2019
Cal Pickard,4.41,52.92,12,Goalie,2019
Jay Beagle,1.73,98.5,57,Center,2019
Tristan Jarry,3.55,7.1,2,Goalie,2019
Patrick Sharp,0,0,0,Left Wing,2019
Al Montoya,0,0,0,Goalie,2019
Lias Andersson,1.16,48.9,42,Center,2019
Ryan Spooner,0.96,49.7,52,Center,2019
Jordan Kyrou,0.97,15.499999999999998,16,Center,2019
Cal Petersen,7.72,77.16,10,Goalie,2019
Nick Holden,2.64,160.8,61,Defense,2019
Karl Alzner,1.79,16.1,9,Defense,2019
Matt Calvert,2.34,192.10000000000002,82,Left Wing,2019
Radim Vrbata,0,0,0,Right Wing,2019
Jason Chimera,0,0,0,Left Wing,2019
Michael Cammalleri,0,0,0,Left Wing,2019
Ken Appleby,0,0,0,Goalie,2019
Johan Larsson,1.72,125.5,73,Left Wing,2019
Chad Johnson,2.87,31.540000000000006,11,Goalie,2019
Sam Gagner,2.18,69.60000000000001,32,Center,2019
Madison Bowey,2.37,118.5,50,Defense,2019
Alexander Alexeyev,0,0,0,Defense,2019
Christian Fischer,1.97,140.0,71,Right Wing,2019
Patrik Nemeth,2.46,181.9,74,Defense,2019
Matt Bartkowski,4.1,8.2,2,Defense,2019
Oliver Wahlstrom,0,0,0,Right Wing,2019
Tyler Motte,2.21,163.8,74,Center,2019
Vitali Kravtsov,0,0,0,Defense,2019
Anders Bjork,1.09,21.9,20,Left Wing,2019
Nathan Beaulieu,2.52,121.2,48,Defense,2019
Zach Sanford,2.23,134.1,60,Left Wing,2019
Paul Martin,0,0,0,Defense,2019
Christian Wolanin,2.94,88.3,30,Defense,2019
Brock McGinn,2.34,191.7,82,Left Wing,2019
Evgeny Svechnikov,0,0,0,Left Wing,2019
Brian Gionta,0,0,0,Right Wing,2019
Josh Ho-Sang,1.43,14.3,10,Right Wing,2019
Sean Kuraly,2.46,174.4,71,Center,2019
Joel Ward,0,0,0,Right Wing,2019
Kirill Kaprizov,0,0,0,Left Wing,2019
Tomas Plekanec,2.13,6.3999999999999995,3,Center,2019
Chris Tanev,2.51,138.3,55,Defense,2019
Eric Fehr,1.45,104.4,72,Right Wing,2019
Derek MacKenzie,0.0,0.0,1,Center,2019
Kevan Miller,2.93,114.3,39,Defense,2019
Christian Djoos,1.72,77.2,45,Defense,2019
Morgan Frost,0,0,0,Center,2019
Juuso Valimaki,2.04,49.0,24,Defense,2019
Gabriel Vilardi,0,0,0,Center,2019
Josh Gorges,0,0,0,Defense,2019
Kristian Vesalainen,0.8,4.0,5,Left Wing,2019
Jason Dickinson,2.47,165.5,67,Center,2019
Noah Juulsen,3.32,69.7,21,Defense,2019
Kyle Brodziak,1.42,99.3,70,Center,2019
Sven Andrighetto,1.83,116.9,64,Right Wing,2019
Tage Thompson,1.15,74.9,65,Center,2019
Brandon Sutter,1.61,41.8,26,Center,2019
Antoine Vermette,0,0,0,Center,2019
Patrick Eaves,0.44,3.1000000000000005,7,Right Wing,2019
Chris Kelly,0,0,0,Center,2019
Noah Dobson,0,0,0,Defense,2019
Barclay Goodrow,2.15,176.1,82,Left Wing,2019
Nicholas Suzuki,0,0,0,Center,2019
Oscar Dansk,0,0,0,Goalie,2019
Alex Petrovic,2.04,71.5,35,Defense,2019
Jamie McGinn,2.16,41.1,19,Left Wing,2019
Ales Hemsky,0,0,0,Right Wing,2019
Anton Forsberg,0,0,0,Goalie,2019
Michael Hutchinson,5.21,41.64,8,Goalie,2019
Korbinian Holzer,2.94,64.7,22,Defense,2019
Nate Thompson,1.42,110.4,78,Center,2019
Josh Archibald,2.54,172.7,68,Right Wing,2019
Scott Wedgewood,0,0,0,Goalie,2019
Jason Demers,2.7,94.4,35,Defense,2019
Barrett Hayton,0,0,0,Center,2019
Reto Berra,0,0,0,Goalie,2019
Eddie Pasquale,6.27,18.8,3,Goalie,2019
Brian Gibbons,1.6,102.5,64,Center,2019
Ethan Bear,0,0,0,Defense,2019
Julius Honka,1.55,44.900000000000006,29,Defense,2019
Christian Folin,2.76,124.0,45,Defense,2019
Kevin Bieksa,0,0,0,Defense,2019
Tim Heed,2.69,99.5,37,Defense,2019
Marc Methot,0.99,8.9,9,Defense,2019
Jeff Glass,0,0,0,Goalie,2019
Mike Condon,-1.48,-2.96,2,Goalie,2019
Jake Bean,0.55,1.1,2,Defense,2019
Dante Fabbro,2.23,8.9,4,Defense,2019
Kieffer Bellows,0,0,0,Left Wing,2019
Austin Czarnik,1.79,96.9,54,Center,2019
Brendan Smith,2.21,139.5,63,Defense,2019
Thomas Hickey,2.25,89.8,40,Defense,2019
Peter Cehlarik,2.04,40.8,20,Left Wing,2019
Olli Juolevi,0,0,0,Defense,2019
Scottie Upshall,0,0,0,Left Wing,2019
Patrik Berglund,1.36,31.3,23,Center,2019
Dylan Sikura,1.19,36.800000000000004,31,Center,2019
Johnny Oduya,0,0,0,Defense,2019
Charlie Lindgren,10.68,10.68,1,Goalie,2019
Dennis Wideman,0,0,0,Defense,2019
Timothy Liljegren,0,0,0,Defense,2019
Nick Cousins,2.3,186.3,81,Center,2019
Marco Scandella,2.0,125.8,63,Defense,2019
Alex Nedeljkovic,9.28,9.280000000000001,1,Goalie,2019
Kyle Quincey,0,0,0,Defense,2019
Chris Thorburn,0.3,0.3,1,Right Wing,2019
Andrew Copp,2.43,167.5,69,Center,2019
Stephen Johns,0,0,0,Defense,2019
Vladimir Sobotka,1.29,89.1,69,Center,2019
Tobias Rieder,1.37,91.5,67,Center,2019
Logan Brown,-0.55,-1.1,2,Center,2019
Jordan Weal,1.84,115.80000000000001,63,Center,2019
Kurtis Gabriel,2.8,61.5,22,Right Wing,2019
Melker Karlsson,1.57,124.19999999999999,79,Right Wing,2019
Riley Sheahan,1.64,134.7,82,Center,2019
Riley Nash,1.24,96.6,78,Center,2019
Andrej Sekera,1.81,43.5,24,Defense,2019
Martin Hanzal,2.17,15.2,7,Center,2019
Matt Stajan,0,0,0,Center,2019
Jake Oettinger,0,0,0,Goalie,2019
Jon Merrill,2.98,169.60000000000002,57,Defense,2019
Eric Comrie,-0.94,-0.9400000000000004,1,Goalie,2019
Darren Helm,1.83,111.4,61,Center,2019
Joe Veleno,0,0,0,Center,2019
Zemgus Girgensons,1.76,126.4,72,Center,2019
Ville Husso,0,0,0,Goalie,2019
Derrick Pouliot,2.13,131.9,62,Defense,2019
Vitaly Abramov,-2.5,-2.5,1,Right Wing,2019
Ondrej Pavelec,0,0,0,Goalie,2019
Carl Gunnarsson,2.75,68.8,25,Defense,2019
Haydn Fleury,1.5,30.0,20,Defense,2019
Philippe Myers,1.15,24.2,21,Defense,2019
Chris Wideman,2.19,54.8,25,Defense,2019
Dominic Moore,0,0,0,Center,2019
Robert Bortuzzo,2.48,146.6,59,Defense,2019
Brooks Laich,0,0,0,Center,2019
Joel Farabee,0,0,0,Left Wing,2019
Alex Burrows,0,0,0,Right Wing,2019
Greg Pateryn,1.91,152.5,80,Defense,2019
Andrew Mangiapane,2.2,97.0,44,Left Wing,2019
Ryan Carpenter,1.87,127.1,68,Center,2019
Cody McLeod,1.42,54.1,38,Left Wing,2019
Jonathan Ericsson,1.76,91.5,52,Defense,2019
Juuso Riikola,2.34,86.4,37,Defense,2019
Denis Malgin,1.73,86.4,50,Center,2019
Jujhar Khaira,2.15,129.1,60,Left Wing,2019
Adam Erne,2.63,170.7,65,Left Wing,2019
Lee Stempniak,-0.2,-0.4,2,Right Wing,2019
Nic Dowd,2.38,152.0,64,Center,2019
Jussi Jokinen,0,0,0,Left Wing,2019
Kevin Boyle,6.09,24.38,4,Goalie,2019
Christopher Gibson,0,0,0,Goalie,2019
Adam Gaudette,1.34,75.3,56,Center,2019
Nail Yakupov,0,0,0,Right Wing,2019
Mark Streit,0,0,0,Defense,2019
Ben Lovejoy,2.1,148.9,71,Defense,2019
Justin Bailey,0.89,9.799999999999999,11,Right Wing,2019
Steve Mason,0,0,0,Goalie,2019
Dylan Ferguson,0,0,0,Goalie,2019
Dmitry Kulikov,1.96,112.0,57,Defense,2019
Trevor Lewis,1.81,79.5,44,Center,2019
Andrew MacDonald,2.24,105.1,47,Defense,2019
Steve Bernier,0,0,0,Right Wing,2019
Grigori Denisenko,0,0,0,Left Wing,2019
Ty Smith,0,0,0,Defense,2019
Gustav Forsling,1.88,80.8,43,Defense,2019
Drew Stafford,1.51,85.8,57,Right Wing,2019
Daniel Winnik,0,0,0,Left Wing,2019
Vladislav Kamenev,1.54,35.4,23,Left Wing,2019
Yannick Weber,1.53,95.0,62,Defense,2019
J.T. Brown,1.51,84.60000000000001,56,Right Wing,2019
Oscar Lindberg,2.65,145.8,55,Center,2019
Danny Taylor,0,0,0,Goalie,2019
Ilya Lyubushkin,2.24,91.8,41,Defense,2019
Matt Roy,2.56,64.1,25,Left Wing,2019
Lawrence Pilut,1.6,52.9,33,Defense,2019
Rasmus Sandin,0,0,0,Defense,2019
Benoit Pouliot,0,0,0,Left Wing,2019
Sonny Milano,0.81,6.5,8,Left Wing,2019
Michael McLeod,1.11,23.4,21,Center,2019
Kevin Connauton,2.53,126.5,50,Defense,2019
Jan Rutta,1.98,73.39999999999999,37,Defense,2019
Micheal Haley,1.82,78.1,43,Center,2019
Jon Gillies,0,0,0,Goalie,2019
Jean-Francois Berube,0,0,0,Goalie,2019
Michael Stone,2.96,41.5,14,Defense,2019
Austin Wagner,2.3,142.3,62,Left Wing,2019
Urho Vaakanainen,-0.3,-0.6,2,Defense,2019
Mirco Mueller,2.04,107.9,53,Defense,2019
Calle Rosen,1.07,4.3,4,Defense,2019
Aleksi Heponiemi,0,0,0,Center,2019
Dale Weise,1.73,88.2,51,Right Wing,2019
Martin Frk,1.04,31.3,30,Right Wing,2019
Paul LaDue,1.85,61.0,33,Defense,2019
Michael Dal Colle,1.55,43.400000000000006,28,Left Wing,2019
Zac Dalpe,4.2,4.2,1,Center,2019
Connor Timmins,0,0,0,Defense,2019
Andreas Borgman,0,0,0,Defense,2019
Victor Antipin,0,0,0,Defense,2019
Andy Welinski,1.69,43.9,26,Defense,2019
Radim Simek,2.26,92.7,41,Defense,2019
Sammy Blais,1.69,54.1,32,Left Wing,2019
Tomas Nosek,1.7,115.6,68,Center,2019
Michael Raffl,1.92,128.89999999999998,67,Left Wing,2019
Brendan Leipsic,2.03,125.9,62,Left Wing,2019
Alex Lyon,-1.5,-1.5,1,Goalie,2019
Matt Irwin,2.23,97.9,44,Defense,2019
Tommy Wingels,0,0,0,Right Wing,2019
Magnus Paajarvi,1.73,138.6,80,Left Wing,2019
Tyler Pitlick,2.2,103.19999999999999,47,Right Wing,2019
Nikita Scherbak,0.78,6.2,8,Left Wing,2019
Sami Niku,1.31,39.4,30,Defense,2019
Yohann Auvitu,0,0,0,Defense,2019
Ryan Merkley,0,0,0,Defense,2019
Mark Barberio,1.11,13.3,12,Defense,2019
Mark Pysyk,2.16,151.0,70,Defense,2019
Luke Witkowski,1.36,46.3,34,Defense,2019
Chandler Stephenson,0.99,63.1,64,Center,2019
Eddie Lack,0,0,0,Goalie,2019
Michael Amadio,1.5,64.5,43,Center,2019
Klim Kostin,0,0,0,Left Wing,2019
Travis Boyd,1.85,98.2,53,Center,2019
Jean-Sebastien Dea,1.89,43.5,23,Center,2019
Brandon Manning,1.44,56.0,39,Defense,2019
Darren Archibald,1.22,14.6,12,Left Wing,2019
Chris Butler,2.12,27.6,13,Defense,2019
Zac Rinaldo,1.67,38.3,23,Left Wing,2019
Gabriel Carlsson,-0.2,-0.2,1,Defense,2019
Adam Cracknell,0.7,1.4,2,Right Wing,2019
Andrew Hammond,0,0,0,Goalie,2019
Dillon Dube,1.14,28.400000000000002,25,Center,2019
Matt Nieto,2.04,130.60000000000002,64,Left Wing,2019
Marcus Kruger,1.33,98.1,74,Center,2019
Par Lindholm,1.67,108.3,65,Center,2019
Jesse Ylonen,0,0,0,Right Wing,2019
Alex Formenton,1.53,13.8,9,Left Wing,2019
Mark Alt,0.7,1.4,2,Defense,2019
Nick Merkley,0,0,0,Right Wing,2019
Matt Luff,2.18,67.5,31,Right Wing,2019
Joakim Nordstrom,1.75,122.3,70,Center,2019
Jakob Forsbacka Karlsson,1.64,46.00000000000001,28,Center,2019
Johan Franzen,0,0,0,Right Wing,2019
Maxime Lagace,0.94,0.9400000000000004,1,Goalie,2019
Joakim Ryan,1.61,70.9,44,Defense,2019
Isac Lundestrom,0.79,11.899999999999999,15,Center,2019
Matt Moulson,0,0,0,Left Wing,2019
Taylor Raddysh,0,0,0,Right Wing,2019
Kiefer Sherwood,1.83,91.6,50,Right Wing,2019
Samuel Morin,1.08,5.3999999999999995,5,Defense,2019
Chris Stewart,0,0,0,Right Wing,2019
Kris Versteeg,0,0,0,Right Wing,2019
Steven Kampfer,1.95,68.3,35,Defense,2019
Scott Harrington,2.14,156.1,73,Defense,2019
Frederik Gauthier,1.49,104.2,70,Left Wing,2019
Joey Anderson,1.52,51.7,34,Right Wing,2019
Carl Dahlstrom,1.91,72.6,38,Defense,2019
Nicolas Beaudin,0,0,0,Defense,2019
Ty Dellandrea,0,0,0,Center,2019
Slater Koekkoek,2.63,81.6,31,Defense,2019
Vinni Lettieri,1.35,36.5,27,Center,2019
David Booth,0,0,0,Right Wing,2019
Zach Senyshyn,2.55,5.1,2,Right Wing,2019
Michael DiPietro,-4.26,-4.26,1,Goalie,2019
Kale Clague,0,0,0,Defense,2019
Tanner Glass,0,0,0,Left Wing,2019
David Kampf,1.59,100.30000000000001,63,Right Wing,2019
Martin Kaut,0,0,0,Right Wing,2019
Dominik Bokk,0,0,0,Right Wing,2019
Fredrik Claesson,2.21,81.8,37,Defense,2019
Igor Ozhiganov,1.6,84.89999999999999,53,Defense,2019
Matt Beleskey,2.42,9.7,4,Left Wing,2019
Mikhail Vorobyev,0.52,7.300000000000001,14,Center,2019
Michael Blunden,0,0,0,Right Wing,2019
Derek Grant,1.86,104.1,56,Center,2019
Dmitrij Jaskin,1.77,65.5,37,Right Wing,2019
Jack Hughes,0,0,0,Center,2019
Anthony Bitetto,1.57,56.6,36,Defense,2019
Cody Franson,0,0,0,Defense,2019
Matthew Peca,1.27,49.6,39,Center,2019
Luca Sbisa,1.64,14.8,9,Defense,2019
Alexandre Texier,4.65,9.299999999999999,2,Center,2019
Rasmus Kupari,0,0,0,Center,2019
Max Jones,1.53,45.8,30,Left Wing,2019
Gabriel Bourque,1.74,95.8,55,Left Wing,2019
Jannik Hansen,0,0,0,Right Wing,2019
Ben Harpur,1.88,96.0,51,Defense,2019
Jacob Bernard-Docker,0,0,0,Defense,2019
Connor Clifton,1.92,36.4,19,Defense,2019
Kevin Rooney,2.01,82.39999999999999,41,Center,2019
Scott Wilson,1.13,16.9,15,Center,2019
Steven Santini,1.78,69.5,39,Defense,2019
Joe Morrow,1.77,72.6,41,Defense,2019
Alexei Emelin,0,0,0,Defense,2019
Antti Suomela,1.71,46.1,27,Center,2019
Brendan Guhle,1.55,12.4,8,Defense,2019
K'Andre Miller,0,0,0,Defense,2019
Nils Lundkvist,0,0,0,Defense,2019
Andy Andreoff,0,0,0,Center,2019
Brett Ritchie,1.73,91.79999999999998,53,Right Wing,2019
Nicolas Deslauriers,1.58,75.7,48,Left Wing,2019
Mike McKenna,4.58,32.04,7,Goalie,2019
Nick Seeler,1.99,141.0,71,Defense,2019
Jacob Larsson,1.51,74.0,49,Defense,2019
Beau Bennett,0,0,0,Right Wing,2019
Jake Dotchin,1.96,39.3,20,Defense,2019
Gemel Smith,0.89,15.200000000000001,17,Center,2019
Colby Cave,1.33,70.30000000000001,53,Center,2019
Rudolfs Balcers,2.18,78.5,36,Left Wing,2019
Marek Langhamer,0,0,0,Goalie,2019
Toby Enstrom,0,0,0,Defense,2019
Gavin Bayreuther,2.52,47.8,19,Defense,2019
Jared Boll,0,0,0,Right Wing,2019
Derek Dorsett,0,0,0,Right Wing,2019
Lukas Radil,2.0,72.0,36,Left Wing,2019
Denis Gurianov,1.31,27.5,21,Right Wing,2019
Nic Petan,0.68,12.2,18,Center,2019
Nicolas Aube-Kubel,0.62,5.6,9,Right Wing,2019
Tom Kuhnhackl,2.16,77.9,36,Right Wing,2019
Taylor Fedun,2.06,111.10000000000001,54,Defense,2019
Liam Foudy,0,0,0,Center,2019
Colton Sceviour,2.25,132.9,59,Center,2019
Josh Currie,2.08,43.6,21,Right Wing,2019
Joe Hicketts,1.16,12.8,11,Defense,2019
Jayce Hawryluk,2.17,91.1,42,Center,2019
Jori Lehtera,1.06,28.5,27,Center,2019
Harri Sateri,0,0,0,Goalie,2019
Brandon Halverson,0,0,0,Goalie,2019
Jake Bischoff,0,0,0,Defense,2019
Oscar Fantenberg,1.71,104.4,61,Defense,2019
Jaret Anderson-Dolan,0.94,4.7,5,Center,2019
Jonny Brodzinski,1.95,25.4,13,Center,2019
Casey Nelson,1.8,68.5,38,Defense,2019
Christian Jaros,2.05,125.1,61,Defense,2019
Jonatan Berggren,0,0,0,Right Wing,2019
Tom Pyatt,0.65,23.9,37,Center,2019
Mark Letestu,0.05,0.09999999999999987,2,Center,2019
Nathan Walker,2.17,6.5,3,Center,2019
John Hayden,1.17,63.099999999999994,54,Right Wing,2019
Vadim Shipachyov,0,0,0,Left Wing,2019
Dean Kukan,1.85,46.3,25,Defense,2019
Chris Bigras,0,0,0,Defense,2019
Jakub Zboril,0.55,1.0999999999999999,2,Defense,2019
John Gilmour,1.48,7.4,5,Defense,2019
Taylor Leier,0,0,0,Left Wing,2019
Jacob De La Rose,1.15,68.89999999999999,60,Left Wing,2019
Jacob MacDonald,3.5,7.0,2,Defense,2019
Niklas Svedberg,0,0,0,Goalie,2019
Jared Coreau,0,0,0,Goalie,2019
Shawn Matthias,0,0,0,Center,2019
Xavier Ouellet,2.31,43.9,19,Defense,2019
Martin Marincin,1.84,44.2,24,Defense,2019
Saku Maenalanen,1.76,59.7,34,Right Wing,2019
Daniel Carr,1.57,9.4,6,Left Wing,2019
Tyrell Goulbourne,1.2,2.4,2,Left Wing,2019
Kaapo Kakko,0,0,0,Right Wing,2019
Patrick Wiercioch,0,0,0,Defense,2019
Daniel Brickley,1.48,5.9,4,Defense,2019
Jordan Schmaltz,0.89,17.8,20,Defense,2019
Alexander Burmistrov,0,0,0,Center,2019
Mario Kempe,1.91,99.3,52,Right Wing,2019
Lance Bouma,0,0,0,Center,2019
Justin Holl,0.55,6.0,11,Defense,2019
David Schlemko,2.68,48.2,18,Defense,2019
Chad Ruhwedel,1.48,26.6,18,Defense,2019
Frank Corrado,0,0,0,Defense,2019
Nathan Bastian,3.61,25.3,7,Right Wing,2019
Alan Quine,2.25,29.2,13,Center,2019
Joseph Blandisi,0,0,0,Center,2019
Dalton Prout,1.8,36.0,20,Defense,2019
Caleb Jones,2.26,38.5,17,Defense,2019
Ryan Graves,2.61,67.9,26,Defense,2019
Andreas Martinsen,1.91,45.8,24,Center,2019
Miikka Salomaki,1.98,73.2,37,Right Wing,2019
Rocco Grimaldi,1.52,80.8,53,Center,2019
Jeremy Lauzon,1.24,19.8,16,Defense,2019
Trevor Moore,1.63,40.800000000000004,25,Left Wing,2019
Jimmy Hayes,0,0,0,Right Wing,2019
Greg McKegg,1.56,63.8,41,Center,2019
David Desharnais,0,0,0,Center,2019
Tim Schaller,1.52,71.3,47,Left Wing,2019
Matt Read,1.04,12.5,12,Right Wing,2019
Connor Brickley,2.56,35.8,14,Center,2019
John Quenneville,0.96,18.2,19,Center,2019
Pavel Francouz,0,0,0,Goalie,2019
Landon Bow,0,0,0,Goalie,2019
Oliver Kylington,1.84,70.0,38,Defense,2019
Jason Garrison,1.71,29.0,17,Defense,2019
Cal O'Reilly,0,0,0,Center,2019
Torrey Mitchell,0,0,0,Center,2019
Matt Hendricks,1.28,33.3,26,Center,2019
Alexandre Fortin,1.63,35.900000000000006,22,Center,2019
Kole Lind,0,0,0,Right Wing,2019
Marko Dano,1.0,8.0,8,Center,2019
Matt Hunwick,0.75,10.5,14,Defense,2019
Trevor Carrick,1.3,1.3,1,Defense,2019
Boo Nieves,1.37,59.1,43,Center,2019
Phil Di Giuseppe,1.64,39.3,24,Left Wing,2019
Nicholas Baptiste,0,0,0,Right Wing,2019
Tomas Hyka,1.37,23.3,17,Left Wing,2019
Brian Lashoff,1.73,6.9,4,Defense,2019
Vili Saarijarvi,0,0,0,Defense,2019
Dominic Turgeon,-0.05,-0.20000000000000018,4,Center,2019
Serron Noel,0,0,0,Right Wing,2019
Ryan Murphy,2.83,8.5,3,Defense,2019
Kevin Gravel,1.55,55.8,36,Defense,2019
Justin Falk,1.6,15.999999999999998,10,Defense,2019
Karson Kuhlman,2.85,31.400000000000002,11,Center,2019
Garrett Wilson,1.73,86.4,50,Left Wing,2019
Nicolas Roy,0.57,3.4000000000000004,6,Center,2019
Curtis Lazar,-0.5,-0.5,1,Right Wing,2019
Jaycob Megna,1.78,49.9,28,Defense,2019
Ian Mitchell,0,0,0,Defense,2019
Filip Johansson,0,0,0,Defense,2019
Kyle Capobianco,-0.1,-0.20000000000000018,2,Defense,2019
Nikita Soshnikov,0.34,1.7,5,Right Wing,2019
Taylor Chorney,0,0,0,Defense,2019
Danny O'Regan,0,0,0,Center,2019
Lukas Sedlak,1.26,59.3,47,Center,2019
Jakub Jerabek,-1.7,-1.6999999999999997,1,Defense,2019
Nathan Gerbe,0,0,0,Left Wing,2019
Janne Kuokkanen,0.27,1.9000000000000001,7,Left Wing,2019
Michael Chaput,1.43,45.8,32,Center,2019
Ben Street,1.36,28.599999999999998,21,Right Wing,2019
Kerby Rychel,0.3,0.5999999999999999,2,Left Wing,2019
Nico Sturm,1.65,3.3,2,Center,2019
Marek Mazanec,0,0,0,Goalie,2019
Joel Hanley,0.95,15.2,16,Defense,2019
Sean Walker,2.14,83.3,39,Defense,2019
Laurent Dauphin,-0.1,-0.09999999999999998,1,Center,2019
Chris DiDomenico,0,0,0,Center,2019
Reid Boucher,0.3,0.3,1,Center,2019
Dylan Gambrell,0.9,7.2,8,Center,2019
Sam Carrick,1.52,9.1,6,Center,2019
Matt Tennyson,0.2,0.7999999999999998,4,Defense,2019
Bogdan Kiselevich,1.89,60.6,32,Defense,2019
Zach Trotman,2.22,28.9,13,Defense,2019
Ian McCoshen,1.64,31.2,19,Defense,2019
Curtis Valk,0,0,0,Center,2019
Nikolay Kulemin,0,0,0,Left Wing,2019
Dryden Hunt,2.26,70.0,31,Left Wing,2019
Danick Martel,2.08,18.700000000000003,9,Center,2019
Juho Lammikko,1.18,44.800000000000004,38,Right Wing,2019
Jay O'Brien,0,0,0,Center,2019
Nate Prosser,1.01,15.2,15,Defense,2019
Brandon Davidson,1.85,18.5,10,Defense,2019
Remi Elie,0.81,12.9,16,Left Wing,2019
Richard Bachman,-1.94,-1.9400000000000004,1,Goalie,2019
Philip Holm,0,0,0,Defense,2019
Josh Mahura,2.44,41.5,17,Defense,2019
Frederick Gaudreau,0.78,42.7,55,Center,2019
Ryan Lomberg,2.22,8.899999999999999,4,Left Wing,2019
Justin Auger,0,0,0,Right Wing,2019
Tomas Jurco,0,0,0,Right Wing,2019
Stefan Matteau,0,0,0,Center,2019
Andreas Englund,1.3,3.9,3,Defense,2019
Christoph Bertschy,0,0,0,Center,2019
Boris Katchouk,0,0,0,Left Wing,2019
Andrej Sustr,1.48,7.4,5,Defense,2019
Paul Carey,0.46,3.2,7,Center,2019
Adam Clendening,0.85,3.4000000000000004,4,Defense,2019
Jordan Nolan,1.73,24.2,14,Center,2019
Adam Fox,0,0,0,Defense,2019
Mike Liambas,0,0,0,Defense,2019
Dillon Heatherington,2.36,11.8,5,Defense,2019
Teemu Pulkkinen,0,0,0,Left Wing,2019
Curtis McKenzie,0,0,0,Left Wing,2019
Matthew Highmore,0,0,0,Center,2019
Anton Slepyshev,0,0,0,Left Wing,2019
Christoffer Ehn,1.35,81.1,60,Center,2019
Corban Knight,0.92,18.4,20,Center,2019
Cory Conacher,0.8,0.8,1,Left Wing,2019
Maxim Mamin,0.66,4.6,7,Center,2019
Trent Frederic,0.75,11.2,15,Center,2019
Anton Blidh,2.3,2.3,1,Left Wing,2019
Phil Varone,1.01,47.6,47,Center,2019
Jordan Schroeder,0,0,0,Center,2019
Jayson Megna,0,0,0,Right Wing,2019
Andrew Agozzino,1.54,16.9,11,Left Wing,2019
Kurtis MacDermid,1.55,17.1,11,Defense,2019
Mason Appleton,1.79,64.4,36,Center,2019
Joel L'Esperance,1.18,21.200000000000003,18,Center,2019
Victor Ejdsell,0,0,0,Center,2019
Dennis Rasmussen,0,0,0,Left Wing,2019
Will O'Neill,0,0,0,Defense,2019
Klas Dahlbeck,0,0,0,Defense,2019
Aaron Ness,0,0,0,Defense,2019
Jack Rodewald,0.72,4.3,6,Right Wing,2019
Frederik Tiffels,0,0,0,Left Wing,2019
Brett Seney,1.42,72.5,51,Left Wing,2019
Kyle Criscuolo,0,0,0,Center,2019
Michael McCarron,0,0,0,Right Wing,2019
Rinat Valiev,0,0,0,Defense,2019
Ryan Sproul,0,0,0,Defense,2019
Michael Bournival,0,0,0,Left Wing,2019
Dominic Toninato,2.35,4.7,2,Center,2019
Byron Froese,0,0,0,Center,2019
Peter Holland,0,0,0,Center,2019
Jimmy Schuldt,3.7,3.7,1,Defense,2019
Elvis Merzlikins,0,0,0,Goalie,2019
Hunter Miska,0,0,0,Goalie,2019
Marcus Hogberg,2.88,11.54,4,Goalie,2019
Keegan Lowe,0,0,0,Defense,2019
Eric Gelinas,0,0,0,Defense,2019
Andrew Crescenzi,0,0,0,Center,2019
Tanner Kero,0,0,0,Center,2019
A.J. Greer,1.3,19.5,15,Left Wing,2019
Brad Malone,1.05,16.8,16,Center,2019
Nic Kerdiles,0,0,0,Left Wing,2019
Anthony Peluso,0.62,2.5,4,Defense,2019
Hudson Fasching,0,0,0,Right Wing,2019
Landon Ferraro,0,0,0,Center,2019
Tyler Graovac,0,0,0,Center,2019
Jonas Siegenthaler,2.26,58.699999999999996,26,Defense,2019
Erik Burgdoerfer,1.2,4.8,4,Defense,2019
Josh Brown,1.61,59.5,37,Defense,2019
Egor Yakovlev,1.81,45.2,25,Defense,2019
Jim O'Brien,0,0,0,Center,2019
Henrik Haapala,0,0,0,Left Wing,2019
Ross Johnston,2.28,38.699999999999996,17,Left Wing,2019
David Warsofsky,0,0,0,Defense,2019
Nick Paul,0.73,14.600000000000001,20,Left Wing,2019
Shane Prince,0,0,0,Center,2019
Jordan Szwarz,0,0,0,Right Wing,2019
Markus Hannikainen,1.25,54.9,44,Left Wing,2019
Eric Gryba,1.85,18.5,10,Defense,2019
Kevin Roy,0.13,0.4,3,Center,2019
Wade Megan,0.55,6.0,11,Center,2019
Blake Pietila,0.89,17.0,19,Left Wing,2019
Andrei Mironov,0,0,0,Defense,2019
Freddie Hamilton,0,0,0,Center,2019
Joe Gambardella,1.31,19.7,15,Center,2019
Iiro Pakarinen,0,0,0,Right Wing,2019
Rourke Chartier,0.7,9.100000000000001,13,Center,2019
Giovanni Fiore,0,0,0,Left Wing,2019
Sheldon Dries,1.59,63.400000000000006,40,Center,2019
Justin Kloos,1.0,1.0,1,Center,2019
Libor Sulak,1.18,7.1,6,Defense,2019
Mattias Samuelsson,0,0,0,Defense,2019
Paul Postma,0,0,0,Defense,2019
Alex Broadhurst,0,0,0,Center,2019
Max McCormick,0.78,10.9,14,Left Wing,2019
Chasen Balisy,0,0,0,Center,2019
Eric Robinson,0.56,7.299999999999999,13,Left Wing,2019
Josh Jooris,0,0,0,Center,2019
Dakota Mermis,1.0,1.0,1,Defense,2019
Logan Shaw,0,0,0,Right Wing,2019
Jason Robertson,0,0,0,Left Wing,2019
Anton Lindholm,-0.1,-0.19999999999999996,2,Defense,2019
Duncan Siemens,0,0,0,Defense,2019
Cooper Marody,0.03,0.20000000000000018,6,Center,2019
Kalle Kossila,0,0,0,Center,2019
Ryan Lindgren,1.16,5.8,5,Defense,2019
Zach Redmond,0,0,0,Defense,2019
Roland McKeown,0,0,0,Defense,2019
Rob O'Gara,0,0,0,Defense,2019
Brett Lernout,0,0,0,Defense,2019
Tanner Fritz,0.78,4.7,6,Center,2019
Liam O'Brien,0,0,0,Left Wing,2019
Gustav Olofsson,0,0,0,Defense,2019
Seth Griffith,0,0,0,Center,2019
Moritz Seider,0,0,0,Defense,2019
Jacob Middleton,2.7,5.4,2,Defense,2019
Ben Gleason,1.12,4.5,4,Defense,2019
Cameron Schilling,1.95,7.8,4,Defense,2019
Nelson Nogier,0.7,0.7,1,Defense,2019
Guillaume Brisebois,0.17,1.4,8,Defense,2019
Tucker Poolman,0,0,0,Defense,2019
Mackenzie MacEachern,1.56,45.3,29,Left Wing,2019
Justin Dowling,0.69,7.6,11,Center,2019
Kyle Rau,1.42,8.5,6,Center,2019
Logan O'Connor,-0.02,-0.10000000000000009,5,Center,2019
Clark Bishop,1.31,26.2,20,Center,2019
Christian Thomas,0,0,0,Right Wing,2019
Anthony Greco,-2.6,-2.6,1,Right Wing,2019
Daniel Catenacci,0,0,0,Center,2019
C.J. Smith,1.3,14.299999999999999,11,Left Wing,2019
Jacob Josefson,0,0,0,Center,2019
Nick Lappin,0.23,2.5,11,Right Wing,2019
Nick Shore,0,0,0,Center,2019
Gabriel Dumont,0,0,0,Center,2019
Dennis Gilbert,2.9,2.9,1,Defense,2019
Kaden Fulcher,0,0,0,Goalie,2019
Riley Stillman,0,0,0,Defense,2019
Spencer Knight,0,0,0,Goalie,2019
Kaapo Kahkonen,0,0,0,Goalie,2019
Filip Gustavsson,0,0,0,Goalie,2019
Bowen Byram,0,0,0,Defense,2019
Philip Broberg,0,0,0,Defense,2019
Peyton Krebs,0,0,0,Center,2019
Kirby Dach,0,0,0,Center,2019
Ville Heinola,0,0,0,Defense,2019
Brayden Tracey,0,0,0,Left Wing,2019
Philip Tomasino,0,0,0,Center,2019
Louis Belpedio,1.15,2.3,2,Defense,2019
Colin Blackwell,0.85,5.1,6,Center,2019
Michael Bunting,1.58,7.8999999999999995,5,Left Wing,2019
Zack Mitchell,0,0,0,Right Wing,2019
Marek Hrivik,0,0,0,Left Wing,2019
Patrick Russell,0.75,3.0,4,Right Wing,2019
Luke Johnson,1.1,16.5,15,Center,2019
Jacob Nilsson,-0.6,-1.2,2,Center,2019
Patrick Sieloff,0,0,0,Defense,2019
Cody Goloubef,1.52,7.6,5,Defense,2019
Stefan Elliott,2.23,6.699999999999999,3,Defense,2019
Kole Sherwood,1.95,3.9,2,Right Wing,2019
Stephen Gionta,0.4,2.0,5,Right Wing,2019
Steven Fogarty,0.41,4.1,10,Center,2019
Mark Friedman,0,0,0,Defense,2019
Anthony Richard,-0.5,-0.5,1,Center,2019
Jeff Zatkoff,0,0,0,Goalie,2019
Blake Lizotte,-0.3,-0.30000000000000004,1,Center,2019
Tim Gettinger,1.6,6.4,4,Left Wing,2019
Alex Turcotte,0,0,0,Center,2019
Victor Soderstrom,0,0,0,Defense,2019
Vasily Podkolzin,0,0,0,Right Wing,2019
Matthew Boldy,0,0,0,Left Wing,2019
Dylan Cozens,0,0,0,Center,2019
Trevor Zegras,0,0,0,Center,2019
Lassi Thomson,0,0,0,Defense,2019
Thomas Harley,0,0,0,Defense,2019
Samuel Poulin,0,0,0,Right Wing,2019
Cole Caufield,0,0,0,Right Wing,2019
Cam York,0,0,0,Defense,2019
Alex Newhook,0,0,0,Center,2019
Nolan Foote,0,0,0,Left Wing,2019
Jakob Pelletier,0,0,0,Left Wing,2019
Ryan Suzuki,0,0,0,Center,2019
Simon Holmstrom,0,0,0,Right Wing,2019
Tobias Bjornfot,0,0,0,Defense,2019
Connor McMichael,0,0,0,Center,2019
John Beecher,0,0,0,Center,2019
Shane Starrett,0,0,0,Goalie,2019
Kevin Stenlund,0.8,3.2,4,Center,2019
Stuart Skinner,0,0,0,Goalie,2019
Mikhail Grigorenko,0,0,0,Center,2019
Griffin Reinhart,0,0,0,Defense,2019
Erik Condra,1.0,6.0,6,Right Wing,2019
Brogan Rafferty,0.3,0.6000000000000001,2,Defense,2019
Sheldon Rempal,0.01,0.10000000000000009,7,Right Wing,2019
Erik Karlsson,5.83,309.1,53,Defense,2019
Victor Hedman,5.89,412.29999999999995,70,Defense,2019
Evgeny Kuznetsov,4.78,362.90000000000003,76,Center,2019
Mikko Rantanen,6.21,459.5,74,Right Wing,2019
Max Pacioretty,3.68,242.7,66,Left Wing,2019
Matt Murray,7.69,384.3,50,Goalie,2019
Brayden Point,6.34,500.9,79,Center,2019
Pierre-Luc Dubois,4.39,360.0,82,Left Wing,2019
Darnell Nurse,4.55,372.90000000000003,82,Defense,2019
Jacob Markstrom,6.49,389.6,60,Goalie,2019
Brendan Gallagher,4.32,353.90000000000003,82,Right Wing,2019
Craig Anderson,5.57,261.86,47,Goalie,2019
Tyler Johnson,3.58,286.5,80,Center,2019
Boone Jenner,3.71,286.0,77,Right Wing,2019
Michael Frolik,3.3,214.3,65,Right Wing,2019
Johnny Boychuk,3.23,239.1,74,Defense,2019
Jakob Chychrun,3.38,179.0,53,Defense,2019
Frank Vatrano,3.42,276.7,81,Center,2019
Connor Murphy,3.46,180.0,52,Defense,2019
Conor Garland,2.69,126.6,47,Right Wing,2019
Casey Cizikas,3.53,257.7,73,Center,2019
Ben Chiarot,3.28,255.6,78,Defense,2019
Brent Burns,6.99,573.2,82,Defense,2019
Steven Stamkos,6.51,534.0,82,Center,2019
Phil Kessel,4.85,398.0,82,Right Wing,2019
John Gibson,6.71,382.7,57,Goalie,2019
Rickard Rakell,3.75,259.0,69,Center,2019
Jason Zucker,3.38,273.8,81,Left Wing,2019
Logan Couture,4.6,372.90000000000003,81,Center,2019
Alexander Edler,6.13,343.4,56,Defense,2019
Colin Miller,3.8,247.0,65,Defense,2019
Ryan O'Reilly,5.08,416.70000000000005,82,Right Wing,2019
Jimmy Howard,6.13,318.66,52,Goalie,2019
Derek Stepan,3.04,218.7,72,Center,2019
Hampus Lindholm,3.34,253.5,76,Defense,2019
Alec Martinez,3.13,187.9,60,Defense,2019
Petr Mrazek,6.8,271.98,40,Goalie,2019
Brayden McNabb,3.01,243.89999999999998,81,Defense,2019
David Perron,4.52,257.8,57,Left Wing,2019
Gustav Nyquist,3.6,291.7,81,Right Wing,2019
David Backes,2.45,171.6,70,Center,2019
Olli Maatta,2.98,179.0,60,Defense,2019
Kevin Labanc,3.58,293.6,82,Right Wing,2019
Ryan Murray,3.76,210.3,56,Defense,2019
Sidney Crosby,6.6,521.3,79,Center,2019
Jakub Voracek,3.87,302.1,78,Right Wing,2019
Alexander Radulov,6.28,439.5,70,Right Wing,2019
Ryan Ellis,4.14,339.1,82,Defense,2019
Ilya Kovalchuk,2.46,157.6,64,Left Wing,2019
Mark Giordano,7.14,557.3,78,Defense,2019
Henrik Lundqvist,5.71,297.02,52,Goalie,2019
Kyle Palmieri,4.15,306.79999999999995,74,Right Wing,2019
Josh Bailey,3.34,274.2,82,Left Wing,2019
Jacob Trouba,5.14,421.40000000000003,82,Defense,2019
Chris Kreider,4.32,341.0,79,Left Wing,2019
Cam Fowler,3.14,185.2,59,Defense,2019
Craig Smith,3.27,248.6,76,Right Wing,2019
Jonathan Drouin,3.35,271.3,81,Left Wing,2019
Mathieu Perreault,2.5,205.29999999999998,82,Center,2019
Jesperi Kotkaniemi,2.52,198.90000000000003,79,Center,2019
Carl Soderberg,3.79,310.6,82,Center,2019
Aaron Dell,5.87,117.46,20,Goalie,2019
Mike Reilly,2.03,115.9,57,Defense,2019
Bobby Ryan,2.96,230.6,78,Right Wing,2019
Dylan Larkin,5.34,405.9,76,Center,2019
Sean Couturier,5.09,407.3,80,Center,2019
Connor McDavid,6.93,540.7,78,Center,2019
Roman Josi,5.22,428.29999999999995,82,Defense,2019
Connor Hellebuyck,6.95,430.84,62,Goalie,2019
John Klingberg,4.98,318.79999999999995,64,Defense,2019
Mark Scheifele,5.43,444.9,82,Center,2019
Patric Hornqvist,3.89,268.20000000000005,69,Right Wing,2019
Devan Dubnyk,6.02,397.08,66,Goalie,2019
Sean Monahan,5.14,401.1,78,Center,2019
Keith Yandle,5.01,410.90000000000003,82,Defense,2019
Mike Hoffman,4.56,374.20000000000005,82,Left Wing,2019
Cam Atkinson,5.02,401.6,80,Right Wing,2019
Erik Johnson,3.31,264.9,80,Defense,2019
Ondrej Palat,3.16,202.2,64,Left Wing,2019
Mikael Backlund,3.81,293.70000000000005,77,Center,2019
Noah Hanifin,3.3,264.4,80,Defense,2019
Nate Schmidt,4.1,250.4,61,Defense,2019
Alex Killorn,3.26,267.5,82,Left Wing,2019
Nino Niederreiter,3.54,290.5,82,Right Wing,2019
Justin Faulk,4.22,345.8,82,Defense,2019
Nazem Kadri,3.62,264.20000000000005,73,Center,2019
Vinnie Hinostroza,3.15,226.79999999999998,72,Center,2019
Pheonix Copley,7.48,179.44,24,Goalie,2019
Blake Wheeler,5.85,479.5,82,Right Wing,2019
Claude Giroux,4.87,399.4,82,Center,2019
Kris Letang,6.71,436.40000000000003,65,Defense,2019
Jonathan Quick,4.58,210.60000000000002,46,Goalie,2019
Brayden Schenn,4.16,299.6,72,Center,2019
Eric Staal,3.51,284.5,81,Center,2019
Ivan Provorov,3.04,249.0,82,Defense,2019
Ryan Getzlaf,4.24,284.0,67,Center,2019
Jeff Petry,4.6,377.3,82,Defense,2019
Mattias Ekholm,4.33,346.70000000000005,80,Defense,2019
Elias Pettersson,4.99,354.50000000000006,71,Center,2019
Corey Crawford,5.54,215.96,39,Goalie,2019
Jeff Skinner,4.39,359.70000000000005,82,Left Wing,2019
Anders Lee,4.26,349.59999999999997,82,Center,2019
Jordan Eberle,2.77,215.9,78,Right Wing,2019
Esa Lindell,4.05,332.20000000000005,82,Defense,2019
Adam Henrique,3.15,258.0,82,Center,2019
Jaroslav Halak,7.92,292.96000000000004,37,Goalie,2019
Bryan Little,2.6,213.6,82,Center,2019
Jordan Staal,3.65,182.6,50,Center,2019
Malcolm Subban,5.42,108.44,20,Goalie,2019
Elias Lindholm,5.37,435.0,81,Center,2019
John Tavares,6.14,503.09999999999997,82,Center,2019
P.K. Subban,4.19,263.9,63,Defense,2019
Anze Kopitar,3.84,310.9,81,Center,2019
Martin Jones,6.16,382.06,62,Goalie,2019
Morgan Rielly,6.03,494.1,82,Defense,2019
Nikolaj Ehlers,3.58,221.7,62,Left Wing,2019
Aaron Ekblad,3.77,308.79999999999995,82,Defense,2019
Semyon Varlamov,6.09,298.2,49,Goalie,2019
Mika Zibanejad,5.31,435.5,82,Right Wing,2019
David Krejci,4.07,330.0,81,Center,2019
Jaccob Slavin,3.33,273.1,82,Defense,2019
Darcy Kuemper,7.2,396.22,55,Goalie,2019
Justin Williams,3.68,301.6,82,Right Wing,2019
Alex Galchenyuk,3.34,240.6,72,Left Wing,2019
Paul Byron,3.8,212.6,56,Center,2019
Danton Heinen,2.61,200.8,77,Center,2019
Brett Pesce,3.73,272.2,73,Defense,2019
Ryan Donato,2.35,131.8,56,Center,2019
Lawson Crouse,3.12,252.7,81,Left Wing,2019
Jakob Silfverberg,3.4,247.9,73,Right Wing,2019
Ryan Strome,2.69,217.5,81,Center,2019
Nikita Kucherov,7.72,633.0000000000001,82,Right Wing,2019
Patrik Laine,4.09,335.6,82,Right Wing,2019
Mitch Marner,5.59,458.40000000000003,82,Center,2019
Marc-Andre Fleury,6.99,426.46,61,Goalie,2019
Nicklas Backstrom,4.7,376.0,80,Center,2019
Tyson Barrie,5.16,402.8,78,Defense,2019
Ben Bishop,8.0,359.92,45,Goalie,2019
Zach Werenski,3.7,303.1,82,Defense,2019
Brock Boeser,4.26,294.09999999999997,69,Right Wing,2019
Jake Guentzel,5.31,435.70000000000005,82,Left Wing,2019
Kyle Connor,4.16,340.99999999999994,82,Left Wing,2019
Miro Heiskanen,2.88,235.89999999999998,82,Defense,2019
Brady Tkachuk,4.19,297.5,71,Left Wing,2019
Alex Tuch,3.94,291.5,74,Right Wing,2019
Ryan Dzingel,3.65,284.7,78,Center,2019
Erik Gustafsson,5.22,412.7,79,Defense,2019
Justin Schultz,3.8,110.10000000000001,29,Defense,2019
Thomas Chabot,5.36,375.4,70,Defense,2019
Andreas Athanasiou,3.72,282.5,76,Center,2019
Carter Hart,6.73,201.9,30,Goalie,2019
Jack Campbell,6.66,166.48,25,Goalie,2019
Radek Faksa,2.66,215.4,81,Center,2019
Jamie Benn,4.68,365.20000000000005,78,Left Wing,2019
Vladimir Tarasenko,5.36,407.0,76,Right Wing,2019
Seth Jones,4.83,362.5,75,Defense,2019
Tuukka Rask,7.04,316.91999999999996,45,Goalie,2019
Dougie Hamilton,4.26,349.0,82,Defense,2019
Jonathan Huberdeau,5.49,450.3,82,Left Wing,2019
Oliver Ekman-Larsson,4.19,339.40000000000003,81,Defense,2019
Ryan Nugent-Hopkins,4.57,375.1,82,Center,2019
Jaden Schwartz,2.98,205.70000000000002,69,Left Wing,2019
Mark Stone,5.38,414.00000000000006,77,Right Wing,2019
Ryan McDonagh,4.73,388.2,82,Defense,2019
Micheal Ferland,4.06,288.20000000000005,71,Left Wing,2019
Mikael Granlund,3.68,290.8,79,Center,2019
Jake Muzzin,4.37,349.9,80,Defense,2019
Viktor Arvidsson,4.93,286.2,58,Right Wing,2019
Jordan Binnington,8.75,262.56,30,Goalie,2019
Tony DeAngelo,4.06,247.5,61,Defense,2019
Anthony Cirelli,3.32,272.0,82,Center,2019
Philipp Grubauer,7.61,251.04,33,Goalie,2019
Oliver Bjorkstrand,2.73,210.50000000000003,77,Left Wing,2019
Evgeni Malkin,5.25,357.29999999999995,68,Center,2019
Alexandar Georgiev,6.98,209.52,30,Goalie,2019
Auston Matthews,5.59,380.2,68,Center,2019
David Pastrnak,7.05,465.20000000000005,66,Left Wing,2019
Aleksander Barkov,5.88,482.49999999999994,82,Center,2019
Drew Doughty,4.28,350.9,82,Defense,2019
Joe Pavelski,5.04,377.90000000000003,75,Center,2019
Torey Krug,5.47,350.0,64,Defense,2019
Rasmus Ristolainen,4.39,342.8,78,Defense,2019
Mike Smith,5.88,235.2,40,Goalie,2019
Dustin Brown,4.18,301.2,72,Left Wing,2019
Sam Reinhart,3.87,317.2,82,Center,2019
Jared Spurgeon,4.17,341.70000000000005,82,Defense,2019
Josh Anderson,4.47,366.2,82,Right Wing,2019
Radko Gudas,3.62,279.1,77,Defense,2019
Tom Wilson,5.09,320.4,63,Right Wing,2019
William Nylander,2.52,136.1,54,Right Wing,2019
Pekka Rinne,6.84,376.22,55,Goalie,2019
Curtis McElhinney,6.98,230.26,33,Goalie,2019
Andrew Shaw,4.84,305.2,63,Center,2019
Brian Dumoulin,3.51,266.6,76,Defense,2019
Alex Chiasson,3.32,242.7,73,Right Wing,2019
Nick Bonino,2.83,229.2,81,Center,2019
Dylan Strome,3.52,274.9,78,Center,2019
Alex Ovechkin,7.14,578.0,81,Right Wing,2019
Dustin Byfuglien,5.95,249.79999999999998,42,Defense,2019
John Carlson,6.39,511.4,80,Defense,2019
Leon Draisaitl,6.52,534.4000000000001,82,Center,2019
Gabriel Landeskog,6.47,472.40000000000003,73,Left Wing,2019
Carey Price,7.0,448.02,64,Goalie,2019
Evgenii Dadonov,4.12,337.79999999999995,82,Right Wing,2019
Colton Parayko,3.97,317.29999999999995,80,Defense,2019
Rasmus Dahlin,3.86,316.2,82,Defense,2019
J.T. Miller,3.67,275.2,75,Center,2019
Tomas Hertl,5.31,408.49999999999994,77,Left Wing,2019
Matt Duchene,4.5,328.19999999999993,73,Center,2019
Robin Lehner,8.08,347.6,43,Goalie,2019
Kevin Hayes,3.76,266.7,71,Right Wing,2019
Robert Hagg,3.36,275.5,82,Defense,2019
Mikko Koskinen,6.3,321.1,51,Goalie,2019
Blake Coleman,3.67,286.4,78,Center,2019
Michal Kempny,3.75,265.9,71,Defense,2019
Laurent Brossoit,8.56,162.66,19,Goalie,2019
Nick Leddy,2.67,219.20000000000002,82,Defense,2019
Jakub Vrana,3.24,265.9,82,Center,2019
Jimmy Vesey,2.52,204.3,81,Left Wing,2019
Nathan MacKinnon,6.59,540.4,82,Center,2019
Sergei Bobrovsky,6.99,426.66,61,Goalie,2019
Jonathan Marchessault,4.37,358.09999999999997,82,Center,2019
Vincent Trocheck,4.19,230.39999999999998,55,Center,2019
Artemi Panarin,5.05,398.79999999999995,79,Center,2019
Evander Kane,5.11,382.9,75,Left Wing,2019
Reilly Smith,3.95,292.0,74,Right Wing,2019
Matthew Tkachuk,5.38,430.2,80,Left Wing,2019
Casey Mittelstadt,1.68,129.1,77,Center,2019
Jonathan Toews,5.37,440.6,82,Center,2019
Anthony Mantha,4.11,275.2,67,Right Wing,2019
Corey Perry,1.97,61.2,31,Right Wing,2019
Tyler Toffoli,2.27,186.3,82,Right Wing,2019
Bo Horvat,4.3,352.9,82,Center,2019
Joe Thornton,3.44,251.1,73,Center,2019
Timo Meier,4.81,375.2,78,Right Wing,2019
Shea Weber,5.36,310.8,58,Defense,2019
Brent Seabrook,3.88,302.5,78,Defense,2019
Vince Dunn,3.53,275.4,78,Defense,2019
John Moore,2.47,150.8,61,Defense,2019
Brooks Orpik,2.69,142.5,53,Defense,2019
Peter Budaj,-1.06,-1.0599999999999996,1,Goalie,2019
Brad Marchand,6.73,531.3,79,Left Wing,2019
Braden Holtby,6.87,398.7,58,Goalie,2019
Jack Eichel,5.49,422.90000000000003,77,Center,2019
Patrice Bergeron,7.09,460.9,65,Center,2019
Alex Pietrangelo,4.72,335.29999999999995,71,Defense,2019
Charlie McAvoy,4.52,243.9,54,Defense,2019
Jeff Carter,2.72,206.4,76,Right Wing,2019
Ryan Johansen,4.1,327.8,80,Center,2019
Jake Allen,5.87,264.32,45,Goalie,2019
Duncan Keith,3.91,320.29999999999995,82,Defense,2019
Ryan Pulock,4.34,355.5,82,Defense,2019
Max Domi,4.69,384.5,82,Center,2019
Kyle Turris,2.22,122.2,55,Center,2019
Nick Foligno,3.59,262.4,73,Left Wing,2019
Zach Parise,4.74,350.8,74,Left Wing,2019
Alexander Steen,2.69,175.0,65,Left Wing,2019
Tyler Bertuzzi,3.79,276.8,73,Left Wing,2019
Maxime Lajoie,2.3,129.0,56,Defense,2019
Brock Nelson,3.79,310.40000000000003,82,Center,2019
Thomas Greiss,7.68,299.56,39,Goalie,2019
Ian Cole,3.28,233.0,71,Defense,2019
Scott Mayfield,3.25,257.1,79,Defense,2019
Filip Forsberg,5.0,320.20000000000005,64,Center,2019
Tyler Seguin,5.62,460.9,82,Center,2019
Johnny Gaudreau,5.95,488.3,82,Left Wing,2019
Frederik Andersen,7.64,458.12,60,Goalie,2019
Ryan Suter,4.09,335.4,82,Defense,2019
Wayne Simmonds,2.83,223.7,79,Left Wing,2019
Patrick Marleau,2.74,224.3,82,Left Wing,2019
T.J. Oshie,4.78,329.8,69,Right Wing,2019
Shea Theodore,3.47,274.5,79,Defense,2019
Zach Hyman,3.74,265.4,71,Center,2019
Tomas Tatar,4.07,325.3,80,Left Wing,2019
Nikita Zaitsev,2.44,197.79999999999998,81,Defense,2019
Artem Anisimov,2.45,191.1,78,Center,2019
Cam Talbot,4.67,149.58,32,Goalie,2019
Ron Hainsey,3.11,251.8,81,Defense,2019
David Rittich,7.36,309.18,42,Goalie,2019
Frans Nielsen,2.9,208.89999999999998,72,Center,2019
Tyler Myers,3.64,291.20000000000005,80,Defense,2019
Andreas Johnsson,3.54,258.1,73,Right Wing,2019
T.J. Brodie,3.31,261.4,79,Defense,2019
Brandon Saad,3.11,249.2,80,Left Wing,2019
Travis Sanheim,3.25,266.3,82,Defense,2019
Andrei Vasilevskiy,8.96,474.7,53,Goalie,2019
Patrick Kane,6.58,532.6,81,Right Wing,2019
Mathew Barzal,3.97,325.6,82,Center,2019
Shayne Gostisbehere,3.45,269.4,78,Defense,2019
William Karlsson,3.79,310.90000000000003,82,Center,2019
Yanni Gourde,3.58,286.7,80,Left Wing,2019
Alex DeBrincat,4.84,396.5,82,Right Wing,2019
Brandon Montour,3.45,282.7,82,Defense,2019
Will Butcher,2.63,204.9,78,Defense,2019
Teuvo Teravainen,4.76,390.0,82,Left Wing,2019
Dmitry Orlov,3.0,246.20000000000002,82,Defense,2019
Mats Zuccarello,4.49,215.6,48,Right Wing,2019
Jake DeBrusk,3.55,241.60000000000002,68,Left Wing,2019
Matt Niskanen,3.39,271.0,80,Defense,2019
Alexander Kerfoot,2.75,214.70000000000002,78,Center,2019
Jake Gardiner,3.6,223.20000000000002,62,Defense,2019
James van Riemsdyk,4.02,265.5,66,Left Wing,2019
Anton Khudobin,6.87,254.14000000000001,37,Goalie,2019
Louis Domingue,8.01,208.14000000000001,26,Goalie,2019
Kevin Fiala,2.35,194.70000000000002,83,Center,2019
Paul Stastny,4.28,214.1,50,Center,2019
Matt Duchene,3.26,211.59999999999997,65,Center,2020
Erik Karlsson,4.42,247.60000000000002,56,Defense,2020
Matt Dumba,3.33,229.6,69,Defense,2020
Josh Morrissey,3.3,208.20000000000002,63,Defense,2020
P.K. Subban,2.88,193.0,67,Defense,2020
Tyler Bertuzzi,3.3,231.20000000000002,70,Left Wing,2020
Viktor Arvidsson,2.82,158.1,56,Right Wing,2020
Nico Hischier,3.3,188.1,57,Center,2020
Mikael Granlund,3.16,195.70000000000002,62,Left Wing,2020
Justin Faulk,2.48,166.39999999999998,67,Defense,2020
Cam Atkinson,3.52,154.8,44,Right Wing,2020
David Krejci,3.79,227.2,60,Center,2020
Jeff Skinner,2.11,122.10000000000001,58,Left Wing,2020
Jake Muzzin,4.39,232.5,53,Defense,2020
Philipp Grubauer,6.69,240.94,36,Goalie,2020
Dylan Strome,3.17,180.6,57,Center,2020
James van Riemsdyk,3.19,210.60000000000002,66,Left Wing,2020
Jack Hughes,1.73,103.6,60,Center,2020
Kaapo Kakko,1.59,102.00000000000001,64,Right Wing,2020
Chris Kreider,4.85,305.40000000000003,63,Left Wing,2020
Paul Stastny,3.24,226.79999999999998,70,Center,2020
Thomas Greiss,6.7,194.3,29,Goalie,2020
Antti Raanta,6.76,216.48,32,Goalie,2020
Tomas Hertl,3.62,173.9,48,Center,2020
Mats Zuccarello,2.73,177.50000000000003,65,Right Wing,2020
Josh Bailey,2.96,198.1,67,Left Wing,2020
Kevin Hayes,3.7,251.29999999999998,68,Center,2020
Ryan McDonagh,2.71,132.8,49,Defense,2020
Nino Niederreiter,2.56,168.79999999999998,66,Right Wing,2020
Andre Burakovsky,4.16,241.5,58,Left Wing,2020
Gustav Nyquist,3.36,235.1,70,Right Wing,2020
Tyler Myers,3.36,224.8,67,Defense,2020
Kevin Labanc,2.46,170.0,69,Right Wing,2020
Derek Stepan,2.65,182.8,69,Center,2020
Dustin  Byfuglien,0,0,0,Defense,2020
Kasperi Kapanen,2.86,194.3,68,Right Wing,2020
Jonathan Drouin,2.89,77.9,27,Left Wing,2020
Yanni Gourde,2.71,186.9,69,Left Wing,2020
Nazem Kadri,4.55,232.0,51,Center,2020
Josh Anderson,1.91,49.6,26,Right Wing,2020
Pavel Buchnevich,3.53,232.79999999999998,66,Right Wing,2020
Corey Perry,2.59,145.2,56,Right Wing,2020
Tyler Johnson,2.89,185.10000000000002,64,Center,2020
Alex Tuch,2.68,112.4,42,Right Wing,2020
Jake Gardiner,2.09,139.7,67,Defense,2020
Nate Schmidt,3.9,226.1,58,Defense,2020
Nick Leddy,2.68,158.4,59,Defense,2020
Dustin Brown,3.56,228.0,64,Right Wing,2020
Jeff Carter,2.86,171.5,60,Center,2020
Colin Miller,2.17,108.7,50,Defense,2020
Nikita Gusev,2.98,193.7,65,Left Wing,2020
Roope Hintz,3.6,212.20000000000002,59,Center,2020
T.J. Brodie,2.54,162.8,64,Defense,2020
Mikko Koivu,2.35,129.2,55,Center,2020
Kyle Turris,2.47,150.4,61,Center,2020
Jordan Staal,2.93,196.0,67,Center,2020
Adam Henrique,3.43,236.6,69,Center,2020
Juuse Saros,7.14,235.64000000000001,33,Goalie,2020
Damon Severson,3.51,238.5,68,Defense,2020
Craig Smith,3.27,222.39999999999998,68,Right Wing,2020
Vince Dunn,3.01,207.6,69,Defense,2020
Filip Hronek,3.33,212.9,64,Defense,2020
Elvis Merzlikins,7.24,224.56,31,Goalie,2020
Joonas Korpisalo,6.75,236.36,35,Goalie,2020
Brandon Saad,3.18,181.20000000000002,57,Left Wing,2020
Henrik Lundqvist,5.88,152.78,26,Goalie,2020
Andreas Johnsson,2.9,124.70000000000002,43,Left Wing,2020
Alex Galchenyuk,2.25,132.6,59,Left Wing,2020
Nick Suzuki,2.95,206.4,70,Center,2020
Travis Sanheim,2.97,202.2,68,Defense,2020
Carter Hutton,5.44,163.28,30,Goalie,2020
Wayne Simmonds,2.69,180.0,67,Right Wing,2020
Erik Haula,3.02,142.0,47,Left Wing,2020
Jakob Chychrun,3.93,247.70000000000002,63,Defense,2020
Zack Kassian,3.58,204.1,57,Right Wing,2020
Ryan Dzingel,2.6,166.4,64,Center,2020
Joonas Donskoi,3.1,195.20000000000002,63,Right Wing,2020
Justin Williams,3.48,66.1,19,Right Wing,2020
Nick Foligno,3.63,243.4,67,Left Wing,2020
Alex Iafallo,3.55,241.6,68,Left Wing,2020
Anton Khudobin,8.32,216.4,26,Goalie,2020
Cam Fowler,3.49,205.9,59,Defense,2020
Christian Dvorak,3.16,218.2,69,Left Wing,2020
Thatcher Demko,6.16,147.78,24,Goalie,2020
Alex Stalock,7.05,253.7,36,Goalie,2020
Nick Ritchie,3.47,163.0,47,Left Wing,2020
Vladislav Namestnikov,3.39,213.3,63,Center,2020
Jonathan Quick,5.02,205.92,41,Goalie,2020
Justin Schultz,2.1,94.7,45,Defense,2020
Brett Connolly,2.63,178.8,68,Right Wing,2020
Robert Thomas,2.89,185.1,64,Center,2020
Oliver Bjorkstrand,4.27,209.4,49,Right Wing,2020
Connor Brown,3.19,220.0,69,Right Wing,2020
Ben Chiarot,3.72,253.1,68,Defense,2020
Michal Kempny,2.83,161.5,57,Defense,2020
Alec Martinez,3.11,155.5,50,Defense,2020
Noah Hanifin,2.69,188.1,70,Defense,2020
Jared McCann,3.25,211.1,65,Left Wing,2020
Devon Toews,3.17,212.6,67,Defense,2020
John Marino,3.82,210.0,55,Defense,2020
Conor Garland,3.2,217.4,68,Right Wing,2020
Jake Virtanen,3.42,232.3,68,Right Wing,2020
Calle Jarnkrok,3.02,190.4,63,Center,2020
Tyler Ennis,3.14,213.4,68,Left Wing,2020
Alexander Steen,2.12,112.19999999999999,53,Left Wing,2020
Linus Ullmark,6.43,212.24,33,Goalie,2020
Brady Skjei,3.33,219.9,66,Defense,2020
Erik Brannstrom,1.4,43.400000000000006,31,Defense,2020
Marcus Pettersson,2.94,200.2,68,Defense,2020
Boone Jenner,2.83,198.29999999999998,70,Center,2020
Sami Vatanen,3.9,183.1,47,Defense,2020
Max Comtois,2.6,75.4,29,Left Wing,2020
Carl Soderberg,3.16,218.20000000000002,69,Center,2020
Andrew Mangiapane,2.83,192.10000000000002,68,Left Wing,2020
Martin Necas,2.99,188.29999999999998,63,Center,2020
Ondrej Kase,2.26,121.9,54,Right Wing,2020
Alexander Kerfoot,2.47,158.1,64,Center,2020
Jesperi Kotkaniemi,1.77,63.699999999999996,36,Center,2020
Brad Hunt,2.37,139.6,59,Defense,2020
Cam Talbot,7.49,164.74,22,Goalie,2020
Erik Johnson,3.3,187.9,57,Defense,2020
Mark Borowiecki,4.39,232.7,53,Defense,2020
Jake Allen,7.79,155.82,20,Goalie,2020
Jimmy Howard,2.13,57.620000000000005,27,Goalie,2020
Kirby Dach,2.03,127.8,63,Center,2020
Brayden McNabb,2.76,193.5,70,Defense,2020
Tyler Bozak,2.44,161.0,66,Center,2020
Micheal Ferland,2.22,31.1,14,Left Wing,2020
Ilya Mikheyev,3.16,123.10000000000001,39,Right Wing,2020
Zach Sanford,3.62,202.5,56,Left Wing,2020
Filip Zadina,2.66,74.39999999999999,28,Right Wing,2020
Mike Green,1.93,96.60000000000001,50,Defense,2020
Oskar Lindblom,3.65,109.4,30,Left Wing,2020
Rasmus Sandin,2.14,57.699999999999996,27,Defense,2020
Radko Gudas,3.09,194.7,63,Defense,2020
Frank Vatrano,3.33,226.3,68,Left Wing,2020
Ryan Reaves,2.56,179.2,70,Right Wing,2020
Barclay Goodrow,3.11,214.7,69,Right Wing,2020
Patrick Maroon,2.58,162.7,63,Left Wing,2020
James Reimer,7.38,177.22,24,Goalie,2020
Denis Gurianov,3.09,194.6,63,Left Wing,2020
Scott Laughton,3.66,175.5,48,Center,2020
Tyson Jost,2.38,154.9,65,Center,2020
Curtis McElhinney,6.15,110.78,18,Goalie,2020
Cody Glass,1.64,64.0,39,Center,2020
Jonas Brodin,3.34,230.60000000000002,69,Defense,2020
Brenden Dillon,2.85,194.0,68,Defense,2020
Kirill  Kaprizov,0,0,0,Left Wing,2020
Andrew Shaw,3.01,78.3,26,Center,2020
Robby Fabbri,2.58,154.6,60,Center,2020
Erik Cernak,3.09,204.0,66,Defense,2020
Brian Elliott,6.83,184.52,27,Goalie,2020
Nikita Zadorov,2.8,173.8,62,Defense,2020
Nolan Patrick,0,0,0,Center,2020
Jesper Bratt,2.7,159.1,59,Right Wing,2020
Cory Schneider,4.57,50.3,11,Goalie,2020
Bowen Byram,0,0,0,Defense,2020
Jack Campbell,5.44,141.36,26,Goalie,2020
Adam Boqvist,2.44,100.2,41,Defense,2020
Sam Steel,1.84,115.8,63,Center,2020
J.T. Compher,2.94,190.8,65,Right Wing,2020
Dominik Kahun,2.72,149.6,55,Center,2020
Casey Mittelstadt,1.46,45.2,31,Center,2020
Evan Bouchard,0,0,0,Defense,2020
Aaron Dell,5.83,169.1,29,Goalie,2020
Conor Sheary,2.0,124.1,62,Left Wing,2020
Brendan Lemieux,3.13,178.59999999999997,57,Left Wing,2020
Derick Brassard,2.88,187.1,65,Center,2020
Valeri Nichushkin,3.01,189.79999999999998,63,Right Wing,2020
Kyle Okposo,2.3,117.10000000000001,51,Right Wing,2020
Patrick Marleau,2.02,131.2,65,Left Wing,2020
Filip Chytil,2.17,128.2,59,Right Wing,2020
Antoine Roussel,2.31,92.4,40,Left Wing,2020
Danton Heinen,2.33,151.2,65,Center,2020
Nick Bjugstad,1.94,25.2,13,Center,2020
Joe Thornton,2.03,139.9,69,Center,2020
Alex Nylander,1.83,117.30000000000001,64,Left Wing,2020
Chris Driedger,8.73,87.32000000000001,10,Goalie,2020
Luke Kunin,3.07,193.29999999999998,63,Center,2020
Ethan Bear,2.71,186.9,69,Defense,2020
Bobby Ryan,3.05,67.1,22,Right Wing,2020
Jonathan Bernier,5.6,224.12,40,Goalie,2020
Alex Turcotte,0,0,0,Center,2020
Marcus Johansson,2.36,139.4,59,Left Wing,2020
Barrett Hayton,1.56,31.3,20,Center,2020
Chris Tierney,2.83,195.1,69,Center,2020
Sean Walker,2.71,184.2,68,Defense,2020
Sammy Blais,2.91,110.5,38,Left Wing,2020
Alex Chiasson,2.48,156.39999999999998,63,Right Wing,2020
Craig Anderson,5.13,154.04,30,Goalie,2020
David Savard,2.85,194.1,68,Defense,2020
Joel Edmundson,3.2,214.7,67,Defense,2020
Mackenzie Weegar,3.72,163.8,44,Defense,2020
Colin White,1.89,111.80000000000001,59,Center,2020
Brian Dumoulin,3.47,93.7,27,Defense,2020
Eeli Tolvanen,0,0,0,Left Wing,2020
Will Butcher,2.56,143.5,56,Defense,2020
Malcolm Subban,5.42,102.92,19,Goalie,2020
Drake Batherson,2.68,61.599999999999994,23,Center,2020
Lawson Crouse,3.1,201.4,65,Left Wing,2020
Milan Lucic,2.64,179.70000000000002,68,Left Wing,2020
Marcus Foligno,3.28,193.4,59,Left Wing,2020
Morgan Geekie,17.3,17.3,1,Center,2020
Ryan Donato,2.22,137.5,62,Right Wing,2020
Cal Petersen,7.33,51.28,7,Goalie,2020
Brent Seabrook,2.48,79.5,32,Defense,2020
Jack Johnson,2.55,168.3,66,Defense,2020
Joel Eriksson Ek,3.01,186.4,62,Center,2020
Matt Grzelcyk,2.86,191.70000000000002,67,Defense,2020
Robert Hagg,3.48,166.8,48,Defense,2020
Ryan Miller,6.66,119.82000000000001,18,Goalie,2020
Johnny Boychuk,2.58,164.9,64,Defense,2020
Juuso Valimaki,0,0,0,Defense,2020
Jack Roslovic,2.34,161.20000000000002,69,Center,2020
Dylan Cozens,0,0,0,Center,2020
Morgan Frost,1.68,33.599999999999994,20,Center,2020
Rasmus Andersson,2.72,190.7,70,Defense,2020
Artturi Lehkonen,2.68,184.6,69,Left Wing,2020
Anders Nilsson,6.18,117.4,19,Goalie,2020
Philippe Myers,3.11,155.6,50,Defense,2020
Jordan Kyrou,1.74,46.9,27,Center,2020
Adam Gaudette,2.81,162.79999999999998,58,Center,2020
Bryan Little,3.94,27.6,7,Center,2020
Michael Rasmussen,0,0,0,Center,2020
Ty Smith,0,0,0,Defense,2020
Brett Pesce,2.75,168.0,61,Defense,2020
Jesse Puljujarvi,0,0,0,Right Wing,2020
Cody Ceci,2.21,121.4,55,Defense,2020
Vasily Podkolzin,0,0,0,Right Wing,2020
Cole Caufield,0,0,0,Right Wing,2020
Alexandre Texier,2.02,72.8,36,Center,2020
Laurent Brossoit,5.32,79.76,15,Goalie,2020
Adrian Kempe,2.8,187.89999999999998,67,Center,2020
Gabriel Vilardi,2.66,21.3,8,Center,2020
Adam Larsson,2.53,119.0,47,Defense,2020
Joel Farabee,2.49,127.0,51,Left Wing,2020
Vitali Kravtsov,0,0,0,Left Wing,2020
Jordan Greenway,2.76,184.8,67,Left Wing,2020
Chris Tanev,2.94,199.89999999999998,68,Defense,2020
Casey Cizikas,3.4,163.1,48,Center,2020
Jesper Fast,3.0,201.1,67,Right Wing,2020
Owen  Tippett,0,0,0,Right Wing,2020
Dante Fabbro,2.09,131.8,63,Defense,2020
Nikita Zaitsev,2.66,148.9,56,Defense,2020
Sam Bennett,2.09,108.5,52,Left Wing,2020
Matt Calvert,3.4,169.9,50,Left Wing,2020
Travis Zajac,2.08,141.7,68,Center,2020
Henrik Borgstrom,-0.12,-0.49999999999999983,4,Center,2020
Stephen Johns,3.48,55.6,16,Defense,2020
Scott Mayfield,2.93,193.70000000000002,66,Defense,2020
Pavel Zacha,2.57,164.4,64,Center,2020
Anton Stralman,2.49,169.29999999999998,68,Defense,2020
Mike Reilly,3.2,134.2,42,Defense,2020
Jake Bean,0,0,0,Defense,2020
Noah Dobson,1.68,55.599999999999994,33,Defense,2020
Matt Martin,2.54,137.0,54,Left Wing,2020
Oliver Wahlstrom,0.67,6.0,9,Right Wing,2020
Alex Nedeljkovic,4.64,13.920000000000002,3,Goalie,2020
Warren Foegele,2.72,182.4,67,Left Wing,2020
Casey DeSmith,0,0,0,Goalie,2020
Sonny Milano,2.14,113.5,53,Left Wing,2020
Trevor Zegras,0,0,0,Center,2020
Derek Grant,3.23,177.9,55,Center,2020
Ville  Heinola,4.01,32.099999999999994,8,Defense,2020
Henri Jokiharju,2.04,138.4,68,Defense,2020
William Carrier,2.35,164.8,70,Left Wing,2020
Spencer Knight,0,0,0,Goalie,2020
Nick Holden,2.72,163.1,60,Defense,2020
Josh Archibald,2.74,164.7,60,Right Wing,2020
Radek Faksa,2.37,153.8,65,Center,2020
Cedric Paquette,2.81,168.8,60,Center,2020
Olli Maatta,2.93,187.7,64,Defense,2020
Jason Spezza,2.2,125.30000000000001,57,Center,2020
Chandler Stephenson,2.78,180.5,65,Center,2020
Matt Roy,2.9,197.0,68,Defense,2020
Nolan Foote,0,0,0,Left Wing,2020
Adam Lowry,2.25,105.80000000000001,47,Center,2020
Michael Matheson,2.69,156.0,58,Defense,2020
Ivan Barbashev,2.65,177.8,67,Center,2020
Andrew Copp,2.5,152.7,61,Center,2020
Oskar Sundqvist,2.73,150.0,55,Center,2020
Moritz Seider,0,0,0,Defense,2020
Luke Glendening,1.75,103.5,59,Center,2020
Troy Terry,1.46,68.8,47,Center,2020
Kristian Vesalainen,0,0,0,Left Wing,2020
Ron Hainsey,2.3,142.8,62,Defense,2020
Pheonix Copley,0,0,0,Goalie,2020
Carl Hagelin,2.58,147.29999999999998,57,Left Wing,2020
Travis Hamonic,2.79,139.4,50,Defense,2020
Marc-Edouard Vlasic,1.98,136.3,69,Defense,2020
Michael Del Zotto,2.87,134.9,47,Defense,2020
Mikhail Grigorenko,0,0,0,Center,2020
Keith Kinkaid,5.39,26.96,5,Goalie,2020
Garnet Hathaway,2.83,183.9,65,Right Wing,2020
Josh Manson,2.35,113.0,48,Defense,2020
Marco Scandella,2.34,140.7,60,Defense,2020
David Backes,1.88,37.6,20,Center,2020
Ryan Poehling,0.96,25.8,27,Center,2020
Grigori Denisenko,0,0,0,Left Wing,2020
Paul Byron,2.51,70.4,28,Left Wing,2020
Alexander Wennberg,2.04,116.0,57,Center,2020
Jimmy Vesey,2.11,132.8,63,Left Wing,2020
Colton Sissons,2.11,118.4,56,Center,2020
Andrej Sekera,1.96,109.8,56,Defense,2020
Kaapo Kahkonen,7.91,39.54,5,Goalie,2020
Calvin de Haan,3.82,110.8,29,Defense,2020
Sam Lafferty,2.16,105.9,49,Center,2020
Brandon Sutter,2.37,102.1,43,Center,2020
Emil Bemstrom,2.22,124.4,56,Center,2020
Artem Anisimov,2.18,106.60000000000001,49,Center,2020
Ryan Murray,2.53,68.2,27,Defense,2020
Sam Montembeault,6.3,56.739999999999995,9,Goalie,2020
Dion Phaneuf,0,0,0,Defense,2020
Justin Braun,2.72,165.7,61,Defense,2020
Marcus Hogberg,6.23,124.56,20,Goalie,2020
Mathieu Perreault,1.97,92.8,47,Center,2020
Teddy Blueger,2.23,151.8,68,Center,2020
Dakota Mermis,4.66,41.9,9,Defense,2020
Haydn Fleury,2.53,111.39999999999999,44,Defense,2020
Nicolas Aube-Kubel,3.02,105.60000000000001,35,Right Wing,2020
Andy Greene,2.7,167.1,62,Defense,2020
Deryk Engelland,2.74,134.1,49,Defense,2020
Travis Dermott,2.48,136.60000000000002,55,Defense,2020
Carter Verhaeghe,1.54,78.3,51,Center,2020
Andrew Ladd,1.73,5.2,3,Left Wing,2020
Tomas Nosek,1.9,125.3,66,Center,2020
Jordie Benn,1.91,84.2,44,Defense,2020
Dominik Simon,1.82,116.6,64,Left Wing,2020
Jake McCabe,2.24,145.89999999999998,65,Defense,2020
Derek Ryan,2.38,161.5,68,Center,2020
Michael Stone,2.54,83.80000000000001,33,Defense,2020
Richard Panik,2.54,147.60000000000002,58,Right Wing,2020
Jake Oettinger,0,0,0,Goalie,2020
Daniel Sprong,1.64,13.1,8,Right Wing,2020
Michael Grabner,1.48,66.6,45,Right Wing,2020
Cal Clutterbuck,2.91,104.6,36,Right Wing,2020
Connor McMichael,0,0,0,Center,2020
Timothy Liljegren,0.67,7.4,11,Defense,2020
Loui Eriksson,1.41,68.9,49,Left Wing,2020
Michael Hutchinson,5.07,60.8,12,Goalie,2020
Vladislav Gavrikov,2.47,170.3,69,Defense,2020
Kieffer Bellows,2.92,23.4,8,Left Wing,2020
Louis Domingue,3.27,49.040000000000006,15,Goalie,2020
Trevor Moore,1.82,72.8,40,Left Wing,2020
Ryan Kesler,0,0,0,Center,2020
Joe Veleno,0,0,0,Center,2020
Lucas Wallmark,2.28,150.6,66,Center,2020
Garret Sparks,0,0,0,Goalie,2020
Philip Broberg,0,0,0,Defense,2020
Dennis Cholowski,1.42,51.0,36,Defense,2020
Erik Gudbranson,2.78,141.8,51,Defense,2020
Anders Bjork,1.94,112.60000000000001,58,Left Wing,2020
Zach Aston-Reese,2.42,137.8,57,Center,2020
Roberto Luongo,0,0,0,Goalie,2020
Austin Watson,2.58,136.8,53,Right Wing,2020
Rick Nash,0,0,0,Left Wing,2020
Michael Frolik,1.54,88.0,57,Right Wing,2020
Carter Rowney,2.41,166.10000000000002,69,Right Wing,2020
Sean Kuraly,2.41,164.2,68,Center,2020
Matthew Boldy,0,0,0,Left Wing,2020
Jason Pominville,0,0,0,Right Wing,2020
Troy Stecher,2.32,158.0,68,Defense,2020
Dillon Dube,2.17,97.5,45,Center,2020
Alex Newhook,0,0,0,Center,2020
Nick Merkley,3.22,12.899999999999999,4,Right Wing,2020
Cayden Primeau,7.37,14.74,2,Goalie,2020
Adam Pelech,3.33,126.6,38,Defense,2020
Martin Frk,2.31,34.7,15,Right Wing,2020
Miles Wood,2.21,148.1,67,Left Wing,2020
Ryan Hartman,2.31,159.7,69,Right Wing,2020
Cody Eakin,1.5,68.9,46,Center,2020
Peyton Krebs,0,0,0,Center,2020
Daniel Sedin,0,0,0,Left Wing,2020
Thomas Vanek,0,0,0,Left Wing,2020
Victor Mete,2.14,108.9,51,Defense,2020
Justin Holl,2.73,183.0,67,Defense,2020
Jason Robertson,1.87,5.6,3,Left Wing,2020
Nick Cousins,2.66,170.4,64,Center,2020
Stefan Matteau,3.24,29.200000000000003,9,Center,2020
Frans Nielsen,1.29,76.3,59,Center,2020
Collin Delia,0,0,0,Goalie,2020
Michael Cammalleri,0,0,0,Left Wing,2020
Mark Pysyk,2.58,147.0,57,Defense,2020
Lias Andersson,0.52,8.8,17,Center,2020
Markus Nutivaara,2.16,80.1,37,Defense,2020
Klim Kostin,1.95,7.8,4,Right Wing,2020
Marc Staal,2.41,120.69999999999999,50,Defense,2020
Ryan Lindgren,2.66,154.5,58,Defense,2020
Jamie Oleksiak,2.08,141.2,68,Defense,2020
Logan Brown,2.01,46.2,23,Center,2020
Henrik Sedin,0,0,0,Center,2020
Rocco Grimaldi,2.38,154.6,65,Left Wing,2020
Sam Gagner,1.77,72.5,41,Center,2020
Justin Abdelkader,1.11,54.4,49,Left Wing,2020
Josh Leivo,2.64,95.1,36,Left Wing,2020
Henrik Zetterberg,0,0,0,Center,2020
Patrick Sharp,0,0,0,Left Wing,2020
Cam York,0,0,0,Defense,2020
Brett Howden,2.01,136.4,68,Center,2020
Carson Soucy,2.66,146.3,55,Defense,2020
Pierre-Edouard Bellemare,2.03,135.9,67,Right Wing,2020
Chris Wagner,2.01,132.9,66,Right Wing,2020
Victor Soderstrom,0,0,0,Defense,2020
Josh Norris,1.9,5.699999999999999,3,Center,2020
K'Andre Miller,0,0,0,Defense,2020
Mattias Janmark,2.0,121.99999999999999,61,Left Wing,2020
Tyler Motte,2.45,80.7,33,Center,2020
Taro Hirose,1.4,36.4,26,Left Wing,2020
Roman Polak,2.49,102.2,41,Defense,2020
Michael DiPietro,0,0,0,Goalie,2020
Vinnie Hinostroza,2.03,135.7,67,Right Wing,2020
Sami Niku,2.43,41.3,17,Defense,2020
David Schlemko,0,0,0,Defense,2020
Leo Komarov,2.37,111.4,47,Left Wing,2020
Ryan Suzuki,0,0,0,Center,2020
Evgeny Svechnikov,0.75,3.0,4,Left Wing,2020
Mario Ferraro,1.96,119.6,61,Defense,2020
Kris Versteeg,0,0,0,Right Wing,2020
Martin Kaut,2.11,16.9,8,Center,2020
Ryan Merkley,0,0,0,Defense,2020
Aleksi Heponiemi,0,0,0,Center,2020
Madison Bowey,2.33,120.9,52,Defense,2020
Nick Paul,2.79,150.7,54,Center,2020
Danny DeKeyser,3.8,30.4,8,Defense,2020
Brandon Dubinsky,0,0,0,Center,2020
Olli Juolevi,0,0,0,Defense,2020
Brendan Smith,1.66,99.7,60,Defense,2020
Michal Neuvirth,0,0,0,Goalie,2020
Chris Stewart,0.99,15.8,16,Right Wing,2020
Dylan DeMelo,2.44,139.0,57,Defense,2020
Nate Thompson,1.92,132.2,69,Center,2020
Nils Lundkvist,0,0,0,Defense,2020
Kris Russell,2.24,121.10000000000001,54,Defense,2020
Zach Bogosian,2.46,63.900000000000006,26,Defense,2020
Thomas Harley,0,0,0,Defense,2020
Patrick Eaves,0,0,0,Right Wing,2020
Zack Smith,2.1,104.9,50,Left Wing,2020
Valtteri Filppula,1.2,82.7,69,Center,2020
Jannik Hansen,0,0,0,Right Wing,2020
Cam Ward,0,0,0,Goalie,2020
Jamie McGinn,0,0,0,Left Wing,2020
Steve Mason,0,0,0,Goalie,2020
Mikkel Boedker,1.61,28.9,18,Left Wing,2020
Liam Foudy,2.75,5.5,2,Center,2020
Nicolas Hague,2.78,105.60000000000001,38,Defense,2020
Colton Sceviour,2.1,142.7,68,Right Wing,2020
Jussi Jokinen,0,0,0,Left Wing,2020
Benoit Pouliot,0,0,0,Left Wing,2020
Drew Stafford,0,0,0,Right Wing,2020
Anton Forsberg,4.47,13.4,3,Goalie,2020
Al Montoya,0,0,0,Goalie,2020
Martin Hanzal,0,0,0,Center,2020
Matthew Benning,2.22,90.89999999999999,41,Defense,2020
Brendan Perlini,0.49,19.200000000000003,39,Left Wing,2020
Julius Honka,0,0,0,Defense,2020
Sebastian Aho,5.39,360.8,67,Center,2020
Christian Fischer,2.0,110.0,55,Right Wing,2020
Isac Lundestrom,1.27,19.0,15,Center,2020
Jack Studnicka,3.4,6.799999999999999,2,Center,2020
Matt Nieto,1.87,127.19999999999999,68,Left Wing,2020
Dmitry Kulikov,2.64,129.6,49,Defense,2020
Ondrej Pavelec,0,0,0,Goalie,2020
Adin Hill,6.48,58.3,9,Goalie,2020
Jarred Tinordi,2.77,74.9,27,Defense,2020
Jay Bouwmeester,1.91,107.2,56,Defense,2020
Pierre Engvall,2.0,93.80000000000001,47,Left Wing,2020
Patrik Nemeth,1.97,126.2,64,Defense,2020
Tobias Bjornfot,-1.33,-4.0,3,Defense,2020
Philip Tomasino,0,0,0,Center,2020
Drake Caggiula,2.7,108.1,40,Left Wing,2020
Ty Dellandrea,0,0,0,Center,2020
Rasmus Kupari,0,0,0,Center,2020
Conor Timmins,1.1,2.2,2,Defense,2020
Jason Dickinson,2.41,154.0,64,Center,2020
Alexander Alexeyev,0,0,0,Defense,2020
Nicolas Deslauriers,2.18,124.1,57,Left Wing,2020
Brad Richardson,1.97,114.0,58,Right Wing,2020
Zemgus Girgensons,2.01,136.5,68,Center,2020
Niklas Hjalmarsson,2.15,56.0,26,Defense,2020
Blake Lizotte,2.05,128.89999999999998,63,Center,2020
Ben Hutton,2.25,141.60000000000002,63,Defense,2020
Joel Kiviranta,1.22,13.4,11,Left Wing,2020
Jonas Johansson,3.94,19.7,5,Goalie,2020
Matt Irwin,1.82,61.8,34,Defense,2020
Brian Boyle,2.61,101.8,39,Center,2020
Matt Beleskey,0,0,0,Left Wing,2020
Kale Clague,0.08,0.30000000000000004,4,Defense,2020
Samuel Poulin,0,0,0,Right Wing,2020
Riley Stillman,2.21,75.2,34,Defense,2020
John Beecher,0,0,0,Center,2020
Denis Malgin,1.57,67.4,43,Center,2020
Sven Baertschi,1.85,11.1,6,Left Wing,2020
Max Jones,1.78,101.4,57,Left Wing,2020
Julien Gauthier,1.43,21.5,15,Right Wing,2020
Alex Formenton,0,0,0,Left Wing,2020
Dominik Bokk,0,0,0,Right Wing,2020
Brett Ritchie,2.25,60.8,27,Right Wing,2020
Cameron Gaunce,7.9,23.7,3,Defense,2020
Scott Darling,0,0,0,Goalie,2020
Carl Grundstrom,2.33,30.299999999999997,13,Left Wing,2020
Nikolai Prokhorkin,1.67,68.4,41,Center,2020
Tyler Pitlick,2.56,158.89999999999998,62,Right Wing,2020
Radim Simek,1.96,92.1,47,Defense,2020
Dennis Gilbert,2.74,57.5,21,Defense,2020
Michael Dal Colle,1.44,76.2,53,Left Wing,2020
Josh Ho-Sang,0,0,0,Right Wing,2020
Dylan Sikura,1.56,14.0,9,Center,2020
Trevor Daley,1.09,45.9,42,Defense,2020
Brock McGinn,1.82,121.9,67,Left Wing,2020
Jaromir Jagr,0,0,0,Right Wing,2020
Dmytro Timashov,1.82,78.3,43,Left Wing,2020
Michael McLeod,1.84,22.099999999999998,12,Center,2020
Jordan Martinook,2.08,91.5,44,Right Wing,2020
Matiss Kivlenieks,6.01,24.06,4,Goalie,2020
Adam Werner,10.66,10.66,1,Goalie,2020
Darren Helm,1.82,121.9,67,Center,2020
Jakob Pelletier,0,0,0,Left Wing,2020
Marcus Sorensen,1.6,103.9,65,Left Wing,2020
Nathan Beaulieu,2.6,93.5,36,Defense,2020
Jordan Oesterle,2.16,123.1,57,Defense,2020
Tage Thompson,0.6,0.6,1,Center,2020
Curtis Lazar,2.05,75.8,37,Right Wing,2020
Connor Clifton,2.1,63.1,30,Defense,2020
Jason Demers,2.44,119.4,49,Defense,2020
Kyle Clifford,2.06,140.4,68,Left Wing,2020
Brooks Orpik,0,0,0,Defense,2020
Dylan Gambrell,1.48,72.4,49,Center,2020
Christian Djoos,2.14,19.299999999999997,9,Defense,2020
Mathieu Joseph,1.51,55.9,37,Right Wing,2020
Libor Hajek,1.91,53.4,28,Defense,2020
Trevor van Riemsdyk,1.31,63.0,48,Defense,2020
Jonas Siegenthaler,2.22,139.8,63,Defense,2020
Nick Jensen,1.54,103.1,67,Defense,2020
Brendan Guhle,2.45,73.6,30,Defense,2020
Brett Kulak,1.68,92.3,55,Defense,2020
Slater Koekkoek,2.64,108.10000000000001,41,Defense,2020
Brandon Pirri,1.07,16.1,15,Left Wing,2020
Vladimir Sobotka,1.82,29.1,16,Center,2020
Caleb Jones,2.07,86.8,42,Defense,2020
Riley Sheahan,1.34,85.8,64,Center,2020
Yakov Trenin,2.17,43.5,20,Center,2020
Vladislav Kamenev,1.48,53.4,36,Left Wing,2020
Michael Raffl,2.17,123.5,57,Left Wing,2020
Braydon Coburn,1.69,66.0,39,Defense,2020
Urho Vaakanainen,1.26,6.3,5,Defense,2020
Nic Dowd,2.52,138.60000000000002,55,Center,2020
Tucker Poolman,2.27,124.9,55,Defense,2020
Oliver Kylington,1.33,64.0,48,Defense,2020
Victor Rask,1.73,74.2,43,Center,2020
Vitaly Abramov,2.6,5.199999999999999,2,Left Wing,2020
Blake Comeau,2.34,126.10000000000001,54,Left Wing,2020
Colin Wilson,2.64,23.799999999999997,9,Center,2020
Korbinian Holzer,2.28,109.4,48,Defense,2020
Calvin Pickard,-5.02,-5.02,1,Goalie,2020
Devin Shore,1.56,70.0,45,Center,2020
Nicolas Roy,2.23,60.2,27,Center,2020
Andrew Cogliano,1.55,103.8,67,Center,2020
Jayce Hawryluk,2.51,60.3,24,Center,2020
Tobias Rieder,1.2,66.2,55,Right Wing,2020
Lassi Thomson,0,0,0,Defense,2020
Taylor Raddysh,0,0,0,Right Wing,2020
Austin Wagner,1.84,115.70000000000002,63,Left Wing,2020
Johan Larsson,2.12,129.20000000000002,61,Left Wing,2020
Rudolfs Balcers,1.56,20.3,13,Left Wing,2020
Ian Mitchell,0,0,0,Defense,2020
Jujhar Khaira,1.54,95.69999999999999,62,Left Wing,2020
Valentin Zykov,1.74,26.1,15,Left Wing,2020
Jordan Weal,2.0,95.9,48,Center,2020
Joakim Nordstrom,1.62,76.2,47,Center,2020
Jaret Anderson-Dolan,0.07,0.29999999999999993,4,Center,2020
Nikolay Goldobin,0.3,0.3,1,Left Wing,2020
David Kampf,1.43,98.5,69,Right Wing,2020
Cale Fleury,1.58,64.9,41,Defense,2020
Jesse Ylonen,0,0,0,Right Wing,2020
Josh Mahura,2.08,22.9,11,Defense,2020
Joakim Nygard,1.56,51.6,33,Left Wing,2020
Stefan Noesen,2.28,88.8,39,Right Wing,2020
Jacob De La Rose,1.74,87.2,50,Left Wing,2020
Luca Sbisa,2.88,126.7,44,Defense,2020
Noah Juulsen,0,0,0,Defense,2020
Brogan Rafferty,0,0,0,Defense,2020
Anthony Stolarz,0,0,0,Goalie,2020
Charlie Lindgren,3.79,22.759999999999998,6,Goalie,2020
Eric Comrie,0.77,1.540000000000001,2,Goalie,2020
Serron Noel,0,0,0,Right Wing,2020
Brayden Tracey,0,0,0,Left Wing,2020
Melker Karlsson,1.38,82.69999999999999,60,Right Wing,2020
Mikey Anderson,1.9,7.6,4,Defense,2020
Mirco Mueller,1.93,94.8,49,Defense,2020
Jakub Zboril,0,0,0,Defense,2020
Kurtis MacDermid,2.34,100.5,43,Defense,2020
Jacob Bernard-Docker,0,0,0,Defense,2020
Carl Gunnarsson,2.38,83.4,35,Defense,2020
Jacob Larsson,1.53,88.6,58,Defense,2020
Martin Marincin,2.11,54.9,26,Defense,2020
Trevor Lewis,1.56,84.5,54,Center,2020
Kaden Fulcher,0,0,0,Goalie,2020
Mason Appleton,1.2,53.0,44,Center,2020
Jay Beagle,1.56,85.9,55,Center,2020
Ryan Carpenter,1.93,131.2,68,Center,2020
Simon Holmstrom,0,0,0,Right Wing,2020
Kevin Stenlund,2.45,78.5,32,Right Wing,2020
Jakob Forsbacka Karlsson,0,0,0,Right Wing,2020
Jeremy Lauzon,2.56,46.0,18,Defense,2020
Mitchell Stephens,1.02,38.9,38,Center,2020
Frederik Gauthier,1.34,80.5,60,Center,2020
Jesper Boqvist,1.05,36.7,35,Center,2020
Robert Bortuzzo,2.27,93.1,41,Defense,2020
Nicolas Beaudin,0,0,0,Defense,2020
Markus Granlund,1.11,37.9,34,Center,2020
Mark Jankowski,0.83,46.5,56,Center,2020
Juuso Riikola,2.18,78.6,36,Defense,2020
Maxime Lagace,0,0,0,Goalie,2020
Hunter Miska,0,0,0,Goalie,2020
Kevin Boyle,0,0,0,Goalie,2020
Chad Johnson,0,0,0,Goalie,2020
Dan Hamhuis,1.72,103.0,60,Defense,2020
Nathan Gerbe,2.08,62.4,30,Left Wing,2020
Chad Ruhwedel,1.88,77.10000000000001,41,Defense,2020
Michael Amadio,1.31,86.39999999999999,66,Center,2020
Janne Kuokkanen,0,0,0,Left Wing,2020
Joel Ward,0,0,0,Right Wing,2020
German Rubtsov,0.6,2.4,4,Center,2020
Dale Weise,2.11,46.400000000000006,22,Right Wing,2020
Luke Schenn,2.14,53.5,25,Defense,2020
Kyle Capobianco,1.76,15.8,9,Defense,2020
Eddie Lack,0,0,0,Goalie,2020
Jared Coreau,0,0,0,Goalie,2020
Kari Lehtonen,0,0,0,Goalie,2020
Brandon Halverson,0,0,0,Goalie,2020
Ken Appleby,0,0,0,Goalie,2020
Shane Starrett,0,0,0,Goalie,2020
Dylan Ferguson,0,0,0,Goalie,2020
Kasimir Kaskisuo,0.04,0.040000000000000036,1,Goalie,2020
Mike Condon,0,0,0,Goalie,2020
Andrew  Hammond,0,0,0,Goalie,2020
Pontus Aberg,0.92,4.6,5,Left Wing,2020
Jan Rutta,1.94,64.0,33,Defense,2020
Colby Cave,0.89,9.8,11,Center,2020
Brendan  Leipsic,1.35,82.3,61,Left Wing,2020
Kevin Rooney,2.05,98.5,48,Center,2020
Derek Forbort,1.51,30.1,20,Defense,2020
Jon Merrill,2.26,108.5,48,Defense,2020
Tomas Plekanec,0,0,0,Center,2020
Travis Boyd,2.42,58.00000000000001,24,Center,2020
Yannick Weber,1.37,56.3,41,Defense,2020
Carsen Twarynski,1.47,22.0,15,Left Wing,2020
Jonatan Berggren,0,0,0,Right Wing,2020
Lawrence Pilut,0.84,10.9,13,Defense,2020
Mike Fisher,0,0,0,Center,2020
Ilya Lyubushkin,2.14,107.0,50,Defense,2020
Evan Rodrigues,1.35,59.3,44,Center,2020
Eric Robinson,2.09,104.60000000000001,50,Left Wing,2020
Taylor Fedun,2.43,65.69999999999999,27,Defense,2020
Filip Chlapik,1.62,50.2,31,Center,2020
Trent Frederic,0.8,1.5999999999999999,2,Center,2020
Steven Kampfer,2.47,24.7,10,Defense,2020
Joey Anderson,2.14,36.3,17,Right Wing,2020
Riley Nash,1.74,111.19999999999999,64,Center,2020
Miikka Salomaki,2.56,12.799999999999999,5,Right Wing,2020
Ty Rattie,0,0,0,Right Wing,2020
Karson Kuhlman,2.07,51.699999999999996,25,Center,2020
Scott Harrington,2.05,80.0,39,Defense,2020
Oscar Fantenberg,2.3,80.4,35,Defense,2020
Kevan Miller,0,0,0,Defense,2020
Nico Sturm,2.12,12.7,6,Center,2020
Jimmy Schuldt,0,0,0,Defense,2020
Alex Biega,1.6,76.6,48,Defense,2020
Antti Niemi,0,0,0,Goalie,2020
Alex Lyon,5.65,11.3,2,Goalie,2020
Stuart Skinner,0,0,0,Goalie,2020
Jon Gillies,0,0,0,Goalie,2020
Oscar Dansk,-0.18,-0.17999999999999972,1,Goalie,2020
Johnny Oduya,0,0,0,Defense,2020
Gemel Smith,2.23,6.7,3,Center,2020
Ryan Spooner,0,0,0,Center,2020
Mark Letestu,0.63,4.4,7,Center,2020
Jakub Jerabek,0,0,0,Defense,2020
J.T.  Brown,0,0,0,Right Wing,2020
Teemu Pulkkinen,0,0,0,Left Wing,2020
Alex True,1.99,23.9,12,Center,2020
Ross Johnston,2.42,77.5,32,Left Wing,2020
Connor Carrick,2.09,58.4,28,Defense,2020
Christian Folin,2.39,35.8,15,Defense,2020
P.A. Parenteau,0,0,0,Right Wing,2020
Tyler Benson,0.63,4.4,7,Left Wing,2020
Martin Fehervary,1.73,10.4,6,Defense,2020
Maxime Lajoie,0.45,2.7,6,Defense,2020
Mikhail Vorobyev,0.62,12.5,20,Center,2020
Greg McKegg,1.57,80.2,51,Center,2020
Zack MacEwen,2.85,45.6,16,Center,2020
Zach Senyshyn,2.08,8.3,4,Right Wing,2020
Ryan Murphy,0,0,0,Defense,2020
Adam Erne,1.23,69.1,56,Left Wing,2020
Jay O'Brien,0,0,0,Center,2020
Justin Bailey,0.7,1.4,2,Right Wing,2020
Samuel Morin,-0.4,-0.4,1,Defense,2020
John Hayden,1.96,82.3,42,Right Wing,2020
Josh Brown,1.93,106.4,55,Defense,2020
Dennis Wideman,0,0,0,Defense,2020
Zac Rinaldo,3.04,57.7,19,Left Wing,2020
Derrick Pouliot,0.45,0.8999999999999999,2,Defense,2020
Brendan Gaunce,5.2,5.199999999999999,1,Center,2020
Mark Streit,0,0,0,Defense,2020
Ryan Callahan,0,0,0,Right Wing,2020
Brandon Davidson,1.56,17.2,11,Defense,2020
Harri Sateri,0,0,0,Goalie,2020
Scott Wedgewood,0,0,0,Goalie,2020
Niklas Svedberg,0,0,0,Goalie,2020
Landon Bow,0,0,0,Goalie,2020
Veini Vehvilainen,0,0,0,Goalie,2020
Zane  McIntyre,0,0,0,Goalie,2020
Christopher Gibson,0,0,0,Goalie,2020
Antoine Bibeau,9.14,9.14,1,Goalie,2020
Colin Blackwell,2.73,73.6,27,Center,2020
Mackenzie MacEachern,1.91,93.6,49,Left Wing,2020
Otto Koivula,0.58,7.0,12,Left Wing,2020
Anthony Bitetto,2.47,125.9,51,Defense,2020
Par Lindholm,1.41,55.099999999999994,39,Center,2020
Calle Rosen,1.7,20.4,12,Defense,2020
Zach Whitecloud,1.35,20.2,15,Defense,2020
Scott Sabourin,1.74,57.4,33,Right Wing,2020
Gustav Forsling,0,0,0,Defense,2020
Dennis Seidenberg,0,0,0,Defense,2020
Gerald Mayhew,1.7,22.1,13,Right Wing,2020
Nathan Bastian,0,0,0,Right Wing,2020
Aleksi Saarela,1.61,12.9,8,Center,2020
Niklas Kronwall,0,0,0,Defense,2020
Paul Martin,0,0,0,Defense,2020
Vadim Shipachyov,0,0,0,Left Wing,2020
Dominic Moore,0,0,0,Center,2020
Patrick Brown,6.2,6.2,1,Center,2020
Dryden Hunt,1.92,40.4,21,Left Wing,2020
Boris Katchouk,0,0,0,Left Wing,2020
Marian Gaborik,0,0,0,Right Wing,2020
Scott Hartnell,0,0,0,Left Wing,2020
Max Veronneau,0.05,0.20000000000000007,4,Right Wing,2020
Kole Lind,0,0,0,Right Wing,2020
Gustav Olofsson,0.1,0.2999999999999998,3,Defense,2020
Nic Petan,0.88,14.1,16,Center,2020
Saku Maenalanen,0,0,0,Right Wing,2020
Xavier Ouellet,1.82,20.0,11,Defense,2020
Nail Yakupov,0,0,0,Right Wing,2020
Matt Luff,1.33,23.900000000000002,18,Right Wing,2020
John Moore,1.94,44.6,23,Defense,2020
Mark Barberio,1.93,36.6,19,Defense,2020
Andrew Agozzino,1.24,27.2,22,Left Wing,2020
Sam Carrick,2.01,18.1,9,Center,2020
Gilles Senn,3.14,3.1400000000000006,1,Goalie,2020
Filip Gustavsson,0,0,0,Goalie,2020
Mike McKenna,0,0,0,Goalie,2020
Richard Bachman,0,0,0,Goalie,2020
Jeff Glass,0,0,0,Goalie,2020
Joseph Blandisi,1.56,32.7,21,Center,2020
Paul LaDue,3.25,6.5,2,Defense,2020
Alex Petrovic,0,0,0,Defense,2020
Cal O'Reilly,0,0,0,Center,2020
Brian Lashoff,1.81,16.3,9,Defense,2020
Shawn Matthias,0,0,0,Center,2020
Derek Dorsett,0,0,0,Right Wing,2020
Patrik Berglund,0,0,0,Center,2020
Thomas Hickey,0,0,0,Defense,2020
John Quenneville,1.07,9.6,9,Center,2020
Henrik Haapala,0,0,0,Left Wing,2020
Phil Di Giuseppe,1.99,35.8,18,Left Wing,2020
Ales Hemsky,0,0,0,Right Wing,2020
Egor Korshkov,5.5,5.5,1,Right Wing,2020
Riley Barber,0.64,5.8,9,Right Wing,2020
Ben Lovejoy,0,0,0,Defense,2020
Gaetan Haas,1.24,53.2,43,Center,2020
Scottie Upshall,0,0,0,Left Wing,2020
Andreas Englund,1.32,29.0,22,Defense,2020
Nathan Walker,2.18,10.9,5,Center,2020
Jake Evans,1.49,17.9,12,Right Wing,2020
Chris Kunitz,0,0,0,Left Wing,2020
Tim Heed,1.18,43.7,37,Defense,2020
Chris Thorburn,0,0,0,Right Wing,2020
Chris Wideman,0,0,0,Defense,2020
Matt Cullen,0,0,0,Center,2020
Marc Methot,0,0,0,Defense,2020
Kiefer Sherwood,1.88,15.0,8,Right Wing,2020
Brandon Manning,1.86,16.7,9,Defense,2020
Steve Bernier,0,0,0,Right Wing,2020
Dean Kukan,1.48,49.0,33,Defense,2020
Joel Kellman,1.63,48.8,30,Center,2020
Tom Kuhnhackl,1.66,46.5,28,Right Wing,2020
Kyle Brodziak,0,0,0,Center,2020
Patrick Russell,1.13,50.900000000000006,45,Right Wing,2020
Brian Gibbons,0.17,2.6,15,Left Wing,2020
Charles Hudon,0.89,12.399999999999999,14,Left Wing,2020
Dennis Rasmussen,0,0,0,Center,2020
Juho Lammikko,0,0,0,Right Wing,2020
Gustav Lindstrom,1.11,16.7,15,Defense,2020
Michael McCarron,0,0,0,Right Wing,2020
Tommy Wingels,0,0,0,Right Wing,2020
Nick Shore,1.03,63.1,61,Center,2020
Cody Goloubef,1.44,37.5,26,Defense,2020
Mark Alt,0,0,0,Defense,2020
Jani Hakanpaa,1.5,4.5,3,Defense,2020
Micheal Haley,1.25,27.6,22,Center,2020
Klas Dahlbeck,0,0,0,Defense,2020
Ryan Sproul,0,0,0,Defense,2020
Logan Shaw,1.06,37.2,35,Right Wing,2020
Vili Saarijarvi,0,0,0,Defense,2020
Gabriel Bourque,1.64,85.2,52,Left Wing,2020
Garrett Wilson,0,0,0,Left Wing,2020
Dan Girardi,0,0,0,Defense,2020
Eddie Pasquale,0,0,0,Goalie,2020
Jean-Francois  Berube,0,0,0,Goalie,2020
Danny Taylor,0,0,0,Goalie,2020
Derek MacKenzie,0,0,0,Center,2020
Devante Smith-Pelly,0,0,0,Right Wing,2020
Cody McLeod,0,0,0,Left Wing,2020
Andrew MacDonald,0,0,0,Defense,2020
Christoffer Ehn,0.42,21.699999999999996,52,Center,2020
Tom Pyatt,0,0,0,Center,2020
Francois Beauchemin,0,0,0,Defense,2020
Mathieu Olivier,1.5,12.0,8,Center,2020
Nikolay Kulemin,0,0,0,Left Wing,2020
Lukas Radil,0.54,7.6,14,Left Wing,2020
Toby Enstrom,0,0,0,Defense,2020
Aaron Ness,0.93,22.3,24,Defense,2020
Andrew Peeke,1.72,37.8,22,Defense,2020
Cory Conacher,1.15,4.6,4,Left Wing,2020
Christian Wolanin,1.7,1.7,1,Defense,2020
Chris Kelly,0,0,0,Center,2020
Lukas Vejdemo,0.72,4.3,6,Center,2020
Antoine Vermette,0,0,0,Center,2020
Austin Czarnik,2.14,17.1,8,Right Wing,2020
Clark Bishop,0.9,4.5,5,Center,2020
Tanner Fritz,0,0,0,Center,2020
Jake Dotchin,0,0,0,Defense,2020
Justin Dowling,1.49,41.7,28,Center,2020
Matt Stajan,0,0,0,Center,2020
Connor Bunnaman,1.33,27.9,21,Left Wing,2020
Anton Lindholm,2.3,9.2,4,Defense,2020
Josh Gorges,0,0,0,Defense,2020
Eric Fehr,0,0,0,Center,2020
Noah Gregor,1.53,41.3,27,Center,2020
Joachim Blichfeld,1.0,1.0,1,Right Wing,2020
Andrej Sustr,0,0,0,Defense,2020
Cole Bardreau,1.66,16.6,10,Right Wing,2020
Givani Smith,1.44,30.200000000000003,21,Right Wing,2020
Zach Trotman,1.71,13.7,8,Defense,2020
Scott Wilson,1.85,11.1,6,Left Wing,2020
Dominic Toninato,1.97,90.8,46,Center,2020
Alexander Yelesin,1.07,4.3,4,Defense,2020
Brad Malone,0,0,0,Center,2020
Duncan Siemens,0,0,0,Defense,2020
Ian McCoshen,0,0,0,Defense,2020
Lean Bergmann,0.85,9.399999999999999,11,Left Wing,2020
Rasmus Asplund,0.91,26.5,29,Center,2020
Carl Dahlstrom,0.77,11.6,15,Defense,2020
Dillon Heatherington,0,0,0,Defense,2020
Kerby Rychel,0,0,0,Left Wing,2020
Colton White,0.42,2.5,6,Defense,2020
Gabriel Carlsson,0.28,1.7000000000000002,6,Defense,2020
Danil Yurtaykin,0.32,1.2999999999999998,4,Left Wing,2020
Alexander Volkov,0.47,4.2,9,Right Wing,2020
Jansen Harkins,1.23,35.7,29,Center,2020
Daniel Brickley,0,0,0,Defense,2020
Steven Santini,1.35,2.7,2,Defense,2020
Peter Cehlarik,1.4,4.2,3,Left Wing,2020
Anton Slepyshev,0,0,0,Left Wing,2020
Sven Andrighetto,0,0,0,Right Wing,2020
Buddy Robinson,2.8,14.0,5,Right Wing,2020
Greg Pateryn,2.08,41.7,20,Defense,2020
Filip Johansson,0,0,0,Defense,2020
Anthony Peluso,0,0,0,Defense,2020
Jakob  Lilja,1.22,45.1,37,Left Wing,2020
Dmitrij Jaskin,0,0,0,Right Wing,2020
Antti Suomela,2.13,40.5,19,Center,2020
Reid Boucher,0,0,0,Center,2020
Egor Yakovlev,0,0,0,Defense,2020
John Gilmour,0.3,0.9,3,Defense,2020
Kyle Quincey,0,0,0,Defense,2020
Lee Stempniak,0,0,0,Right Wing,2020
Jason Chimera,0,0,0,Left Wing,2020
Alan Quine,1.04,9.4,9,Center,2020
Adam McQuaid,0,0,0,Defense,2020
Lance Bouma,0,0,0,Center,2020
Jordan Szwarz,1.1,3.3,3,Right Wing,2020
Alex Burrows,0,0,0,Right Wing,2020
Kevin Bieksa,0,0,0,Defense,2020
Eric Gelinas,0,0,0,Defense,2020
Luke Witkowski,2.32,27.8,12,Defense,2020
Logan O'Connor,1.41,19.7,14,Right Wing,2020
Jake Walman,1.7,1.7,1,Defense,2020
Troy Brouwer,1.52,19.7,13,Right Wing,2020
Brian Gionta,0,0,0,Right Wing,2020
Cody Franson,0,0,0,Defense,2020
Tyler Graovac,1.86,14.899999999999999,8,Center,2020
Tim Schaller,1.04,55.3,53,Left Wing,2020
David Booth,0,0,0,Right Wing,2020
Evan Cormier,0,0,0,Goalie,2020
Reto Berra,0,0,0,Goalie,2020
Dalton Prout,2.45,4.9,2,Defense,2020
Matt Moulson,0,0,0,Left Wing,2020
Jordan Schroeder,0,0,0,Center,2020
Brennan Menell,1.0,5.0,5,Defense,2020
Louis Belpedio,0,0,0,Defense,2020
Boo Nieves,1.38,5.5,4,Center,2020
Anthony Angello,1.45,11.6,8,Center,2020
Mark Friedman,1.65,9.9,6,Defense,2020
Dominic  Turgeon,0,0,0,Center,2020
Lukas Sedlak,0,0,0,Center,2020
Will Borgen,0,0,0,Defense,2020
Patrick Wiercioch,0,0,0,Defense,2020
Torrey Mitchell,0,0,0,Center,2020
Matt Bartkowski,0,0,0,Defense,2020
Brady Keeper,0,0,0,Defense,2020
Freddie Hamilton,0,0,0,Center,2020
Jared Boll,0,0,0,Right Wing,2020
Casey Nelson,0,0,0,Defense,2020
Joakim Ryan,1.57,55.0,35,Defense,2020
Marcus Kruger,0,0,0,Center,2020
Jimmy Hayes,0,0,0,Right Wing,2020
Jake Bischoff,1.7,6.8,4,Defense,2020
Christian Jaros,1.92,25.0,13,Defense,2020
Tomas Hyka,0,0,0,Left Wing,2020
Matt Hunwick,0,0,0,Defense,2020
Alexandre Carrier,1.43,4.300000000000001,3,Defense,2020
Calvin Thurkauf,0.57,1.7,3,Center,2020
Tanner Glass,0,0,0,Left Wing,2020
Dylan McIlrath,1.63,26.099999999999998,16,Defense,2020
Karl Alzner,0.53,2.1,4,Defense,2020
Matthew Peca,0.92,11.1,12,Left Wing,2020
Jayson Megna,0.74,5.9,8,Center,2020
Joel Hanley,1.94,15.5,8,Defense,2020
Chris Butler,0,0,0,Defense,2020
Matt Tennyson,1.67,31.8,19,Defense,2020
Nick Caamano,1.62,19.4,12,Right Wing,2020
Kole Sherwood,1.77,5.300000000000001,3,Right Wing,2020
Will O'Neill,0,0,0,Defense,2020
Beck Malenstyn,0.6,1.8,3,Left Wing,2020
Lucas Carlsson,1.98,9.9,5,Defense,2020
Jean-Sebastien Dea,0.3,0.8999999999999999,3,Center,2020
Niko Mikkola,2.4,12.0,5,Defense,2020
Trevor Carrick,0.67,2.0,3,Defense,2020
Fredrik Claesson,3.04,15.2,5,Defense,2020
Cameron Hughes,0.3,0.30000000000000004,1,Center,2020
Blake  Pietila,0,0,0,Left Wing,2020
Josh Currie,0,0,0,Right Wing,2020
Jacob Middleton,1.84,18.4,10,Defense,2020
Oscar Lindberg,0,0,0,Center,2020
Mattias Samuelsson,0,0,0,Defense,2020
Brooks Laich,0,0,0,Center,2020
David Gustafsson,0.38,8.3,22,Center,2020
Tim Gettinger,3.3,6.6,2,Left Wing,2020
J.C. Beaudin,1.16,25.5,22,Center,2020
David Warsofsky,0,0,0,Defense,2020
Anthony Greco,0,0,0,Right Wing,2020
Gage Quinney,1.0,3.0,3,Left Wing,2020
Anton Wedin,1.15,4.6,4,Left Wing,2020
Cooper Marody,0,0,0,Center,2020
Danick Martel,0,0,0,Center,2020
David Kase,1.45,8.7,6,Right Wing,2020
Chasen Balisy,0,0,0,Center,2020
Brett Seney,-0.1,-0.20000000000000007,2,Left Wing,2020
Kenny Agostino,0,0,0,Left Wing,2020
Joel Persson,1.37,17.8,13,Defense,2020
Joona Luoto,0.4,6.4,16,Right Wing,2020
Joe Morrow,0,0,0,Defense,2020
A.J. Greer,0,0,0,Left Wing,2020
Victor Ejdsell,0,0,0,Center,2020
Liam O'Brien,0,0,0,Left Wing,2020
Matthew Highmore,1.23,40.7,33,Center,2020
Andreas Martinsen,0,0,0,Left Wing,2020
Jacob MacDonald,0,0,0,Defense,2020
Alexei Emelin,0,0,0,Defense,2020
Joe Hicketts,2.58,15.5,6,Defense,2020
Marko  Dano,1.0,3.0,3,Center,2020
Darren Archibald,0,0,0,Left Wing,2020
Jonny Brodzinski,1.63,4.9,3,Center,2020
Justin Falk,0,0,0,Defense,2020
Nikolai Knyzhov,1.35,2.7,2,Defense,2020
Chris DiDomenico,0,0,0,Left Wing,2020
Andy Andreoff,0.81,11.4,14,Left Wing,2020
Tomas Jurco,1.02,12.299999999999999,12,Right Wing,2020
Keegan Lowe,0,0,0,Defense,2020
Anton Blidh,1.33,9.3,7,Left Wing,2020
David Desharnais,0,0,0,Center,2020
Jason Garrison,0,0,0,Defense,2020
Daniel Catenacci,0,0,0,Center,2020
Andy Welinski,0,0,0,Defense,2020
Steven Fogarty,0.35,2.1,6,Center,2020
Byron Froese,0,0,0,Center,2020
Jordan Nolan,0,0,0,Center,2020
Jordan Schmaltz,0,0,0,Defense,2020
Erik Condra,0,0,0,Right Wing,2020
Keegan Kolesar,0.8,0.8,1,Right Wing,2020
Peter Holland,0,0,0,Center,2020
Daniel Winnik,0,0,0,Left Wing,2020
Michael Blunden,0,0,0,Right Wing,2020
Jonathan Ericsson,0.38,6.499999999999999,17,Defense,2020
Nate Prosser,0,0,0,Defense,2020
Radim Vrbata,0,0,0,Right Wing,2020
Jake Chelios,0,0,0,Defense,2020
Justin Kloos,0,0,0,Center,2020
Nikita Soshnikov,0,0,0,Right Wing,2020
Markus  Hannikainen,0,0,0,Left Wing,2020
Otto Leskinen,0.96,4.8,5,Defense,2020
Marek Langhamer,0,0,0,Goalie,2020
Taylor  Leier,0,0,0,Left Wing,2020
Danny O'Regan,0,0,0,Center,2020
Jaycob Megna,0,0,0,Defense,2020
Dalton Smith,1.6,1.6,1,Left Wing,2020
Curtis Valk,0,0,0,Center,2020
Alexander Burmistrov,0,0,0,Center,2020
Peter Budaj,0,0,0,Goalie,2020
Andrew Crescenzi,0,0,0,Center,2020
Mike Liambas,0,0,0,Defense,2020
Nick Lappin,0,0,0,Right Wing,2020
Kevin Roy,0,0,0,Center,2020
Brandon Gignac,0,0,0,Center,2020
Alex Broadhurst,0,0,0,Center,2020
Seth Griffith,0,0,0,Center,2020
Wade Megan,0,0,0,Center,2020
Corban Knight,0,0,0,Center,2020
Matt Read,0,0,0,Right Wing,2020
Joe Gambardella,0,0,0,Left Wing,2020
Iiro Pakarinen,0,0,0,Right Wing,2020
Matt Hendricks,0,0,0,Center,2020
Anthony Richard,-0.6,-0.6,1,Center,2020
Connor Brickley,0,0,0,Center,2020
Christoph Bertschy,0,0,0,Center,2020
Jim O'Brien,0,0,0,Center,2020
Brandon Hagel,0,0,0,Left Wing,2020
Eric Tangradi,0,0,0,Left Wing,2020
Adam Brooks,1.56,10.9,7,Center,2020
Alexandre Fortin,0,0,0,Left Wing,2020
Ashton Sautner,0.2,0.2,1,Defense,2020
Michael Bunting,0,0,0,Left Wing,2020
Libor Sulak,0,0,0,Defense,2020
Nikita Scherbak,0,0,0,Right Wing,2020
Brett Lernout,0,0,0,Defense,2020
Zack Mitchell,0,0,0,Right Wing,2020
Andreas Borgman,0,0,0,Defense,2020
Frederick Gaudreau,0,0,0,Center,2020
Maxim Mamin,0,0,0,Center,2020
Taylor Chorney,0,0,0,Defense,2020
Rourke Chartier,0,0,0,Center,2020
Zach Redmond,0,0,0,Defense,2020
Jack Rodewald,0,0,0,Right Wing,2020
Ryan MacInnis,1.05,10.5,10,Center,2020
Josh Jacobs,2.55,5.1,2,Defense,2020
Thomas Di Pauli,1.05,2.1,2,Center,2020
Stephen Gionta,0,0,0,Right Wing,2020
Roland McKeown,0,0,0,Defense,2020
Nick Seeler,1.47,17.7,12,Defense,2020
Maxim Letunov,1.7,5.1,3,Center,2020
Victor Antipin,0,0,0,Defense,2020
Frederik Tiffels,0,0,0,Left Wing,2020
Adam Johnson,1.47,10.299999999999999,7,Center,2020
Christian Thomas,0,0,0,Right Wing,2020
Mason Marchment,1.12,4.5,4,Left Wing,2020
Ben Gleason,0,0,0,Defense,2020
Cameron Schilling,0,0,0,Defense,2020
Andrei Mironov,0,0,0,Defense,2020
Ryan Lomberg,0,0,0,Left Wing,2020
Marek Hrivik,0,0,0,Left Wing,2020
Bogdan Kiselevich,0,0,0,Defense,2020
Max McCormick,0,0,0,Left Wing,2020
Rob O'Gara,0,0,0,Defense,2020
Chase De Leo,0.5,0.5,1,Center,2020
Zac Dalpe,0,0,0,Center,2020
Giovanni Fiore,0,0,0,Left Wing,2020
Frank Corrado,0,0,0,Defense,2020
Jori Lehtera,0,0,0,Center,2020
Mario Kempe,0,0,0,Right Wing,2020
Philip Holm,0,0,0,Defense,2020
Nelson Nogier,0,0,0,Defense,2020
Curtis McKenzie,0,0,0,Left Wing,2020
Yohann Auvitu,0,0,0,Defense,2020
Igor Ozhiganov,0,0,0,Defense,2020
Paul Carey,-0.5,-0.5,1,Center,2020
Andrei  Chibisov,0.5,1.0,2,Right Wing,2020
Beau Bennett,0,0,0,Right Wing,2020
Ben Street,1.9,5.699999999999999,3,Center,2020
Guillaume Brisebois,0,0,0,Defense,2020
Matt Puempel,0,0,0,Left Wing,2020
Joel L'Esperance,1.93,5.8,3,Center,2020
Tanner Kero,0,0,0,Center,2020
Josh Teves,0,0,0,Defense,2020
Patrick Sieloff,0,0,0,Defense,2020
Ryan Kuffner,0,0,0,Left Wing,2020
Nic Kerdiles,0,0,0,Left Wing,2020
Kyle Criscuolo,0,0,0,Center,2020
Sheldon Dries,0.84,4.199999999999999,5,Center,2020
Kalle Kossila,0,0,0,Left Wing,2020
Chris Bigras,0,0,0,Defense,2020
Kevin  Gravel,0.83,2.5,3,Defense,2020
Erik Burgdoerfer,0,0,0,Defense,2020
Daniel Carr,0.64,7.0,11,Left Wing,2020
Josh Jooris,0,0,0,Center,2020
Eetu Luostarinen,0.81,6.5,8,Center,2020
Michael Sgarbossa,0.55,1.0999999999999999,2,Center,2020
Laurent Dauphin,0,0,0,Center,2020
Remi Elie,0,0,0,Left Wing,2020
Rem Pitlick,0,0,0,Center,2020
Ben Harpur,0,0,0,Defense,2020
Justin Auger,0,0,0,Right Wing,2020
Nicholas Baptiste,0,0,0,Right Wing,2020
Kurtis Gabriel,0,0,0,Right Wing,2020
Tyrell Goulbourne,0,0,0,Left Wing,2020
Rinat Valiev,0,0,0,Defense,2020
Hudson Fasching,0,0,0,Right Wing,2020
Paul Postma,0,0,0,Defense,2020
Luke Johnson,-0.33,-1.0,3,Center,2020
Gavin Bayreuther,0,0,0,Defense,2020
Kyle Rau,0,0,0,Center,2020
Adam Clendening,0,0,0,Defense,2020
Tyler Lewington,1.82,10.899999999999999,6,Defense,2020
T.J. Tynan,0.47,7.6,16,Center,2020
C.J. Smith,0,0,0,Left Wing,2020
Shane Prince,0,0,0,Left Wing,2020
Stefan Elliott,0,0,0,Defense,2020
Landon Ferraro,0,0,0,Center,2020
Phil Varone,0,0,0,Center,2020
Kevin Connauton,1.0,3.0,3,Defense,2020
Jacob Nilsson,0,0,0,Center,2020
Adam Cracknell,0,0,0,Right Wing,2020
Jonathan Davidsson,0.93,5.6,6,Right Wing,2020
William Lagesson,0.6,4.8,8,Defense,2020
Magnus Paajarvi,0,0,0,Left Wing,2020
Sheldon Rempal,0,0,0,Right Wing,2020
Austin Poganski,0.0,0.0,1,Right Wing,2020
Jacob Josefson,0,0,0,Center,2020
Rhett Gardner,0.7,5.6,8,Center,2020
Michael Bournival,0,0,0,Left Wing,2020
Michael Chaput,0.45,0.9,2,Center,2020
Gabriel Dumont,1.1,3.3,3,Center,2020
Vinni Lettieri,0,0,0,Center,2020
Eric Gryba,0,0,0,Defense,2020
Jordan Gross,3.55,7.1,2,Defense,2020
Matthew Tkachuk,4.98,343.40000000000003,69,Left Wing,2020
Andrei Vasilevskiy,7.85,400.36,51,Goalie,2020
Carey Price,6.24,355.86,57,Goalie,2020
Kris Letang,5.47,328.3,60,Defense,2020
John Klingberg,3.95,224.9,57,Defense,2020
Dylan Larkin,3.9,273.1,70,Center,2020
Elias Lindholm,4.45,311.29999999999995,70,Right Wing,2020
Ryan Pulock,4.64,310.7,67,Defense,2020
Drew Doughty,4.0,260.0,65,Defense,2020
Jonathan Toews,4.18,288.2,69,Center,2020
Mika Zibanejad,7.81,429.6,55,Center,2020
Brendan Gallagher,4.35,252.1,58,Right Wing,2020
Brady Tkachuk,4.83,333.3,69,Left Wing,2020
Clayton Keller,3.28,226.20000000000002,69,Center,2020
Quinn Hughes,4.51,302.5,67,Defense,2020
Mikhail Sergachev,4.45,306.8,69,Defense,2020
Ryan Getzlaf,3.83,256.9,67,Center,2020
Zach Parise,3.66,252.5,69,Left Wing,2020
Alexandar Georgiev,6.78,210.24,31,Goalie,2020
Eric Staal,3.47,228.7,66,Center,2020
Andreas Athanasiou,2.15,114.0,53,Left Wing,2020
Noel Acciari,3.77,244.8,65,Center,2020
Alex Ovechkin,6.62,443.4,67,Left Wing,2020
Tyler Seguin,4.33,294.6,68,Center,2020
John Carlson,7.17,487.9,68,Defense,2020
Martin Jones,4.99,199.62,40,Goalie,2020
Alexander Radulov,3.87,232.10000000000002,60,Right Wing,2020
Shea Weber,5.0,320.1,64,Defense,2020
Sean Couturier,4.75,322.8,68,Center,2020
Rasmus Dahlin,4.36,252.8,58,Defense,2020
Evgeny Kuznetsov,3.97,246.1,62,Center,2020
Jake Guentzel,6.02,234.9,39,Left Wing,2020
Oliver Ekman-Larsson,3.9,253.6,65,Defense,2020
Petr Mrazek,6.16,228.08,37,Goalie,2020
Teuvo Teravainen,4.72,316.3,67,Right Wing,2020
Brayden Schenn,4.68,323.09999999999997,69,Center,2020
Mike Hoffman,4.66,317.2,68,Left Wing,2020
Mikko Koskinen,7.19,237.26,33,Goalie,2020
Shayne Gostisbehere,2.48,101.8,41,Defense,2020
Brandon Montour,3.08,163.3,53,Defense,2020
Tomas Tatar,4.63,314.9,68,Left Wing,2020
David Perron,5.03,346.90000000000003,69,Right Wing,2020
Shea Theodore,4.63,323.8,70,Defense,2020
James Neal,3.78,200.1,53,Right Wing,2020
Brad Marchand,6.55,451.99999999999994,69,Left Wing,2020
Blake Wheeler,5.06,348.8,69,Right Wing,2020
Mark Giordano,4.68,280.7,60,Defense,2020
Brayden Point,4.98,323.8,65,Center,2020
Tuukka Rask,8.07,322.96000000000004,40,Goalie,2020
Keith Yandle,4.11,279.8,68,Defense,2020
John Gibson,5.33,271.66,51,Goalie,2020
Alex DeBrincat,3.4,234.60000000000002,69,Left Wing,2020
Filip Forsberg,4.1,254.0,62,Left Wing,2020
Logan Couture,4.28,222.8,52,Center,2020
Joe Pavelski,3.19,210.8,66,Right Wing,2020
Carter Hart,6.82,266.15999999999997,39,Goalie,2020
Tony DeAngelo,5.53,364.70000000000005,66,Defense,2020
William Karlsson,4.21,260.9,62,Center,2020
Reilly Smith,4.27,298.8,70,Right Wing,2020
Joel Armia,3.91,222.59999999999997,57,Right Wing,2020
Timo Meier,4.1,283.0,69,Right Wing,2020
Kyle Palmieri,4.48,286.5,64,Right Wing,2020
Ian Cole,3.8,239.4,63,Defense,2020
Tanner Pearson,3.97,270.0,68,Left Wing,2020
Jake DeBrusk,3.12,199.79999999999998,64,Left Wing,2020
Erik Gustafsson,3.2,211.0,66,Defense,2020
Leon Draisaitl,7.64,527.4,69,Left Wing,2020
Aleksander Barkov,4.73,307.6,65,Center,2020
Marc-Andre Fleury,6.65,312.68,47,Goalie,2020
Roman Josi,6.71,456.6,68,Defense,2020
Claude Giroux,4.42,300.7,68,Left Wing,2020
Pierre-Luc Dubois,3.99,279.29999999999995,70,Center,2020
Jacob Trouba,4.2,285.6,68,Defense,2020
Semyon Varlamov,6.98,265.36,38,Goalie,2020
Rasmus Ristolainen,4.24,288.5,68,Defense,2020
Max Pacioretty,5.75,402.3,70,Left Wing,2020
Ryan Ellis,5.74,275.4,48,Defense,2020
Nikolaj Ehlers,4.16,286.8,69,Left Wing,2020
Anthony Mantha,5.03,211.2,42,Right Wing,2020
David Rittich,6.43,308.8,48,Goalie,2020
Jaccob Slavin,4.26,285.5,67,Defense,2020
Jakob Silfverberg,3.34,213.89999999999998,64,Right Wing,2020
Anthony Duclair,3.82,244.70000000000002,64,Left Wing,2020
Colton Parayko,4.01,248.4,62,Defense,2020
Connor Murphy,3.84,218.9,57,Defense,2020
Anthony Beauvillier,3.16,211.4,67,Left Wing,2020
Brandon Tanev,3.4,227.60000000000002,67,Left Wing,2020
Tyler Toffoli,3.64,244.0,67,Right Wing,2020
Nikita Kucherov,6.4,428.5,67,Right Wing,2020
Patrick Kane,5.98,412.5,69,Right Wing,2020
Jack Eichel,6.33,424.3,67,Center,2020
Ben Bishop,6.84,287.2,42,Goalie,2020
Artemi Panarin,6.87,460.49999999999994,67,Left Wing,2020
Jamie Benn,4.37,297.4,68,Left Wing,2020
Bo Horvat,4.3,292.2,68,Center,2020
Miro Heiskanen,3.79,253.9,67,Defense,2020
Anze Kopitar,4.84,329.1,68,Center,2020
Ryan Strome,4.68,318.4,68,Center,2020
Adam Fox,4.28,291.0,68,Defense,2020
Samuel Girard,3.6,244.6,68,Defense,2020
Zach Hyman,4.28,214.20000000000002,50,Left Wing,2020
Kevin Fiala,4.43,283.6,64,Center,2020
Victor Olofsson,4.01,212.60000000000002,53,Right Wing,2020
Matt Niskanen,4.34,291.1,67,Defense,2020
Jordan Eberle,3.91,222.8,57,Right Wing,2020
Kailer Yamamoto,5.33,133.2,25,Right Wing,2020
Corey Crawford,6.04,229.44,38,Goalie,2020
Igor Shesterkin,9.55,105.08,11,Goalie,2020
Dougie Hamilton,6.78,318.7,47,Defense,2020
Seth Jones,4.71,263.79999999999995,56,Defense,2020
Nathan MacKinnon,7.08,481.5,68,Center,2020
Victor Hedman,6.17,407.2,66,Defense,2020
Patrice Bergeron,5.9,354.2,60,Center,2020
Evgeni Malkin,6.61,356.69999999999993,54,Center,2020
Braden Holtby,6.11,281.18,46,Goalie,2020
Charlie McAvoy,4.51,297.7,66,Defense,2020
Evander Kane,5.43,342.2,63,Left Wing,2020
Patrik Laine,5.31,350.5,66,Right Wing,2020
Jeff Petry,4.51,316.0,70,Defense,2020
Jaroslav Halak,8.21,238.04,29,Goalie,2020
Travis Konecny,4.85,315.5,65,Right Wing,2020
Robin Lehner,8.03,272.91999999999996,34,Goalie,2020
Bryan Rust,6.1,329.3,54,Right Wing,2020
Patric Hornqvist,4.51,230.20000000000002,51,Right Wing,2020
Jason Zucker,3.68,217.4,59,Left Wing,2020
Darcy Kuemper,7.63,213.76,28,Goalie,2020
Morgan Rielly,4.45,204.6,46,Defense,2020
Oscar Klefbom,4.76,285.5,60,Defense,2020
Vladimir Tarasenko,4.98,49.800000000000004,10,Right Wing,2020
Brock Boeser,4.38,245.49999999999997,56,Right Wing,2020
Steven Stamkos,6.35,362.0,57,Center,2020
Mark Stone,5.27,342.50000000000006,65,Right Wing,2020
Brent Burns,4.82,332.9,69,Defense,2020
Auston Matthews,6.65,458.7,69,Center,2020
Frederik Andersen,6.95,354.44,51,Goalie,2020
Jonathan Huberdeau,5.57,378.8,68,Left Wing,2020
Taylor Hall,4.24,271.5,64,Left Wing,2020
Torey Krug,5.27,321.5,61,Defense,2020
Elias Pettersson,5.35,358.59999999999997,67,Center,2020
Thomas Chabot,3.91,269.9,69,Defense,2020
Nicklas Backstrom,4.37,262.29999999999995,60,Center,2020
Jonathan Marchessault,4.35,282.8,65,Left Wing,2020
Jacob Markstrom,7.2,309.66,43,Goalie,2020
Ryan Suter,4.5,310.70000000000005,69,Defense,2020
Vincent Trocheck,3.55,216.5,61,Center,2020
Jared Spurgeon,4.34,269.1,62,Defense,2020
Andrei Svechnikov,5.22,349.9,67,Left Wing,2020
Alexander Edler,5.27,305.4,58,Defense,2020
Mike Smith,6.45,232.2,36,Goalie,2020
Neal Pionk,5.23,360.9,69,Defense,2020
Jean-Gabriel Pageau,4.72,311.79999999999995,66,Center,2020
Phil Kessel,2.63,181.3,69,Right Wing,2020
Ilya Kovalchuk,3.35,150.70000000000002,45,Left Wing,2020
Blake Coleman,4.3,279.59999999999997,65,Left Wing,2020
Connor McDavid,7.65,481.8,63,Center,2020
Mikko Rantanen,5.37,225.5,42,Right Wing,2020
Johnny Gaudreau,3.79,265.2,70,Left Wing,2020
Mark Scheifele,5.42,373.8,69,Center,2020
Pekka Rinne,5.91,206.78,35,Goalie,2020
Tyson Barrie,3.82,263.70000000000005,69,Defense,2020
Darnell Nurse,4.4,303.5,69,Defense,2020
Devan Dubnyk,4.94,138.32,28,Goalie,2020
Ryan O'Reilly,4.12,284.2,69,Center,2020
Kyle Connor,5.42,373.7,69,Left Wing,2020
Ivan Provorov,4.63,315.1,68,Defense,2020
Esa Lindell,3.41,231.9,68,Defense,2020
Ryan Johansen,2.9,194.29999999999998,67,Center,2020
Ryan Nugent-Hopkins,5.1,321.49999999999994,63,Center,2020
Evgenii Dadonov,3.59,244.39999999999998,68,Right Wing,2020
Sam Reinhart,3.51,238.4,68,Right Wing,2020
J.T. Miller,5.86,398.7,68,Center,2020
Ondrej Palat,4.18,284.0,68,Left Wing,2020
Ryan Graves,4.53,303.6,67,Defense,2020
Tristan Jarry,7.73,239.54,31,Goalie,2020
Ilya Samsonov,7.97,175.38,22,Goalie,2020
Duncan Keith,3.46,207.8,60,Defense,2020
David Pastrnak,8.09,558.2,69,Right Wing,2020
Mitch Marner,5.48,317.8,58,Right Wing,2020
Jordan Binnington,7.22,353.84,49,Goalie,2020
Mathew Barzal,4.43,296.5,67,Center,2020
Zach Werenski,4.96,312.20000000000005,63,Defense,2020
Connor Hellebuyck,7.36,397.48,54,Goalie,2020
William Nylander,4.33,289.9,67,Right Wing,2020
T.J. Oshie,4.33,294.20000000000005,68,Right Wing,2020
Kevin Shattenkirk,3.83,264.5,69,Defense,2020
Nick Schmaltz,3.0,207.20000000000002,69,Center,2020
Rickard Rakell,3.61,227.20000000000002,63,Center,2020
Brock Nelson,4.19,280.6,67,Center,2020
Lars Eller,3.46,235.6,68,Center,2020
Alex Goligoski,4.01,276.79999999999995,69,Defense,2020
Nick Bonino,3.46,228.20000000000002,66,Center,2020
Jaden Schwartz,4.37,301.40000000000003,69,Left Wing,2020
Jakub Voracek,4.06,276.20000000000005,68,Right Wing,2020
Hampus Lindholm,3.19,175.2,55,Defense,2020
Mackenzie Blackwood,7.55,317.0,42,Goalie,2020
Anthony Cirelli,4.21,281.9,67,Center,2020
Dmitry Orlov,3.32,226.0,68,Defense,2020
Brandon Carlo,3.04,203.9,67,Defense,2020
Sidney Crosby,5.56,222.4,40,Center,2020
John Tavares,4.82,299.1,62,Center,2020
Sergei Bobrovsky,5.88,287.88,49,Goalie,2020
Gabriel Landeskog,4.9,255.0,52,Left Wing,2020
Matt Murray,6.0,222.16,37,Goalie,2020
Alex Pietrangelo,5.42,368.9,68,Defense,2020
Sean Monahan,3.63,254.2,70,Center,2020
Aaron Ekblad,4.24,279.7,66,Defense,2020
Tom Wilson,4.94,330.8,67,Right Wing,2020
Mattias Ekholm,3.85,257.7,67,Defense,2020
Cale Makar,5.47,306.1,56,Defense,2020
Anders Lee,4.16,279.0,67,Left Wing,2020
Jakub Vrana,4.08,277.3,68,Center,2020
Mikael Backlund,3.43,240.4,70,Center,2020
Phillip Danault,3.84,268.7,70,Center,2020
Max Domi,3.25,227.7,70,Center,2020
Alex Killorn,4.16,278.8,67,Left Wing,2020
Charlie Coyle,3.33,229.8,69,Center,2020
Pavel Francouz,8.43,244.54,29,Goalie,2020
Dominik Kubalik,3.89,260.5,67,Left Wing,2020
Zdeno Chara,2.87,192.3,67,Defense,2020
Sidney Crosby,5.97,328.3,55,Center,2021
Kris Letang,5.98,329.1,55,Defense,2021
Dougie Hamilton,5.91,325.1,55,Defense,2021
Miro Heiskanen,3.53,193.9,55,Defense,2021
Ryan Pulock,3.5,196.2,56,Defense,2021
Alexander Edler,2.77,144.2,52,Defense,2021
Vincent Trocheck,5.37,252.2,47,Center,2021
Travis Konecny,3.8,189.8,50,Right Wing,2021
Chris Kreider,4.84,242.1,50,Left Wing,2021
Sergei Bobrovsky,7.04,211.34,30,Goalie,2021
Pierre-Luc Dubois,2.91,133.8,46,Center,2021
Evgeni Malkin,4.14,136.5,33,Center,2021
Tyler Myers,3.4,186.9,55,Defense,2021
Thomas Chabot,4.45,218.20000000000002,49,Defense,2021
Alex Iafallo,2.97,163.10000000000002,55,Left Wing,2021
Shea Weber,3.82,183.2,48,Defense,2021
Patric Hornqvist,4.71,207.2,44,Right Wing,2021
Adam Larsson,3.17,177.4,56,Defense,2021
Frederik Andersen,6.07,139.56,23,Goalie,2021
Sean Monahan,3.1,154.79999999999998,50,Center,2021
Keith Yandle,3.29,184.4,56,Defense,2021
Roope Hintz,5.63,230.7,41,Center,2021
Tanner Pearson,2.32,118.5,51,Left Wing,2021
Victor Olofsson,2.67,149.7,56,Right Wing,2021
Kailer Yamamoto,2.74,142.7,52,Right Wing,2021
Tomas Tatar,3.23,161.70000000000002,50,Left Wing,2021
Zach Parise,2.43,109.2,45,Left Wing,2021
Oliver Ekman-Larsson,3.58,164.79999999999998,46,Defense,2021
Filip Hronek,3.13,175.2,56,Defense,2021
Reilly Smith,3.39,179.50000000000003,53,Right Wing,2021
Jack Eichel,4.21,88.5,21,Center,2021
Jaccob Slavin,3.14,163.3,52,Defense,2021
Adam Henrique,2.69,121.2,45,Center,2021
Jaden Schwartz,3.1,124.0,40,Left Wing,2021
Dylan Larkin,3.07,134.9,44,Center,2021
Cam Atkinson,3.27,183.39999999999998,56,Right Wing,2021
Mikael Granlund,3.15,160.8,51,Left Wing,2021
Evgenii Dadonov,2.03,111.9,55,Right Wing,2021
Mikko Koskinen,5.5,137.6,25,Goalie,2021
Aaron Ekblad,5.07,177.3,35,Defense,2021
Thatcher Demko,6.27,219.3,35,Goalie,2021
Brendan Gallagher,4.19,146.8,35,Right Wing,2021
Nate Schmidt,2.18,117.9,54,Defense,2021
Nils Hoglander,2.48,138.70000000000002,56,Left Wing,2021
Rasmus Andersson,2.99,167.60000000000002,56,Defense,2021
Alexander Radulov,6.27,69.0,11,Right Wing,2021
Damon Severson,2.8,157.0,56,Defense,2021
Zach Werenski,3.77,132.0,35,Defense,2021
Kevin Hayes,3.22,177.0,55,Center,2021
Josh Norris,3.53,197.70000000000002,56,Center,2021
Phil Kessel,3.57,200.0,56,Right Wing,2021
Anders Lee,4.75,128.3,27,Left Wing,2021
John Marino,2.36,122.5,52,Defense,2021
Dustin Brown,3.89,190.70000000000002,49,Right Wing,2021
Elvis Merzlikins,6.62,152.32,23,Goalie,2021
Joonas Donskoi,3.69,188.39999999999998,51,Right Wing,2021
Alexis Lafrenière,1.9,106.20000000000002,56,Left Wing,2021
John Gibson,4.89,171.02,35,Goalie,2021
Alex Nedeljkovic,8.34,191.88,23,Goalie,2021
Nikita Zaitsev,3.15,173.0,55,Defense,2021
Tyler Seguin,4.17,12.5,3,Center,2021
Jason Zucker,2.91,110.4,38,Left Wing,2021
Tyler Bertuzzi,5.01,45.1,9,Left Wing,2021
Linus Ullmark,6.46,129.24,20,Goalie,2021
Travis Hamonic,3.22,122.4,38,Defense,2021
Jakob Silfverberg,1.91,89.8,47,Right Wing,2021
Ryan Getzlaf,2.5,120.2,48,Center,2021
Vladislav Namestnikov,2.22,117.4,53,Center,2021
Chris Driedger,7.72,177.46,23,Goalie,2021
Jared McCann,4.42,190.0,43,Left Wing,2021
Tony DeAngelo,1.2,7.199999999999999,6,Defense,2021
Nick Foligno,3.32,162.7,49,Left Wing,2021
Nick Ritchie,3.19,178.4,56,Left Wing,2021
Jaroslav Halak,6.7,113.92,17,Goalie,2021
Mikael Backlund,3.23,174.20000000000002,54,Center,2021
Kasperi Kapanen,3.94,157.5,40,Right Wing,2021
Craig Smith,3.9,210.60000000000002,54,Right Wing,2021
Andrew Mangiapane,3.35,187.7,56,Left Wing,2021
Brady Skjei,2.55,132.6,52,Defense,2021
Eric Staal,1.03,54.800000000000004,53,Center,2021
Adam Lowry,3.47,180.4,52,Center,2021
Nikita Kucherov,0,0,0,Right Wing,2021
Jake Allen,5.74,155.02,27,Goalie,2021
Ryan Johansen,2.62,125.9,48,Center,2021
Jamie Oleksiak,3.16,176.7,56,Defense,2021
Denis Gurianov,3.19,175.20000000000002,55,Left Wing,2021
Paul Stastny,2.94,164.70000000000002,56,Center,2021
Mario Ferraro,3.24,181.7,56,Defense,2021
Gabriel Vilardi,2.06,111.2,54,Center,2021
Jonathan Toews,0,0,0,Center,2021
Sam Bennett,3.67,176.20000000000002,48,Left Wing,2021
Derek Forbort,2.79,156.4,56,Defense,2021
Brandon Tanev,4.54,145.39999999999998,32,Left Wing,2021
Boone Jenner,2.97,121.89999999999999,41,Center,2021
Jeff Carter,3.6,194.20000000000002,54,Center,2021
Travis Sanheim,2.18,119.8,55,Defense,2021
Joonas Korpisalo,4.7,145.76,31,Goalie,2021
Josh Bailey,3.14,169.5,54,Left Wing,2021
David Savard,2.15,116.1,54,Defense,2021
Carl Soderberg,2.69,120.9,45,Center,2021
Brandon Saad,2.76,121.49999999999999,44,Left Wing,2021
Christopher Tanev,2.56,143.4,56,Defense,2021
Matt Duchene,2.01,68.4,34,Center,2021
T.J. Brodie,2.68,149.89999999999998,56,Defense,2021
Jack Roslovic,3.4,163.39999999999998,48,Center,2021
Pavel Zacha,3.5,175.2,50,Center,2021
Brian Elliott,5.97,155.32,26,Goalie,2021
Tyler Johnson,2.29,126.1,55,Center,2021
Zdeno Chara,2.43,133.5,55,Defense,2021
Cole Caufield,2.75,27.5,10,Right Wing,2021
Kevin Shattenkirk,2.46,135.1,55,Defense,2021
Tyler Motte,3.76,90.2,24,Center,2021
Pekka Rinne,5.97,125.44,21,Goalie,2021
Justin Holl,3.39,186.5,55,Defense,2021
Ty Smith,3.01,144.5,48,Defense,2021
Erik Gustafsson,2.72,78.9,29,Defense,2021
Jonathan Drouin,2.45,107.8,44,Left Wing,2021
Pavel Francouz,0,0,0,Goalie,2021
Nick Schmaltz,3.09,160.8,52,Center,2021
Eeli Tolvanen,3.44,137.6,40,Left Wing,2021
Scott Mayfield,3.0,168.0,56,Defense,2021
Kevin Labanc,2.81,154.4,55,Right Wing,2021
Lars Eller,2.79,122.89999999999999,44,Center,2021
Viktor Arvidsson,3.38,169.0,50,Right Wing,2021
Casey DeSmith,7.35,124.9,17,Goalie,2021
Valeri Nichushkin,2.63,144.8,55,Right Wing,2021
Jake Oettinger,6.64,159.34,24,Goalie,2021
Ben Bishop,0,0,0,Goalie,2021
Brenden Dillon,3.48,194.8,56,Defense,2021
Alexander Romanov,2.21,119.4,54,Defense,2021
Alexandar Georgiev,5.7,102.62,18,Goalie,2021
Laurent Brossoit,6.94,76.36,11,Goalie,2021
Pius Suter,2.91,160.0,55,Center,2021
Calvin de Haan,2.62,115.5,44,Defense,2021
Hampus Lindholm,2.74,49.300000000000004,18,Defense,2021
Kirby Dach,2.53,45.50000000000001,18,Center,2021
Victor Rask,2.09,112.99999999999999,54,Center,2021
Yegor Sharangovich,2.8,151.0,54,Center,2021
Matt Murray,4.92,122.97999999999999,25,Goalie,2021
Brandon Montour,3.19,159.5,50,Defense,2021
Joe Thornton,2.4,105.7,44,Center,2021
Charlie Coyle,2.14,108.89999999999999,51,Center,2021
Nikita Zadorov,2.71,149.2,55,Defense,2021
Jesperi Kotkaniemi,2.33,130.7,56,Center,2021
Jonathan Quick,5.58,122.76,22,Goalie,2021
Noah Hanifin,2.53,119.10000000000001,47,Defense,2021
Jeff Skinner,1.5,79.4,53,Left Wing,2021
Shayne Gostisbehere,3.68,150.7,41,Defense,2021
Filip  Gustavsson,9.88,69.14,7,Goalie,2021
Milan Lucic,2.7,151.29999999999998,56,Left Wing,2021
Erik Cernak,3.6,165.8,46,Defense,2021
Miles Wood,2.75,151.0,55,Left Wing,2021
Jason Spezza,2.85,153.8,54,Center,2021
Alex Galchenyuk,2.19,74.6,34,Left Wing,2021
Noah Dobson,2.72,125.2,46,Defense,2021
Vince Dunn,3.39,145.8,43,Defense,2021
Dylan Strome,2.2,87.80000000000001,40,Center,2021
Kaapo Kakko,2.08,99.9,48,Right Wing,2021
Ben Chiarot,2.42,99.3,41,Defense,2021
Bobby Ryan,2.44,80.5,33,Right Wing,2021
Ryan Hartman,2.79,142.2,51,Right Wing,2021
Spencer Knight,11.67,35.019999999999996,3,Goalie,2021
Jesper Bratt,3.45,158.90000000000003,46,Right Wing,2021
Jonathan Bernier,5.88,135.24,23,Goalie,2021
Trevor Zegras,2.76,66.3,24,Center,2021
Brayden McNabb,3.02,124.0,41,Defense,2021
Joel Armia,2.83,115.89999999999999,41,Right Wing,2021
Michael Bunting,4.05,85.10000000000001,21,Left Wing,2021
Brian Dumoulin,3.41,140.0,41,Defense,2021
K'Andre Miller,2.85,151.3,53,Defense,2021
Troy Grosenick,7.31,14.62,2,Goalie,2021
Casey Mittelstadt,2.62,107.4,41,Center,2021
Jani Hakanpaa,2.67,152.3,57,Defense,2021
Devan Dubnyk,4.92,88.58,18,Goalie,2021
Robert Bortuzzo,2.23,89.30000000000001,40,Defense,2021
Alex Newhook,2.93,17.599999999999998,6,Center,2021
Artem Zub,3.01,141.3,47,Defense,2021
Jack Rathbone,3.2,25.6,8,Defense,2021
Alex Wennberg,3.41,191.0,56,Center,2021
Jordan Oesterle,2.27,97.6,43,Defense,2021
Jake DeBrusk,2.31,94.60000000000001,41,Left Wing,2021
Cam Fowler,2.62,146.5,56,Defense,2021
Ville Husso,6.29,94.42,15,Goalie,2021
Josh Archibald,2.82,146.6,52,Right Wing,2021
Andreas Athanasiou,2.38,111.89999999999999,47,Left Wing,2021
Carson Soucy,3.2,159.8,50,Defense,2021
Mikey Anderson,2.34,126.2,54,Defense,2021
Tyson Jost,2.25,121.60000000000001,54,Center,2021
Thomas Greiss,5.56,161.3,29,Goalie,2021
Cody Ceci,3.07,162.8,53,Defense,2021
Dillon Dube,2.7,137.5,51,Center,2021
Colin Blackwell,2.79,131.3,47,Center,2021
Michael Del Zotto,2.7,143.3,53,Defense,2021
Mattias Janmark,2.2,123.3,56,Left Wing,2021
David Rittich,5.12,76.74,15,Goalie,2021
Zach Sanford,2.36,122.60000000000001,52,Left Wing,2021
Garnet Hathaway,3.03,169.9,56,Right Wing,2021
Oliver Wahlstrom,3.28,144.2,44,Right Wing,2021
Nick Paul,2.65,148.4,56,Center,2021
Marcus Hogberg,3.8,38.04,10,Goalie,2021
Marco Scandella,2.53,124.2,49,Defense,2021
Malcolm Subban,5.88,82.28,14,Goalie,2021
Nic Dowd,2.48,138.6,56,Center,2021
Antti Raanta,6.53,71.86,11,Goalie,2021
Mason Appleton,2.72,152.10000000000002,56,Center,2021
Teddy Blueger,3.16,136.0,43,Center,2021
Alexander Barabanov,2.11,46.5,22,Left Wing,2021
Barclay Goodrow,2.91,159.8,55,Right Wing,2021
Luke Glendening,2.28,123.30000000000001,54,Center,2021
Robert Thomas,1.68,55.4,33,Center,2021
Ethan Bear,1.99,85.6,43,Defense,2021
Conor Sheary,2.34,124.00000000000001,53,Left Wing,2021
Dylan Cozens,1.53,62.699999999999996,41,Center,2021
Daniel Sprong,2.63,110.3,42,Right Wing,2021
Ian Cole,2.39,129.0,54,Defense,2021
Ryan Lindgren,3.23,164.9,51,Defense,2021
Wayne Simmonds,2.36,89.6,38,Right Wing,2021
Erik Brannstrom,3.16,94.7,30,Defense,2021
Gustav Forsling,3.43,147.7,43,Defense,2021
Radek Faksa,2.18,119.8,55,Center,2021
Adin Hill,6.62,112.48,17,Goalie,2021
Filip Zadina,2.19,107.5,49,Right Wing,2021
Bowen Byram,1.92,36.5,19,Defense,2021
Brendan Lemieux,2.32,113.6,49,Left Wing,2021
Quinton Byfield,1.47,8.799999999999999,6,Center,2021
Robby Fabbri,4.0,120.10000000000001,30,Center,2021
Patrik Nemeth,2.39,124.2,52,Defense,2021
Oskar Lindblom,1.62,81.2,50,Left Wing,2021
Corey Perry,2.62,128.4,49,Right Wing,2021
Curtis McElhinney,3.91,46.98,12,Goalie,2021
Derek Stepan,2.14,42.7,20,Center,2021
Andreas Johnsson,1.53,76.4,50,Left Wing,2021
Nolan Patrick,0.86,44.8,52,Center,2021
Joel Kiviranta,2.67,69.5,26,Left Wing,2021
Ryan Reaves,2.14,79.1,37,Right Wing,2021
Adam Pelech,2.82,158.10000000000002,56,Defense,2021
Trevor Moore,2.19,122.9,56,Left Wing,2021
Adam Erne,3.0,135.1,45,Left Wing,2021
Nico Sturm,2.39,119.29999999999998,50,Center,2021
Oscar Klefbom,0,0,0,Defense,2021
Brandon Hagel,2.61,135.7,52,Left Wing,2021
Matt Roy,2.52,111.1,44,Defense,2021
Jaromir Jagr,0,0,0,Right Wing,2021
Zach Aston-Reese,2.84,127.8,45,Center,2021
Jujhar Khaira,2.84,113.6,40,Left Wing,2021
Wyatt Kalynuk,2.78,58.4,21,Defense,2021
Erik Gudbranson,2.24,100.6,45,Defense,2021
Alexander Kerfoot,2.37,132.5,56,Center,2021
Jamie Drysdale,1.9,45.5,24,Defense,2021
Alexandre Texier,1.67,81.8,49,Center,2021
Josef Korenar,5.29,37.04,7,Goalie,2021
Oskar Sundqvist,2.43,68.1,28,Center,2021
Will Butcher,3.0,69.1,23,Defense,2021
Mike Matheson,3.15,138.4,44,Defense,2021
Matt Martin,2.42,130.7,54,Left Wing,2021
Ivan Barbashev,2.15,81.6,38,Center,2021
Luke Kunin,3.3,125.30000000000001,38,Center,2021
Brandon Carlo,2.3,62.1,27,Defense,2021
Travis Zajac,2.34,107.6,46,Center,2021
Nikita Gusev,1.38,42.7,31,Left Wing,2021
Brock McGinn,2.26,83.60000000000001,37,Left Wing,2021
Jeremy Lauzon,2.94,120.5,41,Defense,2021
Conor Timmins,1.9,59.0,31,Defense,2021
Pierre-Edouard Bellemare,1.74,92.1,53,Right Wing,2021
Cody Glass,2.41,65.0,27,Center,2021
Tyler Graovac,1.83,25.6,14,Center,2021
Scott Wedgewood,4.71,70.64,15,Goalie,2021
Filip Chytil,2.74,115.2,42,Right Wing,2021
Brooks Orpik,0,0,0,Defense,2021
Jaret Anderson-Dolan,2.05,69.8,34,Center,2021
Artturi Lehkonen,2.26,106.4,47,Left Wing,2021
Ilya Mikheyev,2.2,118.9,54,Right Wing,2021
Dominik Kahun,1.64,78.80000000000001,48,Center,2021
Michael Stone,2.27,47.7,21,Defense,2021
Henrik Lundqvist,0,0,0,Goalie,2021
Cal Clutterbuck,2.36,117.8,50,Right Wing,2021
Matt Cullen,0,0,0,Center,2021
James Neal,2.15,62.3,29,Right Wing,2021
Mathieu Joseph,2.22,124.39999999999999,56,Right Wing,2021
Austin Watson,3.02,102.7,34,Right Wing,2021
Zach Whitecloud,2.76,141.0,51,Defense,2021
Erik Haula,2.76,140.6,51,Left Wing,2021
Alex Barre-Boulet,1.74,26.099999999999998,15,Center,2021
Brandon Sutter,1.98,85.0,43,Center,2021
Patrick Marleau,1.09,61.3,56,Left Wing,2021
Rasmus Sandin,3.4,30.6,9,Defense,2021
Dan  Hamhuis,0,0,0,Defense,2021
Evan Bouchard,2.79,39.0,14,Defense,2021
Matthew Highmore,1.28,53.8,42,Center,2021
Sean Kuraly,1.87,87.8,47,Center,2021
Pat Maroon,2.18,119.7,55,Left Wing,2021
Trevor Daley,0,0,0,Defense,2021
Johnny  Boychuk,0,0,0,Defense,2021
Dante Fabbro,2.76,110.3,40,Defense,2021
Carter Hutton,2.2,26.439999999999998,12,Goalie,2021
Ryan Miller,3.92,54.82000000000001,14,Goalie,2021
Nick Bjugstad,2.6,114.6,44,Center,2021
Corey  Crawford,0,0,0,Goalie,2021
Shane Pinto,3.42,41.0,12,Center,2021
Justin Williams,0,0,0,Right Wing,2021
Jason Dickinson,2.35,120.0,51,Center,2021
Dustin  Byfuglien,0,0,0,Defense,2021
Ross Colton,2.66,79.8,30,Left Wing,2021
Colin White,2.44,110.0,45,Center,2021
Tomas Nosek,2.94,111.6,38,Center,2021
Alex Stalock,0,0,0,Goalie,2021
Ryan Donato,2.33,116.3,50,Right Wing,2021
Dion Phaneuf,0,0,0,Defense,2021
Anthony Stolarz,7.69,53.86,7,Goalie,2021
Jason Pominville,0,0,0,Right Wing,2021
Derick Brassard,2.33,123.5,53,Center,2021
Evgeny Svechnikov,2.13,44.7,21,Left Wing,2021
Philipp Kurashev,1.7,91.69999999999999,54,Left Wing,2021
Deryk  Engelland,0,0,0,Defense,2021
Ilya  Kovalchuk,0,0,0,Left Wing,2021
Dustin Tokarski,5.39,53.879999999999995,10,Goalie,2021
Jay  Bouwmeester,0,0,0,Defense,2021
P.A. Parenteau,0,0,0,Right Wing,2021
Matt Niskanen,0,0,0,Defense,2021
Mathieu Perreault,2.31,129.4,56,Center,2021
Juuso Valimaki,2.13,104.6,49,Defense,2021
Kris Russell,2.75,96.4,35,Defense,2021
Tomas Plekanec,0,0,0,Center,2021
Chris Thorburn,0,0,0,Right Wing,2021
Casey Cizikas,2.12,118.6,56,Center,2021
Rudolfs Balcers,2.76,113.3,41,Left Wing,2021
Roberto Luongo,0,0,0,Goalie,2021
Jake Bean,2.01,84.6,42,Defense,2021
Connor Clifton,2.74,120.4,44,Defense,2021
Andy Greene,1.88,103.6,55,Defense,2021
Braydon Coburn,1.73,32.9,19,Defense,2021
Marcus Johansson,1.97,71.0,36,Left Wing,2021
Derek MacKenzie,0,0,0,Center,2021
Mikko  Koivu,1.39,9.7,7,Center,2021
Jimmy Vesey,1.19,59.5,50,Left Wing,2021
Paul Byron,2.61,120.19999999999999,46,Left Wing,2021
Mark Borowiecki,2.35,51.7,22,Defense,2021
Sammy Blais,2.8,100.69999999999999,36,Left Wing,2021
Brogan Rafferty,4.0,4.0,1,Defense,2021
Craig Anderson,9.15,18.3,2,Goalie,2021
Cayden Primeau,2.59,10.379999999999999,4,Goalie,2021
Marc Staal,1.69,94.5,56,Defense,2021
Ryan Kesler,0,0,0,Center,2021
Michael Hutchinson,6.83,54.68,8,Goalie,2021
Nick Jensen,2.42,128.5,53,Defense,2021
Danny DeKeyser,2.61,122.7,47,Defense,2021
Jordie Benn,2.33,90.9,39,Defense,2021
Janne Kuokkanen,2.17,108.4,50,Left Wing,2021
Brendan Smith,2.65,127.2,48,Defense,2021
Brent Seabrook,0,0,0,Defense,2021
Olli Maatta,1.4,57.199999999999996,41,Defense,2021
Jayce Hawryluk,1.19,35.7,30,Center,2021
Marc Methot,0,0,0,Defense,2021
Blake Comeau,2.04,104.1,51,Left Wing,2021
Arthur  Kaliyev,3.7,3.7,1,Right Wing,2021
Niklas Kronwall,0,0,0,Defense,2021
Josh Gorges,0,0,0,Defense,2021
Thomas Vanek,0,0,0,Left Wing,2021
Zack Kassian,1.65,44.5,27,Right Wing,2021
Zach Bogosian,1.79,80.5,45,Defense,2021
Kyle  Brodziak,0,0,0,Center,2021
Ron  Hainsey,0,0,0,Defense,2021
Trent Frederic,1.62,68.1,42,Center,2021
Valtteri Filppula,1.84,69.80000000000001,38,Center,2021
Kevan Miller,2.32,65.1,28,Defense,2021
Nate Thompson,1.3,57.2,44,Center,2021
David Backes,2.43,36.5,15,Center,2021
Chris Tierney,1.67,91.9,55,Center,2021
Lawson Crouse,2.46,125.3,51,Left Wing,2021
Loui Eriksson,0.34,2.4000000000000004,7,Left Wing,2021
Andrew Agozzino,2.97,8.9,3,Left Wing,2021
Anton Forsberg,5.72,45.8,8,Goalie,2021
Brooks Laich,0,0,0,Center,2021
Dennis Wideman,0,0,0,Defense,2021
Alex  Steen,0,0,0,Left Wing,2021
Kevin Rooney,2.5,135.10000000000002,54,Center,2021
Andrej Sekera,1.91,87.9,46,Defense,2021
Maxime Lagace,15.38,15.379999999999999,1,Goalie,2021
Peter Budaj,0,0,0,Goalie,2021
Pontus  Aberg,0,0,0,Left Wing,2021
Karl Alzner,0,0,0,Defense,2021
Adam Brooks,3.2,35.2,11,Center,2021
Vitali Kravtsov,0.94,18.9,20,Left Wing,2021
Chris Kunitz,0,0,0,Left Wing,2021
Brad Richardson,1.62,27.5,17,Right Wing,2021
Cam Ward,0,0,0,Goalie,2021
Victor Mete,2.09,58.6,28,Defense,2021
Pierre Engvall,1.95,81.9,42,Left Wing,2021
Nicolas Aube-Kubel,2.08,103.80000000000001,50,Right Wing,2021
Philippe Myers,2.22,97.7,44,Defense,2021
Jake Virtanen,1.9,72.19999999999999,38,Right Wing,2021
Marco  Rossi,0,0,0,Center,2021
Dan Vladar,5.01,25.04,5,Goalie,2021
Justin Abdelkader,0,0,0,Left Wing,2021
Michael Rasmussen,2.23,89.3,40,Center,2021
Owen Tippett,2.28,102.7,45,Right Wing,2021
Joel Ward,0,0,0,Right Wing,2021
Darren Helm,1.39,65.3,47,Center,2021
Lee Stempniak,0,0,0,Right Wing,2021
Andrew Ladd,0,0,0,Left Wing,2021
Vinnie Hinostroza,2.37,61.6,26,Right Wing,2021
Eric Fehr,0,0,0,Center,2021
Ukko-Pekka Luukkonen,4.67,18.7,4,Goalie,2021
Vladislav Gavrikov,2.02,111.0,55,Defense,2021
Pierre-Olivier Joseph,2.46,39.300000000000004,16,Defense,2021
Nate Prosser,1.48,8.9,6,Defense,2021
Sami Vatanen,2.02,78.6,39,Defense,2021
Trevor Lewis,1.71,95.5,56,Center,2021
Tage Thompson,2.24,85.30000000000001,38,Center,2021
Alex Burrows,0,0,0,Right Wing,2021
Dan Girardi,0,0,0,Defense,2021
Carl Grundstrom,2.04,95.7,47,Left Wing,2021
Lias Andersson,1.4,32.1,23,Center,2021
Dylan DeMelo,2.2,114.6,52,Defense,2021
Ian Mitchell,1.38,53.7,39,Defense,2021
Marc-Edouard Vlasic,1.41,71.8,51,Defense,2021
Michael Houser,5.99,23.94,4,Goalie,2021
Artem Anisimov,2.41,45.800000000000004,19,Center,2021
Nicholas Robertson,1.28,7.699999999999999,6,Left Wing,2021
Frans Nielsen,1.16,33.7,29,Center,2021
Tyler Pitlick,2.72,103.3,38,Right Wing,2021
Erik Johnson,3.05,12.2,4,Defense,2021
Ville Heinola,1.1,5.5,5,Defense,2021
Alexei  Melnichuk,3.2,6.4,2,Goalie,2021
Jake Evans,2.24,105.4,47,Right Wing,2021
Nathan Bastian,2.48,101.8,41,Right Wing,2021
Trevor van Riemsdyk,1.8,36.099999999999994,20,Defense,2021
Justin Braun,1.93,102.1,53,Defense,2021
Ryan Dzingel,2.04,81.6,40,Center,2021
Jay Beagle,1.16,34.8,30,Center,2021
Patrick Eaves,0,0,0,Right Wing,2021
Troy  Brouwer,0,0,0,Right Wing,2021
Jack Studnicka,0.99,19.700000000000003,20,Center,2021
Vitaly  Abramov,0.0,0.0,2,Left Wing,2021
Adam McQuaid,0,0,0,Defense,2021
Richard Panik,1.76,84.7,48,Right Wing,2021
Michael Blunden,0,0,0,Right Wing,2021
Lucas Raymond,0,0,0,Left Wing,2021
Andrew Cogliano,1.73,93.5,54,Center,2021
Alex Chiasson,2.21,99.4,45,Right Wing,2021
Riley Stillman,2.4,50.4,21,Defense,2021
Zack MacEwen,1.42,48.4,34,Center,2021
Mike Green,0,0,0,Defense,2021
Drew Stafford,0,0,0,Right Wing,2021
Jake Gardiner,2.13,55.4,26,Defense,2021
Anders Bjork,1.34,60.3,45,Left Wing,2021
Derek Grant,2.42,111.2,46,Center,2021
Slater Koekkoek,1.14,20.5,18,Defense,2021
Chris Stewart,0,0,0,Right Wing,2021
Jesper Fast,2.46,113.19999999999999,46,Right Wing,2021
Alexander Alexeyev,0,0,0,Defense,2021
Arttu Ruotsalainen,1.69,28.8,17,Center,2021
Ryan Callahan,0,0,0,Right Wing,2021
Josh Manson,3.2,73.6,23,Defense,2021
Klim Kostin,2.35,4.699999999999999,2,Right Wing,2021
Kyle Quincey,0,0,0,Defense,2021
Anton Stralman,1.95,74.1,38,Defense,2021
Sam Gagner,2.18,91.6,42,Center,2021
Colin Miller,2.34,112.2,48,Defense,2021
Curtis Lazar,1.89,94.5,50,Right Wing,2021
Joey  Anderson,3.1,3.1,1,Right Wing,2021
Mark Streit,0,0,0,Defense,2021
Jonathan  Ericsson,0,0,0,Defense,2021
Kyle Turris,0.86,23.2,27,Center,2021
Alex Turcotte,0,0,0,Center,2021
Henri Jokiharju,1.65,75.8,46,Defense,2021
Travis Dermott,1.35,68.6,51,Defense,2021
Grigori Denisenko,3.84,19.2,5,Left Wing,2021
Brett Kulak,1.95,89.8,46,Defense,2021
Brandon Dubinsky,0,0,0,Center,2021
David Kampf,1.31,73.1,56,Right Wing,2021
Nicolas Deslauriers,2.24,109.69999999999999,49,Left Wing,2021
Roman Polak,0,0,0,Defense,2021
Emil Bemstrom,2.31,46.1,20,Center,2021
Gustav Nyquist,0,0,0,Right Wing,2021
Kieffer Bellows,2.24,31.299999999999997,14,Left Wing,2021
Eetu Luostarinen,1.28,56.400000000000006,44,Center,2021
Warren Foegele,2.32,123.2,53,Left Wing,2021
Wade Allison,3.46,48.4,14,Right Wing,2021
Tanner Jeannot,4.11,61.6,15,Left Wing,2021
Joakim Nordstrom,1.74,76.6,44,Center,2021
Jacob MacDonald,2.73,90.10000000000001,33,Defense,2021
William Carrier,2.2,114.6,52,Left Wing,2021
Adam  Cracknell,0,0,0,Right Wing,2021
Louis Domingue,0.4,0.40000000000000036,1,Goalie,2021
Jack Johnson,1.65,21.5,13,Defense,2021
Carl Hagelin,1.84,102.8,56,Left Wing,2021
Alexander Holtz,0,0,0,Right Wing,2021
Niko Mikkola,1.41,42.4,30,Defense,2021
Jeff Glass,0,0,0,Goalie,2021
Yaroslav  Askarov,0,0,0,Goalie,2021
Brian  Boyle,0,0,0,Center,2021
Phillip Di Giuseppe,2.29,71.1,31,Left Wing,2021
Moritz Seider,0,0,0,Defense,2021
Martin Hanzal,0,0,0,Center,2021
Andrew MacDonald,0,0,0,Defense,2021
Mark  Letestu,0,0,0,Center,2021
Niklas Hjalmarsson,1.57,64.2,41,Defense,2021
Ilya Lyubushkin,1.74,73.1,42,Defense,2021
Brett Ritchie,2.17,69.5,32,Right Wing,2021
Kyle Clifford,1.46,73.2,50,Left Wing,2021
Colton Sissons,2.09,112.7,54,Center,2021
Jimmy  Howard,0,0,0,Goalie,2021
Kyle Okposo,1.99,69.7,35,Right Wing,2021
Cam York,0.17,0.5,3,Defense,2021
Kenny  Agostino,0.0,0.0,1,Left Wing,2021
Mark Jankowski,1.57,70.8,45,Center,2021
Calen Addison,0.63,1.9,3,Defense,2021
Tyler Ennis,1.91,57.3,30,Left Wing,2021
Robert Hagg,2.23,75.7,34,Defense,2021
Ryan Murray,2.4,115.10000000000001,48,Defense,2021
Bryan Little,0,0,0,Center,2021
Olli Juolevi,1.73,39.7,23,Defense,2021
Jared Boll,0,0,0,Right Wing,2021
Travis Boyd,1.28,50.1,39,Center,2021
Vasily Podkolzin,0,0,0,Right Wing,2021
Carter Rowney,2.24,42.6,19,Right Wing,2021
Christian Fischer,1.86,96.6,52,Right Wing,2021
Sam Steel,1.61,67.6,42,Center,2021
Rocco Grimaldi,2.13,85.10000000000001,40,Left Wing,2021
Cody Franson,0,0,0,Defense,2021
Alex Lyon,4.24,21.22,5,Goalie,2021
Hunter  Miska,2.89,14.46,5,Goalie,2021
Ondrej Kase,0.53,1.6,3,Right Wing,2021
Troy Stecher,1.85,81.5,44,Defense,2021
Jamie McGinn,0,0,0,Left Wing,2021
Evan Rodrigues,2.2,77.1,35,Center,2021
Antoine Roussel,1.82,63.6,35,Left Wing,2021
Cody McLeod,0,0,0,Left Wing,2021
Michael  Grabner,0,0,0,Right Wing,2021
Tom Pyatt,0,0,0,Center,2021
Derek Dorsett,0,0,0,Right Wing,2021
Matthew Boldy,0,0,0,Left Wing,2021
Tobias Bjornfot,1.75,57.6,33,Defense,2021
Barrett  Hayton,1.29,18.0,14,Center,2021
Keith Kinkaid,6.07,42.48,7,Goalie,2021
Danny Taylor,0,0,0,Goalie,2021
Mikko Lehtonen,1.88,49.0,26,Defense,2021
Markus Nutivaara,2.35,70.6,30,Defense,2021
Chris Wagner,1.53,62.6,41,Right Wing,2021
Michael McLeod,2.04,106.3,52,Center,2021
Jakub Zboril,2.07,86.8,42,Defense,2021
Joe  Veleno,2.58,12.9,5,Center,2021
Colton Sceviour,1.73,79.4,46,Right Wing,2021
Andrew Shaw,2.2,30.8,14,Center,2021
Troy Terry,1.94,93.2,48,Center,2021
Derek Ryan,1.71,73.6,43,Center,2021
Alexander Volkov,2.19,81.1,37,Right Wing,2021
Sam  Carrick,3.75,48.7,13,Center,2021
Cole  Perfetti,0,0,0,Center,2021
Thomas Hickey,3.58,17.9,5,Defense,2021
Connor Carrick,2.31,25.4,11,Defense,2021
Morgan Frost,0.0,0.0,2,Center,2021
Kevin Stenlund,1.75,55.9,32,Right Wing,2021
Dennis Cholowski,1.61,25.7,16,Defense,2021
Patrik Berglund,0,0,0,Center,2021
Nick Holden,2.04,34.6,17,Defense,2021
Mike Hardman,3.17,25.4,8,Right Wing,2021
Peyton Krebs,1.48,5.9,4,Center,2021
Dylan Coghlan,1.98,57.5,29,Defense,2021
Adam Gaudette,1.5,60.1,40,Center,2021
Johan Larsson,1.88,97.9,52,Left Wing,2021
Nathan Beaulieu,1.48,36.9,25,Defense,2021
Rasmus Kupari,0.69,4.800000000000001,7,Center,2021
Tyler Lewington,6.9,13.8,2,Defense,2021
Dmitry Kulikov,1.73,83.0,48,Defense,2021
Dylan Gambrell,1.85,90.6,49,Center,2021
Cory Schneider,0,0,0,Goalie,2021
Aaron Dell,1.41,7.039999999999999,5,Goalie,2021
Joel Hofer,0,0,0,Goalie,2021
Jan Rutta,2.54,88.80000000000001,35,Defense,2021
Michael Raffl,2.07,91.2,44,Left Wing,2021
Matt Hendricks,0,0,0,Center,2021
Michael Amadio,0.96,23.9,25,Center,2021
Philip Tomasino,0,0,0,Center,2021
Austin Wagner,1.52,67.0,44,Left Wing,2021
Mark Alt,1.15,2.3000000000000003,2,Defense,2021
Matt  Hunwick,0,0,0,Defense,2021
Jake McCabe,2.68,34.8,13,Defense,2021
Rodion  Amirov,0,0,0,Left Wing,2021
Anton Lundell,0,0,0,Center,2021
Nikita Nesterov,1.19,45.4,38,Defense,2021
Nicolas Beaudin,2.38,45.2,19,Defense,2021
Christopher Gibson,3.85,7.7,2,Goalie,2021
Radim Zohorna,3.18,25.400000000000002,8,Left Wing,2021
Vladimir  Sobotka,0,0,0,Center,2021
David Schlemko,0,0,0,Defense,2021
Cedric Paquette,1.76,82.7,47,Center,2021
Nolan Foote,1.5,9.0,6,Left Wing,2021
Connor McMichael,0.8,0.8,1,Center,2021
Urho Vaakanainen,2.11,19.0,9,Defense,2021
Eric Robinson,2.24,125.4,56,Left Wing,2021
Liam  Foudy,1.18,28.2,24,Center,2021
Steve Kampfer,2.59,51.8,20,Defense,2021
Jack  Quinn,0,0,0,Right Wing,2021
Haydn Fleury,1.45,68.2,47,Defense,2021
Chris Butler,0,0,0,Defense,2021
Victor Soderstrom,3.85,15.399999999999999,4,Defense,2021
Kiefer Sherwood,1.85,29.6,16,Right Wing,2021
Nikolai Knyzhov,1.91,107.10000000000001,56,Defense,2021
Artyom Zagidulin,0,0,0,Goalie,2021
Eric Comrie,9.6,9.6,1,Goalie,2021
Michael Frolik,0.38,3.0,8,Right Wing,2021
Dean Kukan,1.62,56.6,35,Defense,2021
Gabriel Carlsson,1.84,25.8,14,Defense,2021
Luke Schenn,2.16,82.1,38,Defense,2021
Devante Smith-Pelly,0,0,0,Right Wing,2021
Nicolas Roy,2.04,102.10000000000001,50,Center,2021
J.T.  Brown,0,0,0,Right Wing,2021
Philip Broberg,0,0,0,Defense,2021
Michal Neuvirth,0,0,0,Goalie,2021
Veini Vehvilainen,0,0,0,Goalie,2021
Matt Beleskey,0,0,0,Left Wing,2021
Mason Marchment,2.34,77.3,33,Left Wing,2021
Matt  Bartkowski,0.2,0.2,1,Defense,2021
Dryden Hunt,2.33,60.7,26,Left Wing,2021
Ty  Dellandrea,2.14,55.7,26,Center,2021
Henrik Borgstrom,0,0,0,Center,2021
Justin Bailey,0.13,0.40000000000000024,3,Right Wing,2021
Dylan  Holloway,0,0,0,Center,2021
Anthony Angello,2.24,42.5,19,Center,2021
Mark Friedman,3.02,27.2,9,Defense,2021
Anthony Bitetto,2.16,30.2,14,Defense,2021
Stephen Gionta,0,0,0,Right Wing,2021
Ryan Suzuki,0,0,0,Center,2021
Givani  Smith,1.86,29.700000000000003,16,Right Wing,2021
Brett Howden,1.58,66.5,42,Center,2021
Riley Nash,1.42,52.6,37,Center,2021
Josh Brown,2.11,54.9,26,Defense,2021
Jordan Martinook,2.27,99.9,44,Right Wing,2021
Christian Djoos,1.88,67.5,36,Defense,2021
Radim Simek,1.85,74.0,40,Defense,2021
Danton Heinen,1.93,82.8,43,Center,2021
Ryan McLeod,0.5,5.0,10,Center,2021
Alexander Nylander,0,0,0,Left Wing,2021
Max Jones,2.16,99.19999999999999,46,Left Wing,2021
Steven Santini,3.8,11.399999999999999,3,Defense,2021
Sven Andrighetto,0,0,0,Right Wing,2021
Matt Calvert,1.2,21.6,18,Left Wing,2021
Lucas Wallmark,1.23,24.5,20,Center,2021
Adam Werner,0,0,0,Goalie,2021
Eric Tangradi,0,0,0,Left Wing,2021
Josh Ho-Sang,0,0,0,Right Wing,2021
Nathan Gerbe,1.98,17.8,9,Left Wing,2021
Mikkel Boedker,0,0,0,Left Wing,2021
Tobias Rieder,1.22,53.5,44,Right Wing,2021
John Beecher,0,0,0,Center,2021
Cal Foote,1.85,64.9,35,Defense,2021
Timothy Liljegren,1.85,3.7,2,Defense,2021
Morgan Geekie,1.54,55.4,36,Center,2021
Julien Gauthier,1.77,53.1,30,Right Wing,2021
Jacob Bryson,2.13,81.0,38,Defense,2021
Nils Lundkvist,0,0,0,Defense,2021
Alex Biega,1.93,25.1,13,Defense,2021
Jake Sanderson,0,0,0,Defense,2021
Caleb Jones,1.24,41.0,33,Defense,2021
Jake Bischoff,0,0,0,Defense,2021
Alexandre Carrier,2.46,46.7,19,Defense,2021
Sami Niku,0.55,3.3,6,Defense,2021
Blake Lizotte,1.67,68.3,41,Center,2021
Yannick Weber,-0.8,-1.5999999999999999,2,Defense,2021
Glenn Gawdin,0.9,6.3,7,Center,2021
Ben Hutton,1.44,54.8,38,Defense,2021
Yohann Auvitu,0,0,0,Defense,2021
Kristian Vesalainen,0.74,8.9,12,Left Wing,2021
Guillaume Brisebois,1.5,1.5,1,Defense,2021
Logan Stanley,2.18,80.6,37,Defense,2021
Jacob De La Rose,1.25,16.3,13,Left Wing,2021
Kurtis Gabriel,3.37,37.1,11,Right Wing,2021
Carl Gunnarsson,1.64,19.7,12,Defense,2021
Keegan Kolesar,2.18,95.80000000000001,44,Right Wing,2021
Jake Walman,1.32,31.6,24,Defense,2021
Brett Connolly,1.58,49.099999999999994,31,Right Wing,2021
Justin Barron,0,0,0,Defense,2021
Eddie Pasquale,0,0,0,Goalie,2021
Calvin Pickard,5.61,22.42,4,Goalie,2021
Antti Niemi,0,0,0,Goalie,2021
Michael DiPietro,0,0,0,Goalie,2021
Garret Sparks,0,0,0,Goalie,2021
Zac Jones,2.49,24.9,10,Defense,2021
Jack Ahcan,-0.4,-0.8000000000000003,2,Defense,2021
Leo Komarov,2.28,75.3,33,Left Wing,2021
Ross Johnston,2.28,27.4,12,Left Wing,2021
Jonatan Berggren,0,0,0,Right Wing,2021
Michal Kempny,0,0,0,Defense,2021
Samuel Poulin,0,0,0,Right Wing,2021
Logan Brown,0.6,0.6,1,Center,2021
Jesper Boqvist,1.35,37.900000000000006,28,Center,2021
Gustav Lindstrom,2.1,27.3,13,Defense,2021
Darren Archibald,0,0,0,Left Wing,2021
Samuel Morin,1.54,30.8,20,Defense,2021
Andy Andreoff,0.3,1.7999999999999998,6,Left Wing,2021
Karson Kuhlman,0.91,18.299999999999997,20,Center,2021
Mikhail Grigorenko,1.9,60.7,32,Center,2021
John Moore,2.88,14.399999999999999,5,Defense,2021
John-Jason Peterka,0,0,0,Right Wing,2021
Braden Schneider,0,0,0,Defense,2021
Jarred Tinordi,1.86,39.1,21,Defense,2021
Matt Benning,1.48,78.6,53,Defense,2021
Jayson Megna,2.3,16.1,7,Center,2021
Ben Lovejoy,0,0,0,Defense,2021
Ryan Carpenter,1.54,61.8,40,Center,2021
John Leonard,1.49,65.4,44,Left Wing,2021
Liam O'Brien,2.72,32.6,12,Left Wing,2021
Drake Caggiula,1.73,65.60000000000001,38,Left Wing,2021
Tucker Poolman,1.48,57.8,39,Defense,2021
Nick Cousins,2.24,116.69999999999999,52,Center,2021
Joey Daccord,4.54,27.240000000000002,6,Goalie,2021
Sam Lafferty,1.71,58.3,34,Center,2021
Matthew Irwin,1.98,47.400000000000006,24,Defense,2021
Riley Sheahan,1.17,61.800000000000004,53,Center,2021
Jon Merrill,1.41,69.2,49,Defense,2021
Victor Antipin,0,0,0,Defense,2021
Martin Fehervary,0,0,0,Defense,2021
Greg McKegg,1.0,5.0,5,Center,2021
Sebastian Aho,5.9,330.6,56,Center,2021
Jakob Forsbacka Karlsson,0,0,0,Right Wing,2021
Erik Burgdoerfer,0,0,0,Defense,2021
Justin Falk,0,0,0,Defense,2021
Jacob Bernard-Docker,1.32,6.6,5,Defense,2021
David Desharnais,0,0,0,Center,2021
Cameron Gaunce,0,0,0,Defense,2021
Cody Eakin,1.02,46.9,46,Center,2021
Egor  Zamula,1.4,2.8,2,Defense,2021
Dawson Mercer,0,0,0,Center,2021
Seth  Jarvis,0,0,0,Center,2021
Sonny Milano,0.47,2.8,6,Left Wing,2021
Lucas Carlsson,0.91,10.899999999999999,12,Defense,2021
Kale Clague,1.84,33.2,18,Defense,2021
Jan Jenik,6.1,12.2,2,Center,2021
Brad Hunt,0.52,6.2,12,Defense,2021
Thomas  Harley,0,0,0,Defense,2021
Joachim Blichfeld,1.56,7.799999999999999,5,Right Wing,2021
Martin Kaut,0.58,2.9,5,Center,2021
Chris DiDomenico,0,0,0,Left Wing,2021
Jacob Larsson,1.63,75.2,46,Defense,2021
Jordan Nolan,0,0,0,Center,2021
Mark  Barberio,0,0,0,Defense,2021
William Lagesson,1.28,24.4,19,Defense,2021
Logan O'Connor,2.18,47.900000000000006,22,Right Wing,2021
Dakota Mermis,1.8,5.4,3,Defense,2021
Pheonix Copley,0,0,0,Goalie,2021
Anders Nilsson,0,0,0,Goalie,2021
Andrew Hammond,0,0,0,Goalie,2021
Mikhail Maltsev,1.61,53.0,33,Left Wing,2021
Brendan Leipsic,0,0,0,Left Wing,2021
Oskar Steen,1.53,4.6,3,Center,2021
Frederick Gaudreau,2.94,55.800000000000004,19,Center,2021
Clark  Bishop,2.02,26.299999999999997,13,Center,2021
Connor  Bunnaman,0.72,12.899999999999999,18,Left Wing,2021
Jesse Ylonen,0.2,0.2,1,Right Wing,2021
Libor Hajek,1.42,62.4,44,Defense,2021
Paul  Carey,0,0,0,Center,2021
Mitchell Stephens,0.21,1.5,7,Center,2021
Daniel Carr,1.27,7.6,6,Left Wing,2021
Aleksi Heponiemi,1.46,13.1,9,Center,2021
Cody  Goloubef,0,0,0,Defense,2021
Dale Weise,0,0,0,Right Wing,2021
Gavin Bayreuther,1.66,14.9,9,Defense,2021
Xavier Ouellet,1.62,9.7,6,Defense,2021
Hendrix Lapierre,0,0,0,Center,2021
Brandon  Pirri,-1.6,-1.6,1,Left Wing,2021
Trevor Carrick,0,0,0,Defense,2021
Nick Seeler,0,0,0,Defense,2021
Patrick Brown,1.18,4.7,4,Center,2021
Jack  Dugan,0,0,0,Right Wing,2021
Mario Kempe,0,0,0,Right Wing,2021
David Farrance,2.2,4.4,2,Defense,2021
Samuel Fagemo,0,0,0,Left Wing,2021
Sven Baertschi,0,0,0,Left Wing,2021
Ryan  Merkley,0,0,0,Defense,2021
Kole Lind,0.1,0.6999999999999997,7,Right Wing,2021
Daniel Brickley,0,0,0,Defense,2021
Marc Michaelis,0.32,4.799999999999999,15,Left Wing,2021
Kurtis MacDermid,1.76,49.3,28,Defense,2021
Tyrell  Goulbourne,0,0,0,Left Wing,2021
Oliver Kylington,0.73,5.800000000000001,8,Defense,2021
Gabriel  Bourque,0,0,0,Left Wing,2021
Erik Condra,0,0,0,Right Wing,2021
Lucas  Elvenes,0,0,0,Left Wing,2021
Kyle Capobianco,0.25,0.5000000000000002,2,Defense,2021
Lukas Reichel,0,0,0,Left Wing,2021
Jacob Perreault,0,0,0,Right Wing,2021
Mavrik  Bourque,0,0,0,Center,2021
Eddie Lack,0,0,0,Goalie,2021
Sam Montembeault,0,0,0,Goalie,2021
Mike McKenna,0,0,0,Goalie,2021
Mike Condon,0,0,0,Goalie,2021
Stuart Skinner,8.26,8.26,1,Goalie,2021
Kasimir Kaskisuo,0,0,0,Goalie,2021
Oscar Dansk,7.5,7.5,1,Goalie,2021
Mathias Brome,0.58,15.0,26,Left Wing,2021
Wade Megan,0,0,0,Center,2021
Andreas Borgman,1.87,13.100000000000001,7,Defense,2021
Morgan Barron,1.76,8.8,5,Center,2021
Maxim Mamin,0,0,0,Center,2021
Chad Ruhwedel,2.03,34.5,17,Defense,2021
Jean-Sebastien Dea,0.0,0.0,1,Center,2021
Cameron Hughes,0.7,0.7000000000000001,1,Center,2021
Cale Fleury,0,0,0,Defense,2021
Aleksi Saarela,0,0,0,Center,2021
Carsen Twarynski,0.64,4.5,7,Left Wing,2021
Ryan Lomberg,2.16,73.5,34,Left Wing,2021
Brett  Seney,0,0,0,Left Wing,2021
Igor Ozhiganov,0,0,0,Defense,2021
Nicholas Merkley,1.82,49.1,27,Right Wing,2021
Jonas Siegenthaler,0.54,8.100000000000001,15,Defense,2021
Alex Formenton,2.45,49.099999999999994,20,Left Wing,2021
Nic Petan,0.94,6.6,7,Center,2021
Peter Cehlarik,0,0,0,Left Wing,2021
Paul Postma,0,0,0,Defense,2021
Anton Blidh,1.23,12.3,10,Left Wing,2021
Adam Clendening,0,0,0,Defense,2021
Stefan Elliott,0,0,0,Defense,2021
Brendan Gaunce,0,0,0,Center,2021
Zemgus Girgensons,0,0,0,Center,2021
Martin Marincin,0,0,0,Defense,2021
Tyson  Foerster,0,0,0,Right Wing,2021
Devin Shore,1.95,74.1,38,Center,2021
Alexander Burmistrov,0,0,0,Center,2021
Micheal  Ferland,0,0,0,Left Wing,2021
Scott Perunovich,0,0,0,Defense,2021
Marcus Kruger,0,0,0,Center,2021
Stephen Johns,0,0,0,Defense,2021
Tomas Hyka,0,0,0,Left Wing,2021
Julius  Honka,0,0,0,Defense,2021
Simon Benoit,1.45,8.7,6,Defense,2021
Yakov  Trenin,2.22,99.7,45,Center,2021
Nikita Scherbak,0,0,0,Right Wing,2021
Josh Leivo,1.47,55.9,38,Left Wing,2021
Jake Dotchin,0,0,0,Defense,2021
Nathan Walker,1.23,9.8,8,Center,2021
Tyler  Benson,0,0,0,Left Wing,2021
Martin  Frk,-0.7,-0.7,1,Right Wing,2021
Kevin Bahl,2.49,17.4,7,Defense,2021
David Gustafsson,-0.2,-0.8,4,Center,2021
Jakob Pelletier,0,0,0,Left Wing,2021
Tyler  Madden,0,0,0,Center,2021
Brandon Manning,0,0,0,Defense,2021
Josh Mahura,2.19,28.5,13,Defense,2021
Patrick Russell,1.54,12.3,8,Right Wing,2021
Dominic Toninato,2.55,5.1,2,Center,2021
Lean  Bergmann,1.8,1.7999999999999998,1,Left Wing,2021
Isac Lundestrom,1.53,62.9,41,Center,2021
Jansen Harkins,0.55,14.2,26,Center,2021
Jeffrey Viel,0.77,8.5,11,Left Wing,2021
Michael McCarron,1.67,10.0,6,Right Wing,2021
Ben Harpur,2.1,71.4,34,Defense,2021
Greg Pateryn,2.31,30.0,13,Defense,2021
John Hayden,2.19,63.5,29,Right Wing,2021
Zack Smith,0,0,0,Left Wing,2021
Jason Garrison,0,0,0,Defense,2021
Kyle Rau,1.79,25.099999999999998,14,Center,2021
Matt Nieto,1.72,48.2,28,Left Wing,2021
Luca Sbisa,1.9,1.9,1,Defense,2021
T.J. Tynan,0,0,0,Center,2021
Andy Welinski,1.15,14.9,13,Defense,2021
Jason Demers,1.57,64.3,41,Defense,2021
Zac Rinaldo,1.15,4.6,4,Left Wing,2021
Oscar  Fantenberg,0,0,0,Defense,2021
Colin  Wilson,0,0,0,Center,2021
Nikita Soshnikov,0,0,0,Right Wing,2021
Connor Zary,0,0,0,Center,2021
Brendan Brisson,0,0,0,Center,2021
Charlie Lindgren,0,0,0,Goalie,2021
Kaden  Fulcher,0,0,0,Goalie,2021
Gilles Senn,0,0,0,Goalie,2021
Scott Darling,0,0,0,Goalie,2021
Antoine Bibeau,0,0,0,Goalie,2021
Kevin  Boyle,0,0,0,Goalie,2021
Niklas Svedberg,0,0,0,Goalie,2021
Landon Bow,0,0,0,Goalie,2021
Ivan Prosvetov,-0.76,-0.7599999999999998,1,Goalie,2021
Logan Thompson,0,0,0,Goalie,2021
Richard Bachman,0,0,0,Goalie,2021
Joseph  Blandisi,0,0,0,Center,2021
Gemel Smith,3.52,17.6,5,Center,2021
Jordan  Weal,0,0,0,Center,2021
Otto Koivula,0,0,0,Left Wing,2021
Boo  Nieves,0,0,0,Center,2021
Dominic Turgeon,0,0,0,Center,2021
Brett Murray,1.3,2.5999999999999996,2,Left Wing,2021
William Borgen,1.46,14.600000000000001,10,Defense,2021
Par  Lindholm,0.0,0.0,1,Center,2021
Corban Knight,0,0,0,Center,2021
Andrew Peeke,2.56,28.2,11,Defense,2021
Cory Conacher,0,0,0,Left Wing,2021
Connor Brickley,0,0,0,Center,2021
Libor Sulak,0,0,0,Defense,2021
Matt Tennyson,1.83,38.5,21,Defense,2021
Riley  Barber,0,0,0,Right Wing,2021
Austin Czarnik,0.25,1.0,4,Right Wing,2021
Scott Sabourin,2.4,2.4,1,Right Wing,2021
Will O'Neill,0,0,0,Defense,2021
Josh Jacobs,0,0,0,Defense,2021
Christian  Folin,0,0,0,Defense,2021
Oscar Lindberg,0,0,0,Center,2021
Mattias Samuelsson,1.18,14.2,12,Defense,2021
Tim Gettinger,0.2,0.3999999999999999,2,Left Wing,2021
J.C.  Beaudin,0,0,0,Center,2021
Anthony  Greco,0,0,0,Right Wing,2021
Andrej Sustr,0,0,0,Defense,2021
Danick Martel,0,0,0,Center,2021
Chasen Balisy,0,0,0,Center,2021
Zach Trotman,0,0,0,Defense,2021
Dmytro Timashov,-1.2,-1.2000000000000002,1,Left Wing,2021
Ryan  Poehling,0,0,0,Center,2021
Zach Senyshyn,0.68,5.4,8,Right Wing,2021
Joe Morrow,0,0,0,Defense,2021
Kevin Gravel,0,0,0,Defense,2021
Jay O'Brien,0,0,0,Center,2021
German Rubtsov,0,0,0,Center,2021
Rasmus Asplund,1.99,55.8,28,Center,2021
Michael  Sgarbossa,2.02,10.100000000000001,5,Center,2021
Jonny  Brodzinski,1.76,8.8,5,Center,2021
Nick  Shore,0,0,0,Center,2021
Dmitrij Jaskin,0,0,0,Right Wing,2021
Micheal Haley,0.88,3.5,4,Center,2021
Steven Fogarty,2.4,21.6,9,Center,2021
Taro  Hirose,1.88,11.3,6,Left Wing,2021
Maksim Sushko,-0.2,-0.4,2,Right Wing,2021
Phil  Varone,0,0,0,Center,2021
Noah Juulsen,0.67,2.6999999999999997,4,Defense,2021
Jordan Szwarz,0,0,0,Right Wing,2021
Garrett Wilson,0,0,0,Left Wing,2021
Tarmo Reunanen,2.42,9.7,4,Defense,2021
Tanner Laczynski,0.84,4.2,5,Center,2021
Steven Lorentz,1.34,60.5,45,Center,2021
Jake Chelios,0,0,0,Defense,2021
Juuso Riikola,1.1,2.2,2,Defense,2021
Alex Belzile,1.6,3.2,2,Center,2021
Brandon Davidson,0.88,5.300000000000001,6,Defense,2021
Brennan Menell,0,0,0,Defense,2021
Mackenzie MacEachern,1.52,31.9,21,Left Wing,2021
Dominik Simon,0.58,6.3999999999999995,11,Left Wing,2021
Joe Gambardella,0,0,0,Left Wing,2021
Anthony  Richard,0,0,0,Center,2021
Mark Pysyk,1.67,60.0,36,Defense,2021
Dennis Gilbert,0.87,2.6,3,Defense,2021
Christian Wolanin,0.89,16.0,18,Defense,2021
Alexandre Fortin,0,0,0,Left Wing,2021
Alexander True,1.56,10.9,7,Center,2021
Ashton Sautner,0,0,0,Defense,2021
Nikolay Goldobin,0,0,0,Left Wing,2021
Ivan  Chekhovich,0.5,2.0,4,Left Wing,2021
Rourke Chartier,0,0,0,Center,2021
Fredrik Claesson,1.82,10.899999999999999,6,Defense,2021
Blake  Pietila,0,0,0,Left Wing,2021
Alec Regula,0.53,1.5999999999999999,3,Defense,2021
Jacob  Middleton,-0.1,-0.09999999999999998,1,Defense,2021
Tim  Heed,0,0,0,Defense,2021
Chris Wideman,0,0,0,Defense,2021
Andrei Mironov,0,0,0,Defense,2021
Frederic  Allard,-1.5,-1.5,1,Defense,2021
Anton Lindholm,0,0,0,Defense,2021
Brayden  Tracey,0,0,0,Left Wing,2021
Marek Hrivik,0,0,0,Left Wing,2021
Chase De Leo,-1.5,-1.5,1,Center,2021
Marcus Sorensen,1.14,33.1,29,Left Wing,2021
Noah Gregor,1.48,44.4,30,Center,2021
Alexander Chmelevski,1.76,8.799999999999999,5,Center,2021
Cooper  Marody,0,0,0,Center,2021
Alexander Yelesin,0,0,0,Defense,2021
Stefan Noesen,0.47,2.8,6,Right Wing,2021
Josh Teves,0,0,0,Defense,2021
Ryan Kuffner,0,0,0,Left Wing,2021
Taylor Fedun,0,0,0,Defense,2021
Dennis Rasmussen,0,0,0,Center,2021
Brendan  Guhle,0,0,0,Defense,2021
Carl Dahlstrom,0,0,0,Defense,2021
Frederik  Gauthier,0.8,1.6,2,Center,2021
Dillon Heatherington,0,0,0,Defense,2021
Danil  Yurtaykin,0,0,0,Left Wing,2021
Madison Bowey,3.35,6.7,2,Defense,2021
Connor Mackey,4.2,25.2,6,Defense,2021
Buddy Robinson,0.6,5.4,9,Right Wing,2021
Anthony Peluso,0,0,0,Right Wing,2021
Tomas Jurco,0.93,7.4,8,Right Wing,2021
Ty Rattie,0,0,0,Right Wing,2021
Reid Boucher,0,0,0,Center,2021
Markus Granlund,0,0,0,Center,2021
Dakota Joshua,1.07,12.8,12,Center,2021
Alan  Quine,0,0,0,Center,2021
Matt Luff,0.81,10.5,13,Right Wing,2021
Kevin Connauton,2.31,16.2,7,Defense,2021
Jacob Nilsson,0,0,0,Center,2021
Thomas  Bordeleau,0,0,0,Center,2021
Austin Poganski,0.48,2.4,5,Right Wing,2021
Markus  Hannikainen,0,0,0,Left Wing,2021
Tim  Schaller,0,0,0,Left Wing,2021
Jordan Gross,2.49,17.4,7,Defense,2021
Nikolai  Prokhorkin,0,0,0,Center,2021
Paul LaDue,0,0,0,Defense,2021
Dalton  Prout,0,0,0,Defense,2021
Jaycob Megna,0,0,0,Defense,2021
Dalton Smith,0,0,0,Left Wing,2021
Ryan Spooner,0,0,0,Center,2021
Curtis Valk,0,0,0,Center,2021
Fredrik  Handemark,0.91,7.300000000000001,8,Center,2021
Justin Richards,5.5,5.5,1,Center,2021
Louie Belpedio,0.8,0.7999999999999999,1,Defense,2021
Jared Coreau,0,0,0,Goalie,2021
Alex Petrovic,0,0,0,Defense,2021
Brian Lashoff,0,0,0,Defense,2021
Christoffer  Ehn,0,0,0,Center,2021
Keaton Middleton,0.77,2.3,3,Defense,2021
Andrew Crescenzi,0,0,0,Center,2021
Lukas Sedlak,0,0,0,Center,2021
Mike Liambas,0,0,0,Defense,2021
Patrick Wiercioch,0,0,0,Defense,2021
Nick Lappin,0,0,0,Right Wing,2021
Jackson Cates,0.35,1.4000000000000001,4,Center,2021
Brady Keeper,0.3,0.3,1,Defense,2021
Olle Alsing,0.35,1.4,4,Defense,2021
Kevin Roy,0,0,0,Center,2021
Mathieu Olivier,2.44,73.1,30,Center,2021
Casey Nelson,0,0,0,Defense,2021
Jakub Jerabek,0,0,0,Defense,2021
Joakim Ryan,0.05,0.2,4,Defense,2021
Lukas Radil,0,0,0,Left Wing,2021
Brandon  Gignac,0,0,0,Center,2021
Drew O'Connor,0,0,0,Left Wing,2021
Christian Jaros,1.13,7.9,7,Defense,2021
Matt Read,0,0,0,Right Wing,2021
Aaron Ness,0.8,0.8,1,Defense,2021
Drew Shore,0.2,0.8,4,Center,2021
Teemu Pulkkinen,0,0,0,Left Wing,2021
Calvin Thurkauf,0,0,0,Center,2021
Dylan McIlrath,0,0,0,Defense,2021
Brendan  Perlini,0,0,0,Left Wing,2021
Michael Dal Colle,1.27,33.1,26,Left Wing,2021
Matthew Peca,1.76,8.799999999999999,5,Left Wing,2021
Brinson  Pasichnuk,0.57,2.3,4,Defense,2021
John Quenneville,0,0,0,Center,2021
Henrik Haapala,0,0,0,Left Wing,2021
Joel Hanley,2.03,71.0,35,Defense,2021
Zack Mitchell,0,0,0,Right Wing,2021
Calle Rosen,0,0,0,Defense,2021
Austin  Strand,1.72,22.3,13,Defense,2021
Lukas Vejdemo,0,0,0,Center,2021
Egor Korshkov,0,0,0,Right Wing,2021
Nick Caamano,1.0,24.0,24,Right Wing,2021
Gaetan Haas,1.11,37.6,34,Center,2021
Dylan Sikura,1.83,11.0,6,Center,2021
Kole Sherwood,1.85,11.1,6,Right Wing,2021
Jack Rodewald,0,0,0,Right Wing,2021
Garrett Pilon,0.0,0.0,1,Center,2021
Ryan MacInnis,0.44,7.0,16,Center,2021
Vladislav  Kamenev,0,0,0,Left Wing,2021
Beck Malenstyn,0,0,0,Left Wing,2021
Andreas Englund,0,0,0,Defense,2021
Thomas Di Pauli,0,0,0,Center,2021
Tanner Fritz,0,0,0,Center,2021
Alexander Khovanov,0,0,0,Center,2021
Gerald Mayhew,2.65,10.6,4,Right Wing,2021
Justin Dowling,1.01,27.300000000000004,27,Center,2021
Joey Keane,-0.2,-0.20000000000000007,1,Defense,2021
MacKenzie Entwistle,2.76,13.8,5,Right Wing,2021
Kevin  Czuczman,-0.65,-1.3000000000000003,2,Defense,2021
Maxim  Letunov,0,0,0,Center,2021
Josh  Currie,0.0,0.0,1,Right Wing,2021
Frederik Tiffels,0,0,0,Left Wing,2021
Serron Noel,0,0,0,Right Wing,2021
Adam  Johnson,0,0,0,Center,2021
Christian Thomas,0,0,0,Right Wing,2021
Vadim Shipachyov,0,0,0,Left Wing,2021
Ben Gleason,0,0,0,Defense,2021
Cameron  Schilling,0,0,0,Defense,2021
Maxime Lajoie,0,0,0,Defense,2021
Lassi  Thomson,0,0,0,Defense,2021
Simon Holmstrom,0,0,0,Right Wing,2021
Bogdan Kiselevich,0,0,0,Defense,2021
Lane Pederson,1.72,25.799999999999997,15,Center,2021
Max McCormick,1.96,23.5,12,Left Wing,2021
Gage Quinney,0,0,0,Left Wing,2021
Josh Dunne,1.45,8.7,6,Center,2021
Zac Dalpe,1.72,20.7,12,Center,2021
Giovanni Fiore,0,0,0,Left Wing,2021
Jalen Chatfield,0.43,7.699999999999999,18,Defense,2021
Dan Renouf,1.43,25.700000000000003,18,Defense,2021
Lawrence  Pilut,0,0,0,Defense,2021
Jori Lehtera,0,0,0,Center,2021
Anton Wedin,0,0,0,Left Wing,2021
Denis Malgin,0,0,0,Center,2021
Philip Holm,0,0,0,Defense,2021
Nelson Nogier,0,0,0,Defense,2021
Connor  Ingram,0,0,0,Goalie,2021
Mikhail Vorobyev,0,0,0,Center,2021
Cole Bardreau,0,0,0,Right Wing,2021
David Kase,0.5,0.5,1,Right Wing,2021
Kenneth Appleby,0,0,0,Goalie,2021
Joel Kellman,1.84,12.9,7,Center,2021
Tom  Kuhnhackl,0,0,0,Right Wing,2021
Scott Wilson,0,0,0,Left Wing,2021
Joel Persson,0,0,0,Defense,2021
Joona Luoto,0,0,0,Right Wing,2021
Brian Gibbons,0,0,0,Left Wing,2021
Joakim Nygard,0.18,1.6,9,Left Wing,2021
Andrei  Chibisov,0,0,0,Right Wing,2021
Ben Street,0,0,0,Center,2021
Ryan Murphy,0,0,0,Defense,2021
Matt Puempel,0,0,0,Left Wing,2021
Joel L'Esperance,1.17,14.0,12,Center,2021
Tanner Kero,1.64,63.89999999999999,39,Center,2021
A.J. Greer,2.1,2.1,1,Left Wing,2021
Max Veronneau,0,0,0,Right Wing,2021
Victor Ejdsell,0,0,0,Center,2021
Brad Malone,0,0,0,Center,2021
Shane Starrett,0,0,0,Goalie,2021
Andreas Martinsen,0,0,0,Left Wing,2021
Kyle  Criscuolo,0,0,0,Center,2021
Charles Hudon,0,0,0,Left Wing,2021
Sheldon Dries,1.4,4.2,3,Center,2021
Melker  Karlsson,0,0,0,Right Wing,2021
Filip  Chlapik,1.5,1.5,1,Center,2021
Kalle Kossila,0,0,0,Left Wing,2021
Ian  McCoshen,0,0,0,Defense,2021
Marian Studenic,1.69,13.5,8,Right Wing,2021
Juho Lammikko,1.1,48.6,44,Right Wing,2021
Joe Hicketts,0,0,0,Defense,2021
Josh Jooris,0,0,0,Center,2021
Kerby Rychel,0,0,0,Left Wing,2021
Colton White,0.1,0.20000000000000007,2,Defense,2021
Mirco  Mueller,0,0,0,Defense,2021
Gustav  Olofsson,0,0,0,Defense,2021
Marko Dano,0,0,0,Center,2021
Laurent Dauphin,0,0,0,Center,2021
Remi Elie,0,0,0,Left Wing,2021
Valentin Zykov,0,0,0,Left Wing,2021
Rem Pitlick,1.53,15.299999999999999,10,Center,2021
Philippe Maillet,-0.25,-0.5,2,Center,2021
Filip Johansson,0,0,0,Defense,2021
Dominik Bokk,0,0,0,Right Wing,2021
Saku Maenalanen,0,0,0,Right Wing,2021
Jakob  Lilja,0,0,0,Left Wing,2021
Hudson Fasching,0.14,0.7,5,Right Wing,2021
Sean Malone,2.8,2.8000000000000003,1,Center,2021
Luke Johnson,0.96,13.399999999999999,14,Center,2021
Miikka Salomaki,0,0,0,Right Wing,2021
Antti Suomela,1.15,4.6,4,Center,2021
Daniel Catenacci,0,0,0,Center,2021
Egor Yakovlev,0,0,0,Defense,2021
John Gilmour,0,0,0,Defense,2021
Kyle Burroughs,2.22,11.1,5,Defense,2021
Joseph Cramarossa,2.65,10.6,4,Center,2021
Logan  Shaw,0,0,0,Right Wing,2021
Brian M. Pinho,-0.3,-0.5999999999999999,2,Center,2021
Scott Harrington,2.34,28.1,12,Defense,2021
C.J. Smith,0.9,0.8999999999999999,1,Left Wing,2021
Derrick  Pouliot,0,0,0,Defense,2021
Byron Froese,1.73,10.4,6,Center,2021
Chad Johnson,0,0,0,Goalie,2021
Stefan Matteau,1.15,20.7,18,Center,2021
Jordan Schmaltz,0,0,0,Defense,2021
Nicolas  Meloche,1.53,10.7,7,Defense,2021
Matt Kiersted,0.44,3.1000000000000005,7,Defense,2021
Eric Gelinas,0,0,0,Defense,2021
Jeremy  Davies,1.58,6.300000000000001,4,Defense,2021
Jonathan  Davidsson,0,0,0,Right Wing,2021
Luke  Witkowski,0,0,0,Left Wing,2021
Magnus Paajarvi,0,0,0,Left Wing,2021
Sheldon Rempal,0.7,2.1,3,Right Wing,2021
Rhett Gardner,0.93,26.1,28,Center,2021
Jimmy Schuldt,0,0,0,Defense,2021
Michael Chaput,0.48,6.300000000000001,13,Center,2021
Gabriel Dumont,0,0,0,Center,2021
Vinni  Lettieri,0.32,1.5999999999999999,5,Center,2021
Justin Kloos,0,0,0,Center,2021
Eric Gryba,0,0,0,Defense,2021
Korbinian  Holzer,0,0,0,Defense,2021
Reese Johnson,1.82,9.1,5,Right Wing,2021
Otto Leskinen,0.3,0.3,1,Defense,2021
Ben Thomas,0.96,4.8,5,Defense,2021
Matthew Phillips,0.4,0.4,1,Center,2021
Daniel Walcott,2.8,2.8,1,Defense,2021
Adam Ruzicka,2.37,7.1000000000000005,3,Center,2021
William Lockwood,0.75,1.5,2,Right Wing,2021
Drake Rymsha,1.0,1.0,1,Center,2021
Jonah Gadjovich,4.4,4.3999999999999995,1,Left Wing,2021
Parker  Kelly,6.4,6.4,1,Center,2021
Artemi Panarin,6.33,265.9,42,Left Wing,2021
Roman Josi,4.99,239.29999999999998,48,Defense,2021
Steven Stamkos,5.08,192.9,38,Center,2021
Max Pacioretty,6.2,297.4,48,Left Wing,2021
Jacob Markstrom,5.77,248.0,43,Goalie,2021
Evander Kane,5.06,283.5,56,Left Wing,2021
Brady Tkachuk,4.98,279.09999999999997,56,Left Wing,2021
Anton Khudobin,5.5,176.06,32,Goalie,2021
Mike Hoffman,3.83,199.29999999999998,52,Left Wing,2021
Kirill Kaprizov,5.1,280.40000000000003,55,Left Wing,2021
Alex DeBrincat,5.98,311.1,52,Left Wing,2021
Vladimir Tarasenko,3.27,78.5,24,Right Wing,2021
Conor Garland,3.99,195.60000000000002,49,Right Wing,2021
Marc-Andre Fleury,8.19,294.96000000000004,36,Goalie,2021
Justin Schultz,4.03,185.3,46,Defense,2021
Jonas Brodin,3.58,189.7,53,Defense,2021
Matt Dumba,3.75,191.29999999999998,51,Defense,2021
Nick Leddy,3.64,203.60000000000002,56,Defense,2021
Erik Karlsson,3.12,162.4,52,Defense,2021
Rickard Rakell,2.81,145.89999999999998,52,Center,2021
Scott Laughton,3.49,184.8,53,Center,2021
Noel Acciari,3.17,130.10000000000002,41,Center,2021
Nicolas Hague,3.32,172.60000000000002,52,Defense,2021
Alex Ovechkin,5.78,259.9,45,Left Wing,2021
Brent Burns,3.91,218.70000000000002,56,Defense,2021
Connor Hellebuyck,6.8,306.06,45,Goalie,2021
Blake Wheeler,4.68,234.0,50,Right Wing,2021
Mark Giordano,4.23,236.9,56,Defense,2021
Anze Kopitar,4.55,254.6,56,Center,2021
Patrice Bergeron,5.83,314.9,54,Center,2021
Jeff Petry,5.55,305.2,55,Defense,2021
Jamie Benn,4.16,216.10000000000002,52,Left Wing,2021
Johnny Gaudreau,4.22,236.10000000000002,56,Left Wing,2021
Ryan Suter,2.9,162.2,56,Defense,2021
T.J. Oshie,4.76,252.10000000000002,53,Right Wing,2021
Anthony Mantha,2.84,158.79999999999998,56,Right Wing,2021
Duncan Keith,2.74,147.9,54,Defense,2021
Braden Holtby,4.71,98.96000000000001,21,Goalie,2021
Max Domi,2.26,122.3,54,Center,2021
Tomas Hertl,4.65,232.7,50,Center,2021
Joe Pavelski,5.59,313.3,56,Right Wing,2021
Marcus Pettersson,2.06,96.60000000000001,47,Defense,2021
Semyon Varlamov,7.82,273.56,35,Goalie,2021
P.K. Subban,3.08,135.39999999999998,44,Defense,2021
Devon Toews,4.9,259.7,53,Defense,2021
Andrei Vasilevskiy,8.4,352.68,42,Goalie,2021
Patrick Kane,5.31,297.29999999999995,56,Right Wing,2021
Jordan Binnington,6.12,251.02,41,Goalie,2021
Mark Scheifele,5.26,294.6,56,Center,2021
J.T. Miller,4.8,254.60000000000002,53,Center,2021
Mark Stone,5.88,323.3,55,Right Wing,2021
Jake Muzzin,4.64,246.10000000000002,53,Defense,2021
Filip Forsberg,4.48,174.7,39,Left Wing,2021
John Klingberg,4.39,232.7,53,Defense,2021
Jakob Chychrun,5.76,322.5,56,Defense,2021
Joel Eriksson Ek,3.75,209.8,56,Center,2021
William Karlsson,3.84,215.09999999999997,56,Center,2021
Mats Zuccarello,3.95,165.8,42,Right Wing,2021
Ryan McDonagh,3.1,154.9,50,Defense,2021
Brayden Schenn,4.05,226.79999999999998,56,Center,2021
Blake Coleman,3.79,208.2,55,Left Wing,2021
Anthony Duclair,4.18,179.8,43,Left Wing,2021
Teuvo Teravainen,3.71,77.9,21,Right Wing,2021
Jakub Vrana,3.94,197.2,50,Center,2021
Mike Smith,8.4,252.0,30,Goalie,2021
Sean Walker,2.94,138.2,47,Defense,2021
Timo Meier,3.45,186.1,54,Right Wing,2021
Drake Batherson,3.57,199.70000000000002,56,Center,2021
Connor McDavid,9.76,546.3,56,Center,2021
Cale Makar,6.73,296.1,44,Defense,2021
Patrik Laine,2.43,111.7,46,Right Wing,2021
Mackenzie Blackwood,5.44,190.5,35,Goalie,2021
Gabriel Landeskog,5.64,304.5,54,Left Wing,2021
Darnell Nurse,5.95,333.0,56,Defense,2021
Mathew Barzal,4.45,244.8,55,Center,2021
Josh Anderson,3.48,181.1,52,Right Wing,2021
Mikhail Sergachev,4.09,228.9,56,Defense,2021
Colton Parayko,3.33,106.7,32,Defense,2021
Nick Suzuki,4.12,230.8,56,Center,2021
Nikolaj Ehlers,5.31,249.4,47,Left Wing,2021
Samuel Girard,4.53,217.40000000000003,48,Defense,2021
Jordan Staal,4.62,244.6,53,Center,2021
Nino Niederreiter,3.9,218.29999999999998,56,Right Wing,2021
Radko Gudas,3.57,192.8,54,Defense,2021
Calvin Petersen,5.42,173.56,32,Goalie,2021
Ryan Graves,3.38,182.3,54,Defense,2021
Adrian Kempe,3.2,179.4,56,Center,2021
Martin Jones,5.45,185.16,34,Goalie,2021
Alex Goligoski,3.55,198.9,56,Defense,2021
Leon Draisaitl,8.14,455.80000000000007,56,Left Wing,2021
Mitchell Marner,6.12,336.59999999999997,55,Right Wing,2021
Victor Hedman,5.92,319.90000000000003,54,Defense,2021
Brayden Point,4.39,245.9,56,Center,2021
Kyle Connor,4.51,252.70000000000002,56,Left Wing,2021
Robin Lehner,7.39,140.42000000000002,19,Goalie,2021
Bo Horvat,4.06,227.3,56,Center,2021
Adam Fox,6.11,336.0,55,Defense,2021
Drew Doughty,4.52,253.3,56,Defense,2021
Tyson Barrie,5.59,313.0,56,Defense,2021
Martin Necas,4.69,248.8,53,Center,2021
Ryan Strome,4.52,253.39999999999998,56,Center,2021
Rasmus Ristolainen,3.8,186.3,49,Defense,2021
Jason Robertson,4.36,222.60000000000002,51,Left Wing,2021
Yanni Gourde,3.78,211.6,56,Left Wing,2021
Chandler Stephenson,4.22,215.2,51,Center,2021
Jack Campbell,8.34,183.57999999999998,22,Goalie,2021
Nico Hischier,3.04,63.8,21,Center,2021
Andre Burakovsky,4.13,219.0,53,Left Wing,2021
Jesse Puljujarvi,3.11,171.10000000000002,55,Right Wing,2021
Dominik Kubalik,3.83,214.20000000000002,56,Left Wing,2021
Collin Delia,5.34,26.700000000000003,5,Goalie,2021
David Pastrnak,5.84,280.4,48,Right Wing,2021
Seth Jones,4.11,230.1,56,Defense,2021
Aleksander Barkov,6.4,320.2,50,Center,2021
Ivan Provorov,4.2,235.40000000000003,56,Defense,2021
Matthew Tkachuk,4.76,266.3,56,Left Wing,2021
Charlie McAvoy,4.92,250.8,51,Defense,2021
Ilya Samsonov,7.39,133.0,18,Goalie,2021
Torey Krug,4.6,234.5,51,Defense,2021
Morgan Rielly,4.57,251.29999999999998,55,Defense,2021
Bryan Rust,4.68,262.3,56,Right Wing,2021
Brock Boeser,4.44,248.6,56,Right Wing,2021
Ondrej Palat,4.9,269.6,55,Left Wing,2021
Petr Mrazek,7.54,90.5,12,Goalie,2021
Andrew Copp,4.32,237.4,55,Center,2021
Christian Dvorak,3.32,186.0,56,Left Wing,2021
Juuse Saros,7.71,269.9,35,Goalie,2021
Anthony Beauvillier,3.62,170.1,47,Left Wing,2021
Max Comtois,3.69,203.20000000000002,55,Left Wing,2021
Jakub Voracek,3.42,181.3,53,Right Wing,2021
Alex Tuch,3.88,213.4,55,Right Wing,2021
Brock Nelson,3.31,185.2,56,Center,2021
Ryan Ellis,4.02,140.8,35,Defense,2021
Kyle Palmieri,2.68,136.6,51,Right Wing,2021
Auston Matthews,7.59,394.5,52,Center,2021
John Tavares,4.82,270.09999999999997,56,Center,2021
Taylor Hall,3.18,168.7,53,Left Wing,2021
Philipp Grubauer,8.17,318.52,39,Goalie,2021
Nicklas Backstrom,4.6,252.89999999999998,55,Center,2021
Kevin Fiala,4.74,236.9,50,Center,2021
Cam Talbot,7.42,244.84,33,Goalie,2021
Tyler Toffoli,5.17,268.79999999999995,52,Right Wing,2021
Marcus Foligno,4.54,176.89999999999998,39,Left Wing,2021
Dmitry Orlov,3.74,190.7,51,Defense,2021
Mike Reilly,3.41,187.7,55,Defense,2021
Connor Brown,3.56,199.29999999999998,56,Right Wing,2021
Tim Stützle,2.97,157.4,53,Left Wing,2021
Tyler Bozak,2.99,92.6,31,Center,2021
Jeremy Swayman,8.63,86.32,10,Goalie,2021
Nick Bonino,2.7,148.3,55,Center,2021
Jonas Johansson,5.31,69.02,13,Goalie,2021
J.T. Compher,2.77,133.2,48,Right Wing,2021
John Carlson,5.49,285.29999999999995,52,Defense,2021
Brad Marchand,7.39,391.70000000000005,53,Left Wing,2021
Jonathan Huberdeau,5.83,320.5,55,Left Wing,2021
Mikko Rantanen,7.09,368.9,52,Right Wing,2021
Carter Hart,4.44,111.03999999999999,25,Goalie,2021
Jake Guentzel,5.63,315.5,56,Left Wing,2021
Rasmus Dahlin,2.77,155.3,56,Defense,2021
Tristan Jarry,7.29,277.0,38,Goalie,2021
Ryan Nugent-Hopkins,4.03,209.4,52,Center,2021
Tom Wilson,4.75,223.4,47,Right Wing,2021
Elias Lindholm,4.79,268.5,56,Right Wing,2021
Darcy Kuemper,5.28,142.68,27,Goalie,2021
David Perron,5.33,298.3,56,Right Wing,2021
Sam Reinhart,3.85,208.0,54,Right Wing,2021
Alex Killorn,3.41,191.0,56,Left Wing,2021
Pavel Buchnevich,5.14,277.29999999999995,54,Right Wing,2021
Alec Martinez,5.62,297.79999999999995,53,Defense,2021
Jordan Kyrou,2.88,158.29999999999998,55,Center,2021
Mattias Ekholm,3.75,180.1,48,Defense,2021
Brett Pesce,3.56,195.9,55,Defense,2021
Adam Boqvist,3.05,106.7,35,Defense,2021
Kevin Lankinen,6.54,241.9,37,Goalie,2021
Phillip Danault,2.77,146.60000000000002,53,Center,2021
Elias Pettersson,4.14,107.7,26,Center,2021
Andrei Svechnikov,4.66,256.29999999999995,55,Left Wing,2021
Zach Hyman,4.85,208.6,43,Left Wing,2021
William Nylander,4.24,216.0,51,Right Wing,2021
Neal Pionk,4.75,256.6,54,Defense,2021
Ryan O'Reilly,5.6,313.4,56,Center,2021
Quinn Hughes,4.01,224.6,56,Defense,2021
Logan Couture,3.44,182.20000000000002,53,Center,2021
Jonathan Marchessault,4.56,250.59999999999997,55,Left Wing,2021
Nazem Kadri,3.26,182.5,56,Center,2021
Josh Morrissey,3.54,198.1,56,Defense,2021
Jack Hughes,2.82,158.2,56,Center,2021
Justin Faulk,4.42,247.5,56,Defense,2021
MacKenzie Weegar,5.54,299.1,54,Defense,2021
Kaapo Kahkonen,7.06,162.28,23,Goalie,2021
Oliver Bjorkstrand,3.72,208.1,56,Right Wing,2021
Vitek Vanecek,6.83,245.92,36,Goalie,2021
Jordan Greenway,3.2,179.29999999999998,56,Left Wing,2021
Carter Verhaeghe,5.05,217.10000000000002,43,Center,2021
David Krejci,4.42,225.4,51,Center,2021
Frank Vatrano,3.37,188.6,56,Left Wing,2021
James van Riemsdyk,3.98,222.6,56,Left Wing,2021
James Reimer,7.43,155.95999999999998,21,Goalie,2021
Nathan MacKinnon,7.33,351.7,48,Center,2021
Mika Zibanejad,5.95,333.1,56,Center,2021
Alex Pietrangelo,5.06,207.4,41,Defense,2021
Tuukka Rask,7.03,168.76,24,Goalie,2021
Sean Couturier,4.56,205.1,45,Center,2021
Carey Price,5.99,149.68,25,Goalie,2021
Shea Theodore,5.49,291.0,53,Defense,2021
Claude Giroux,3.71,200.2,54,Left Wing,2021
Evgeny Kuznetsov,3.8,155.8,41,Center,2021
Anthony Cirelli,2.87,143.7,50,Center,2021
Matt Grzelcyk,4.14,153.3,37,Defense,2021
Jean-Gabriel Pageau,3.94,213.0,54,Center,2021
Joel Farabee,3.9,214.70000000000002,55,Left Wing,2021
Clayton Keller,3.16,177.20000000000002,56,Center,2021
Jacob Trouba,3.98,151.39999999999998,38,Defense,2021
Ilya Sorokin,7.46,156.74,21,Goalie,2021
Jared Spurgeon,3.84,207.2,54,Defense,2021
Igor Shesterkin,6.8,210.88,31,Goalie,2021
Jordan Eberle,3.32,182.4,55,Right Wing,2021
Calle Jarnkrok,3.41,166.89999999999998,49,Center,2021
Connor Murphy,3.74,187.2,50,Defense,2021
Esa Lindell,3.53,197.9,56,Defense,2021
Joel Edmundson,3.14,172.8,55,Defense,2021
Auston Matthews,8.57,625.6,73,Center,2022
Igor Shesterkin,8.84,459.52,52,Goalie,2022
Mitchell Marner,6.99,503.1,72,Right Wing,2022
Artemi Panarin,5.98,448.4,75,Left Wing,2022
Jack Campbell,7.99,375.54,47,Goalie,2022
Claude Giroux,4.34,325.2,75,Left Wing,2022
Tyler Seguin,3.34,270.9,81,Center,2022
Linus Ullmark,7.47,291.34000000000003,39,Goalie,2022
Ilya Sorokin,7.6,395.06,52,Goalie,2022
Jaccob Slavin,4.22,333.5,79,Defense,2022
Mats Zuccarello,5.65,395.8,70,Right Wing,2022
Tony DeAngelo,5.72,365.8,64,Defense,2022
John Klingberg,3.95,292.1,74,Defense,2022
Drew Doughty,5.92,230.8,39,Defense,2022
Esa Lindell,3.39,257.6,76,Defense,2022
Robin Lehner,6.11,268.96,44,Goalie,2022
Aaron Ekblad,6.84,417.40000000000003,61,Defense,2022
Rasmus Ristolainen,3.35,220.8,66,Defense,2022
Brock Boeser,3.71,263.5,71,Right Wing,2022
Samuel Girard,3.15,210.8,67,Defense,2022
Boone Jenner,4.35,256.6,59,Center,2022
Jordan Binnington,6.11,226.06,37,Goalie,2022
Anthony Cirelli,3.82,290.7,76,Center,2022
Tyler Myers,3.08,252.4,82,Defense,2022
Jakob Chychrun,3.52,165.6,47,Defense,2022
Oliver Ekman-Larsson,3.34,263.7,79,Defense,2022
Jonathan Toews,2.56,181.7,71,Center,2022
Filip Hronek,3.06,238.4,78,Defense,2022
Phillip Danault,3.91,308.9,79,Center,2022
Alex Iafallo,2.98,235.8,79,Left Wing,2022
Semyon Varlamov,5.66,164.02,29,Goalie,2022
Frank Vatrano,2.77,196.70000000000002,71,Left Wing,2022
Clayton Keller,4.63,310.40000000000003,67,Center,2022
Jordan Eberle,2.83,223.9,79,Right Wing,2022
Phil Kessel,2.7,221.3,82,Right Wing,2022
Carter Hart,5.18,227.88,44,Goalie,2022
Christian Dvorak,2.86,160.20000000000002,56,Left Wing,2022
Jake Muzzin,2.9,136.3,47,Defense,2022
Dominik Kubalik,2.42,188.9,78,Left Wing,2022
Sean Couturier,3.42,99.1,29,Center,2022
Lucas Raymond,3.36,275.70000000000005,82,Left Wing,2022
William Karlsson,2.9,194.6,67,Center,2022
Nino Niederreiter,3.77,282.7,75,Right Wing,2022
Cole Caufield,3.17,212.5,67,Right Wing,2022
Mike Hoffman,2.74,183.5,67,Left Wing,2022
Joel Farabee,3.12,196.70000000000002,63,Left Wing,2022
Nikita Zaitsev,2.49,154.3,62,Defense,2022
Patric Hornqvist,2.86,185.79999999999998,65,Right Wing,2022
Alex Nedeljkovic,6.0,311.96,52,Goalie,2022
Max Comtois,2.12,110.0,52,Left Wing,2022
Sean Monahan,2.23,145.1,65,Center,2022
Mackenzie Blackwood,5.31,127.44,24,Goalie,2022
Brandon Tanev,4.08,122.5,30,Left Wing,2022
Kirby Dach,2.2,153.8,70,Center,2022
Vitek Vanecek,6.64,259.08000000000004,39,Goalie,2022
Josh Anderson,3.18,219.6,69,Right Wing,2022
Ryan Ellis,7.62,30.5,4,Defense,2022
Jaden Schwartz,3.08,114.0,37,Left Wing,2022
Vince Dunn,3.43,250.40000000000003,73,Defense,2022
Brayden McNabb,3.66,252.29999999999998,69,Defense,2022
Brendan Gallagher,2.94,164.79999999999998,56,Right Wing,2022
Jonathan Quick,6.52,299.96,46,Goalie,2022
Dmitry Orlov,4.09,310.79999999999995,76,Defense,2022
Jesse Puljujarvi,3.5,227.3,65,Right Wing,2022
Adin Hill,5.73,126.14000000000001,22,Goalie,2022
Tomas Tatar,2.13,162.0,76,Left Wing,2022
Sean Walker,3.42,20.5,6,Defense,2022
Mario Ferraro,2.95,186.1,63,Defense,2022
Tanner Pearson,3.21,218.5,68,Left Wing,2022
James Reimer,6.34,291.62,46,Goalie,2022
Pavel Zacha,2.66,186.2,70,Center,2022
Viktor Arvidsson,4.19,276.4,66,Right Wing,2022
Jonas Brodin,3.48,254.20000000000002,73,Defense,2022
Reilly Smith,3.92,219.4,56,Right Wing,2022
Connor Brown,2.88,184.39999999999998,64,Right Wing,2022
Adam Larsson,3.11,254.7,82,Defense,2022
Ryan Graves,3.11,232.9,75,Defense,2022
Antti Raanta,7.1,184.68,26,Goalie,2022
Erik Johnson,3.77,290.0,77,Defense,2022
Ryan Getzlaf,3.62,202.7,56,Center,2022
Jordan Staal,3.39,264.20000000000005,78,Center,2022
Sean Durzi,3.89,249.0,64,Defense,2022
Evan Rodrigues,3.33,273.0,82,Center,2022
Alexis Lafreniere,2.53,199.5,79,Left Wing,2022
Jakub Voracek,3.6,284.2,79,Right Wing,2022
Yanni Gourde,3.43,253.5,74,Left Wing,2022
Rickard Rakell,3.64,254.6,70,Center,2022
Adam Henrique,3.88,224.99999999999997,58,Center,2022
Dustin Brown,2.59,165.6,64,Right Wing,2022
Dylan Strome,3.8,261.90000000000003,69,Center,2022
James van Riemsdyk,2.37,194.39999999999998,82,Left Wing,2022
Cal Petersen,6.07,212.34,35,Goalie,2022
Petr Mrazek,6.09,109.64,18,Goalie,2022
Justin Holl,3.37,232.79999999999998,69,Defense,2022
Vladislav Gavrikov,3.55,284.2,80,Defense,2022
Jake McCabe,2.99,224.2,75,Defense,2022
Anton Lundell,4.14,269.20000000000005,65,Center,2022
Anthony Mantha,3.47,128.4,37,Right Wing,2022
P.K. Subban,2.61,201.1,77,Defense,2022
Hampus Lindholm,3.43,243.2,71,Defense,2022
Connor Murphy,3.04,173.3,57,Defense,2022
Josh Bailey,2.64,195.4,74,Left Wing,2022
Braden Holtby,6.07,133.58,22,Goalie,2022
Blake Coleman,3.32,269.3,81,Left Wing,2022
Kasperi Kapanen,2.55,201.6,79,Right Wing,2022
Anthony Beauvillier,2.4,180.1,75,Left Wing,2022
Jake DeBrusk,3.29,253.4,77,Left Wing,2022
Kaapo Kahkonen,6.12,201.86,33,Goalie,2022
Chris Driedger,4.82,115.78,24,Goalie,2022
J.T. Compher,2.9,202.70000000000002,70,Right Wing,2022
Tuukka Rask,3.18,12.719999999999999,4,Goalie,2022
Brandon Saad,3.39,264.1,78,Left Wing,2022
Kevin Hayes,2.98,142.8,48,Center,2022
Alexandar Georgiev,6.16,172.34,28,Goalie,2022
Brenden Dillon,3.21,253.7,79,Defense,2022
Artem Zub,2.96,239.9,81,Defense,2022
Logan Thompson,7.73,131.4,17,Goalie,2022
Keith Yandle,1.31,100.9,77,Defense,2022
Oliver Kylington,3.52,257.29999999999995,73,Defense,2022
Jamie Drysdale,2.53,205.2,81,Defense,2022
Yegor Sharangovich,3.09,235.0,76,Center,2022
T.J. Brodie,2.86,234.20000000000002,82,Defense,2022
Alexander Kerfoot,3.39,277.9,82,Center,2022
Ross Colton,3.26,257.9,79,Left Wing,2022
Adam Boqvist,2.83,147.2,52,Defense,2022
Brett Pesce,3.35,234.5,70,Defense,2022
Alexander Radulov,1.81,128.8,71,Right Wing,2022
Calvin de Haan,2.55,176.1,69,Defense,2022
Ben Bishop,0,0,0,Goalie,2022
Mikael Backlund,2.93,240.4,82,Center,2022
Matt Grzelcyk,2.96,215.8,73,Defense,2022
Erik Cernak,3.18,175.0,55,Defense,2022
Scott Wedgewood,6.74,215.76,32,Goalie,2022
Garnet Hathaway,3.49,264.9,76,Right Wing,2022
Jake Allen,4.87,170.52,35,Goalie,2022
Alexander Romanov,2.83,223.39999999999998,79,Defense,2022
Cody Ceci,3.22,251.20000000000002,78,Defense,2022
Luke Schenn,3.88,255.8,66,Defense,2022
Martin Fehervary,3.28,258.8,79,Defense,2022
Jonathan Drouin,2.82,95.9,34,Left Wing,2022
John Marino,2.47,199.8,81,Defense,2022
Kaapo Kakko,2.34,100.80000000000001,43,Right Wing,2022
Anton Khudobin,4.67,32.660000000000004,7,Goalie,2022
Craig Anderson,5.99,185.56,31,Goalie,2022
Christopher Tanev,3.35,274.79999999999995,82,Defense,2022
Denis Gurianov,2.61,190.2,73,Left Wing,2022
Frederick Gaudreau,3.1,235.70000000000002,76,Center,2022
Dan Vladar,7.7,146.22,19,Goalie,2022
Craig Smith,3.13,231.3,74,Right Wing,2022
Duncan Keith,2.97,190.0,64,Defense,2022
Owen Power,3.05,24.400000000000002,8,Defense,2022
Alex Wennberg,2.17,173.5,80,Center,2022
Alexander Edler,4.21,172.8,41,Defense,2022
Jesperi Kotkaniemi,2.55,167.99999999999997,66,Center,2022
Brandon Hagel,3.11,239.20000000000002,77,Left Wing,2022
Justin Schultz,2.29,169.2,74,Defense,2022
Nils Hoglander,1.95,116.9,60,Left Wing,2022
Nick Leddy,1.91,143.39999999999998,75,Defense,2022
Kyle Okposo,3.35,247.9,74,Right Wing,2022
Zach Parise,2.71,222.0,82,Left Wing,2022
Jason Zucker,2.82,115.7,41,Left Wing,2022
Matt Roy,3.64,243.7,67,Defense,2022
Erik Kallgren,6.77,81.24,12,Goalie,2022
Corey Perry,3.09,253.3,82,Right Wing,2022
Anthony Stolarz,7.75,178.24,23,Goalie,2022
Dawson Mercer,2.41,198.00000000000003,82,Center,2022
Lawson Crouse,3.94,256.1,65,Left Wing,2022
Mike Matheson,3.55,262.5,74,Defense,2022
Jaroslav Halak,4.6,64.42,14,Goalie,2022
Jordan Greenway,3.68,228.2,62,Left Wing,2022
Lars Eller,2.62,188.7,72,Center,2022
Danton Heinen,2.63,200.20000000000002,76,Center,2022
Max Domi,2.69,194.0,72,Center,2022
Nick Jensen,3.06,232.4,76,Defense,2022
Jakob Silfverberg,2.47,130.8,53,Right Wing,2022
Barclay Goodrow,3.11,245.89999999999998,79,Right Wing,2022
Martin Jones,5.3,174.94,33,Goalie,2022
Andrew Peeke,2.71,222.2,82,Defense,2022
Sonny Milano,2.5,164.9,66,Left Wing,2022
Mike Reilly,2.43,170.3,70,Defense,2022
Jason Spezza,2.11,150.0,71,Center,2022
Ty Smith,2.08,137.0,66,Defense,2022
Oliver Wahlstrom,2.59,188.89999999999998,73,Right Wing,2022
Seth Jarvis,3.24,220.6,68,Center,2022
Thomas Greiss,4.39,123.0,28,Goalie,2022
Andreas Johnsson,2.62,186.0,71,Left Wing,2022
Vladislav Namestnikov,2.44,183.29999999999998,75,Center,2022
Ryan Lindgren,2.84,221.2,78,Defense,2022
K'Andre Miller,2.91,238.4,82,Defense,2022
Adam Lowry,2.84,224.5,79,Center,2022
Mathieu Joseph,3.01,207.49999999999997,69,Right Wing,2022
Justin Braun,2.78,192.0,69,Defense,2022
David Savard,2.88,178.7,62,Defense,2022
Travis Hamonic,3.23,139.0,43,Defense,2022
Dillon Dube,2.49,196.7,79,Center,2022
Sean Kuraly,3.24,249.5,77,Center,2022
Nick Foligno,2.07,132.29999999999998,64,Left Wing,2022
Karel Vejmelka,4.46,218.78000000000003,49,Goalie,2022
Zack Kassian,2.58,149.7,58,Right Wing,2022
Dustin Tokarski,5.5,153.98,28,Goalie,2022
Pius Suter,2.28,187.0,82,Center,2022
Alexandre Carrier,3.67,282.6,77,Defense,2022
Zdeno Chara,2.64,190.2,72,Defense,2022
Laurent Brossoit,5.51,115.72,21,Goalie,2022
Eric Comrie,8.02,128.32,16,Goalie,2022
Kevin Labanc,2.23,46.9,21,Right Wing,2022
Vasily Podkolzin,2.28,180.0,79,Right Wing,2022
Spencer Martin,10.26,61.54,6,Goalie,2022
Joonas Donskoi,1.5,112.8,75,Right Wing,2022
Dylan Cozens,2.47,195.5,79,Center,2022
Brian Dumoulin,2.9,220.3,76,Defense,2022
Carl Soderberg,0,0,0,Center,2022
Tyler Johnson,1.66,43.2,26,Center,2022
Matt Murray,4.78,95.6,20,Goalie,2022
Luke Kunin,2.66,218.1,82,Center,2022
Ryan Reaves,2.09,144.4,69,Right Wing,2022
Scott Laughton,3.01,201.8,67,Center,2022
Conor Sheary,3.19,226.5,71,Left Wing,2022
Jonathan Bernier,6.04,48.36,8,Goalie,2022
Alex Newhook,2.74,194.7,71,Center,2022
Alex Chiasson,2.38,159.20000000000002,67,Right Wing,2022
Radek Faksa,2.03,156.1,77,Center,2022
Eeli Tolvanen,2.58,193.8,75,Left Wing,2022
Nicolas Roy,3.13,244.3,78,Center,2022
Nicolas Deslauriers,2.41,195.3,81,Left Wing,2022
Andreas Athanasiou,3.47,97.2,28,Left Wing,2022
Ondrej Kase,3.41,170.7,50,Right Wing,2022
Michael Stone,5.07,55.8,11,Defense,2022
Marcus Pettersson,2.62,188.6,72,Defense,2022
David Rittich,6.59,79.04,12,Goalie,2022
Josh Manson,2.77,185.6,67,Defense,2022
Mark Borowiecki,2.86,160.3,56,Defense,2022
David Krejci,0,0,0,Center,2022
Noah Cates,3.38,54.1,16,Left Wing,2022
Robby Fabbri,3.02,169.4,56,Center,2022
Nic Dowd,3.06,195.9,64,Center,2022
Pat Maroon,2.92,236.6,81,Left Wing,2022
Quinton Byfield,1.4,55.8,40,Center,2022
Calle Jarnkrok,2.13,140.9,66,Center,2022
Erik Gustafsson,2.34,138.0,59,Defense,2022
Colton Sissons,2.59,204.3,79,Center,2022
Sebastian Aho,5.73,452.4,79,Center,2022
Nathan Walker,3.12,93.6,30,Center,2022
Rasmus Sandin,2.78,141.8,51,Defense,2022
Kris Russell,3.16,97.9,31,Defense,2022
Shea Weber,0,0,0,Defense,2022
Joel Armia,1.84,110.50000000000001,60,Right Wing,2022
Isac Lundestrom,2.16,172.9,80,Center,2022
Michael Del Zotto,3.55,92.30000000000001,26,Defense,2022
Jacob Middleton,3.18,210.1,66,Defense,2022
Jani Hakanpaa,2.65,211.89999999999998,80,Defense,2022
Rasmus Asplund,1.75,140.0,80,Center,2022
Milan Lucic,2.29,187.4,82,Left Wing,2022
Filip Zadina,1.9,140.89999999999998,74,Right Wing,2022
Jake Bean,2.76,184.8,67,Defense,2022
Nick Ritchie,2.86,162.9,57,Left Wing,2022
Joel Edmundson,3.49,83.7,24,Defense,2022
Sam Montembeault,4.91,147.44,30,Goalie,2022
Logan O'Connor,2.42,196.3,81,Right Wing,2022
Felix Sandstrom,3.68,18.42,5,Goalie,2022
Joonas Korpisalo,4.37,74.32000000000001,17,Goalie,2022
Cal Clutterbuck,2.49,147.0,59,Right Wing,2022
Anton Stralman,2.53,187.3,74,Defense,2022
Louis Domingue,9.19,18.38,2,Goalie,2022
Eric Staal,0,0,0,Center,2022
Brandon Carlo,2.55,201.7,79,Defense,2022
Owen Tippett,2.27,143.2,63,Right Wing,2022
Tobias Bjornfot,1.14,79.7,70,Defense,2022
Austin Watson,2.97,199.3,67,Right Wing,2022
Keegan Kolesar,2.79,215.2,77,Right Wing,2022
Derek Stepan,1.91,110.60000000000001,58,Center,2022
Wayne Simmonds,2.0,144.0,72,Right Wing,2022
Alexander Barabanov,2.8,196.2,70,Left Wing,2022
Jesper Fast,2.66,217.79999999999998,82,Right Wing,2022
Robert Hagg,2.23,142.7,64,Defense,2022
Malcolm Subban,3.1,9.3,3,Goalie,2022
Ethan Bear,2.21,127.9,58,Defense,2022
Charlie Lindgren,12.21,48.86,4,Goalie,2022
Derick Brassard,2.57,118.3,46,Center,2022
Jonathan Dahlen,1.81,110.39999999999999,61,Right Wing,2022
Carson Soucy,3.37,215.4,64,Defense,2022
Chris Wideman,2.77,177.5,64,Defense,2022
Nico Daws,4.71,108.22,23,Goalie,2022
Alex Galchenyuk,1.98,118.99999999999999,60,Left Wing,2022
Dmitry Kulikov,2.95,236.0,80,Defense,2022
Rem Pitlick,2.65,175.2,66,Center,2022
Stuart Skinner,6.23,74.7,12,Goalie,2022
Casey Mittelstadt,2.24,89.7,40,Center,2022
Dante Fabbro,3.18,210.0,66,Defense,2022
Zach Aston-Reese,2.51,173.3,69,Center,2022
Alex Turcotte,0.82,6.6,8,Center,2022
Teddy Blueger,2.67,173.7,65,Center,2022
Nikita Zadorov,3.06,226.1,74,Defense,2022
David Kampf,2.14,175.4,82,Right Wing,2022
Nick Bonino,2.23,178.0,80,Center,2022
Morgan Geekie,1.59,115.80000000000001,73,Center,2022
Erik Gudbranson,2.88,224.7,78,Defense,2022
Alex Formenton,2.68,211.39999999999998,79,Left Wing,2022
Erik Brannstrom,2.18,115.4,53,Defense,2022
Scott Mayfield,3.02,184.1,61,Defense,2022
Jaromir Jagr,0,0,0,Right Wing,2022
Joe Thornton,1.5,50.900000000000006,34,Center,2022
Alexandre Texier,2.84,102.3,36,Center,2022
Trevor van Riemsdyk,2.32,167.0,72,Defense,2022
Chris Tierney,1.5,105.2,70,Center,2022
Michael Rasmussen,2.46,196.5,80,Center,2022
Dysin Mayo,2.37,158.5,67,Defense,2022
Filip Chytil,1.9,127.4,67,Right Wing,2022
Marco Rossi,1.0,2.0,2,Center,2022
Ryan Donato,2.34,173.3,74,Right Wing,2022
Pierre Engvall,2.75,214.60000000000002,78,Left Wing,2022
Arthur Kaliyev,2.17,173.70000000000002,80,Right Wing,2022
Cole Perfetti,2.04,36.8,18,Center,2022
Henri Jokiharju,2.52,151.5,60,Defense,2022
Jon Lizotte,3.7,3.7,1,Defense,2022
Bobby Brink,1.76,17.6,10,Right Wing,2022
Brock McGinn,2.46,157.2,64,Left Wing,2022
Casey Cizikas,2.11,156.5,74,Center,2022
Connor Ingram,3.53,10.600000000000001,3,Goalie,2022
Pierre-Edouard Bellemare,2.06,164.5,80,Right Wing,2022
Ukko-Pekka Luukkonen,5.1,45.88,9,Goalie,2022
Kent Johnson,1.92,17.3,9,Center,2022
Matt Martin,1.96,139.2,71,Left Wing,2022
Mason McTavish,2.77,24.9,9,Center,2022
Colin Miller,2.85,108.4,38,Defense,2022
Peyton Krebs,1.64,93.3,57,Center,2022
Tyler Ennis,2.58,147.1,57,Left Wing,2022
Jack Quinn,4.35,8.7,2,Right Wing,2022
William Eklund,2.1,18.9,9,Left Wing,2022
Michael McLeod,1.91,146.7,77,Center,2022
Morgan Frost,1.72,94.4,55,Center,2022
Luke Glendening,1.9,155.9,82,Center,2022
Jeremy Lauzon,2.45,162.0,66,Defense,2022
Haydn Fleury,2.29,82.3,36,Defense,2022
Zach Bogosian,2.44,117.1,48,Defense,2022
Jake Evans,2.41,173.3,72,Right Wing,2022
Marco Scandella,2.33,163.4,70,Defense,2022
Zemgus Girgensons,2.3,128.8,56,Center,2022
Scott Perunovich,2.27,43.2,19,Defense,2022
Jake Sanderson,0,0,0,Defense,2022
Logan Stanley,3.03,175.5,58,Defense,2022
Devan Dubnyk,0,0,0,Goalie,2022
Yakov Trenin,2.66,212.8,80,Center,2022
Shane Pinto,1.32,6.6,5,Center,2022
Taylor Raddysh,2.09,154.7,74,Right Wing,2022
Patrick Marleau,0,0,0,Left Wing,2022
Nolan Patrick,1.74,43.4,25,Center,2022
Brandon Duhaime,2.25,180.1,80,Right Wing,2022
Jack Drury,7.5,15.0,2,Center,2022
Travis Boyd,2.67,197.6,74,Center,2022
Nathan Bastian,2.56,184.4,72,Right Wing,2022
Cam York,2.35,70.4,30,Defense,2022
Barrett Hayton,2.46,147.6,60,Center,2022
Alexander Holtz,0.89,8.0,9,Right Wing,2022
Timothy Liljegren,3.14,191.6,61,Defense,2022
Connor McMichael,1.6,108.8,68,Center,2022
Nils Lundkvist,1.72,42.9,25,Defense,2022
Justin Williams,0,0,0,Right Wing,2022
Henrik Lundqvist,0,0,0,Goalie,2022
Loui Eriksson,1.11,81.1,73,Left Wing,2022
Ilya  Kovalchuk,0,0,0,Left Wing,2022
Philip Tomasino,2.38,180.89999999999998,76,Center,2022
Ian Cole,2.95,221.3,75,Defense,2022
Marc Staal,2.2,156.3,71,Defense,2022
Nick Holden,2.51,191.1,76,Defense,2022
Jay  Bouwmeester,0,0,0,Defense,2022
Derek Forbort,2.4,182.7,76,Defense,2022
Dan  Hamhuis,0,0,0,Defense,2022
Calen Addison,1.64,24.6,15,Defense,2022
Drew O'Connor,1.51,33.3,22,Left Wing,2022
Oskar Lindblom,2.06,162.4,79,Left Wing,2022
Rudolfs Balcers,2.65,161.6,61,Left Wing,2022
Johan Larsson,3.13,134.39999999999998,43,Left Wing,2022
Nick Blankenburg,4.07,28.5,7,Defense,2022
Johnny Boychuk,0,0,0,Defense,2022
Trevor Daley,0,0,0,Defense,2022
Nate Thompson,1.0,33.099999999999994,33,Center,2022
Brian Boyle,2.39,157.5,66,Center,2022
Kasimir Kaskisuo,0,0,0,Goalie,2022
Brendan Lemieux,2.74,137.2,50,Left Wing,2022
Pekka Rinne,0,0,0,Goalie,2022
Mikko  Koivu,0,0,0,Center,2022
Nicolas Aube-Kubel,2.37,175.5,74,Right Wing,2022
Pyotr Kochetkov,11.55,23.1,2,Goalie,2022
Aaron Dell,3.5,31.519999999999996,9,Goalie,2022
Curtis McElhinney,0,0,0,Goalie,2022
Andrew Hammond,4.47,44.72,10,Goalie,2022
William Carrier,2.71,170.9,63,Left Wing,2022
Chris Kunitz,0,0,0,Left Wing,2022
Joel Ward,0,0,0,Right Wing,2022
James Neal,1.59,30.299999999999997,19,Right Wing,2022
Ilya Lyubushkin,2.47,190.2,77,Defense,2022
Jon Merrill,2.71,187.2,69,Defense,2022
Tyson Jost,1.72,137.60000000000002,80,Center,2022
Andy Greene,1.7,117.1,69,Defense,2022
Mason Appleton,1.92,130.8,68,Center,2022
Jordie Benn,2.06,80.19999999999999,39,Defense,2022
Warren Foegele,2.08,170.70000000000002,82,Left Wing,2022
Connor Clifton,2.39,143.4,60,Defense,2022
Zach Fucale,6.47,19.42,3,Goalie,2022
Deryk  Engelland,0,0,0,Defense,2022
Trent Frederic,2.61,156.79999999999998,60,Center,2022
Ronnie Attard,2.49,37.3,15,Defense,2022
Yaroslav Askarov,0,0,0,Goalie,2022
Will Borgen,2.68,96.4,36,Defense,2022
Carter Hutton,-2.18,-6.539999999999999,3,Goalie,2022
Braydon Coburn,0,0,0,Defense,2022
Ryan Lomberg,2.81,154.4,55,Left Wing,2022
Kieffer Bellows,2.88,129.4,45,Left Wing,2022
Jack Johnson,1.75,129.3,74,Defense,2022
P.A. Parenteau,0,0,0,Right Wing,2022
Caleb Jones,2.62,133.39999999999998,51,Defense,2022
Mikey Anderson,2.25,128.4,57,Defense,2022
Marcus Johansson,1.94,134.2,69,Left Wing,2022
Marcus Hogberg,0,0,0,Goalie,2022
Josh Gorges,0,0,0,Defense,2022
Zach Sanford,2.4,192.0,80,Left Wing,2022
Corey Crawford,0,0,0,Goalie,2022
Brent Seabrook,0,0,0,Defense,2022
Vitali Kravtsov,0,0,0,Left Wing,2022
Braden Schneider,2.42,104.2,43,Defense,2022
Miles Wood,0.53,1.6,3,Left Wing,2022
Colin White,2.31,55.5,24,Center,2022
Daniel Sprong,2.06,129.9,63,Right Wing,2022
Sammy Blais,2.76,38.6,14,Left Wing,2022
Noel Acciari,3.1,62.099999999999994,20,Center,2022
Nicholas Robertson,0.8,8.0,10,Left Wing,2022
Riley Stillman,2.57,133.7,52,Defense,2022
Derek Grant,2.46,171.9,70,Center,2022
Brooks Laich,0,0,0,Center,2022
Andrew Ladd,1.82,92.9,51,Left Wing,2022
Joseph Woll,8.41,33.64,4,Goalie,2022
Eetu Luostarinen,2.25,175.79999999999998,78,Center,2022
Hendrix Lapierre,1.55,9.3,6,Center,2022
Colin Blackwell,0,0,0,Center,2022
Tyler Motte,2.57,148.9,58,Center,2022
Marc-Edouard Vlasic,1.55,116.2,75,Defense,2022
Jaycob Megna,2.57,113.1,44,Defense,2022
Niko Mikkola,2.84,153.29999999999998,54,Defense,2022
Mike Green,0,0,0,Defense,2022
Evgeny Svechnikov,1.81,130.2,72,Left Wing,2022
Joe Veleno,1.68,110.6,66,Center,2022
Klim Kostin,1.84,73.6,40,Right Wing,2022
Nick Bjugstad,1.84,104.9,57,Center,2022
Cody Glass,1.34,10.7,8,Center,2022
Jon Gillies,3.96,59.36,15,Goalie,2022
Dennis Wideman,0,0,0,Defense,2022
Danny DeKeyser,2.05,120.89999999999999,59,Defense,2022
Travis Zajac,0,0,0,Center,2022
Gabriel Vilardi,1.72,42.9,25,Center,2022
Jan Rutta,2.56,194.7,76,Defense,2022
David Backes,0,0,0,Center,2022
Bobby Ryan,0,0,0,Right Wing,2022
Mattias Samuelsson,2.47,103.6,42,Defense,2022
Patrik Nemeth,2.0,126.3,63,Defense,2022
Curtis Lazar,2.3,161.1,70,Right Wing,2022
Brandt Clarke,0,0,0,Defense,2022
Brad Richardson,1.65,72.4,44,Right Wing,2022
Alex  Steen,0,0,0,Left Wing,2022
Josef Korenar,0,0,0,Goalie,2022
Kyle Quincey,0,0,0,Defense,2022
Yegor Chinakhov,1.17,72.4,62,Right Wing,2022
Oscar Klefbom,0,0,0,Defense,2022
Adam Erne,1.82,143.60000000000002,79,Left Wing,2022
Alexander Alexeyev,0.9,0.8999999999999999,1,Defense,2022
Jack Ahcan,1.65,9.9,6,Defense,2022
Pierre-Olivier Joseph,0.95,3.8,4,Defense,2022
Ron  Hainsey,0,0,0,Defense,2022
Kyle Capobianco,1.91,85.8,45,Defense,2022
Valtteri Filppula,0,0,0,Center,2022
Mark Streit,0,0,0,Defense,2022
Alex Burrows,0,0,0,Right Wing,2022
Jesper Wallstedt,0,0,0,Goalie,2022
Dylan Guenther,0,0,0,Right Wing,2022
Jordan Spence,2.95,70.9,24,Defense,2022
Robert Bortuzzo,1.79,130.9,73,Defense,2022
Nicolas Meloche,2.19,109.3,50,Defense,2022
Cale Fleury,1.11,10.0,9,Defense,2022
Ville Heinola,2.68,32.2,12,Defense,2022
Givani Smith,2.04,92.0,45,Right Wing,2022
Jonas Siegenthaler,2.39,167.4,70,Defense,2022
Philip Broberg,0.92,21.200000000000003,23,Defense,2022
Sam Steel,1.43,97.1,68,Center,2022
Tyler Bozak,1.31,65.4,50,Center,2022
Thomas Bordeleau,2.62,21.0,8,Center,2022
Reese Johnson,1.75,64.9,37,Right Wing,2022
Alex Barre-Boulet,1.96,31.4,16,Center,2022
Travis Dermott,1.55,92.9,60,Defense,2022
Brett Kulak,2.45,181.3,74,Defense,2022
Ryan Miller,0,0,0,Goalie,2022
Cal Foote,2.07,115.9,56,Defense,2022
Philipp Kurashev,1.59,106.6,67,Left Wing,2022
Dylan DeMelo,2.37,179.9,76,Defense,2022
Justin Abdelkader,0,0,0,Left Wing,2022
Jacob Bryson,1.48,108.2,73,Defense,2022
Will Butcher,1.44,53.3,37,Defense,2022
Nico Sturm,1.83,135.60000000000002,74,Center,2022
Vinni Lettieri,2.19,67.8,31,Center,2022
Grigori Denisenko,2.5,2.5,1,Left Wing,2022
Parker Kelly,2.95,120.89999999999999,41,Center,2022
Liam O'Brien,2.51,97.69999999999999,39,Left Wing,2022
Jesper Boqvist,1.92,107.6,56,Center,2022
Cayden Primeau,2.18,19.64,9,Goalie,2022
Kale Clague,1.76,63.400000000000006,36,Defense,2022
Zack MacEwen,1.72,129.1,75,Center,2022
Artyom Zagidulin,0,0,0,Goalie,2022
Andrej Sekera,1.28,41.0,32,Defense,2022
Kevin Rooney,1.74,106.1,61,Center,2022
Dryden Hunt,1.83,139.0,76,Left Wing,2022
Logan Brown,1.48,57.800000000000004,39,Center,2022
Mattias Janmark,2.09,139.8,67,Left Wing,2022
Roman Polak,0,0,0,Defense,2022
Trevor Lewis,1.96,156.5,80,Center,2022
Darren Helm,1.82,123.5,68,Center,2022
Blake Comeau,1.67,10.0,6,Left Wing,2022
Dan Girardi,0,0,0,Defense,2022
Jujhar Khaira,1.91,51.7,27,Left Wing,2022
Carl Hagelin,1.77,93.8,53,Left Wing,2022
Justin Barron,1.8,12.6,7,Defense,2022
Jeffrey Viel,2.56,86.89999999999999,34,Left Wing,2022
Madison Bowey,-0.4,-0.8,2,Defense,2022
Alexander Nylander,0,0,0,Left Wing,2022
Cody Eakin,1.12,77.30000000000001,69,Center,2022
Noah Gregor,2.54,160.1,63,Center,2022
Juuso Valimaki,2.23,20.1,9,Defense,2022
Lukas Reichel,-0.05,-0.5,11,Left Wing,2022
Jonathan  Ericsson,0,0,0,Defense,2022
Vinnie Hinostroza,1.95,120.60000000000001,62,Right Wing,2022
Jack Studnicka,1.13,17.0,15,Center,2022
Mathieu Perreault,2.68,67.1,25,Center,2022
Tomas Nosek,1.59,118.9,75,Center,2022
Joe Snively,3.08,36.900000000000006,12,Left Wing,2022
Dylan Holloway,0,0,0,Center,2022
Jimmy Vesey,1.51,102.6,68,Left Wing,2022
Urho Vaakanainen,1.76,51.0,29,Defense,2022
Dustin Wolf,0,0,0,Goalie,2022
Jonas Johansson,3.44,27.5,8,Goalie,2022
Jay Beagle,0.69,22.9,33,Center,2022
Sam Gagner,2.0,162.3,81,Center,2022
Michael McCarron,2.88,147.0,51,Right Wing,2022
Gustav Lindstrom,1.76,111.0,63,Defense,2022
Mads Sogaard,4.78,9.56,2,Goalie,2022
Dylan Coghlan,2.27,134.1,59,Defense,2022
Cody Franson,0,0,0,Defense,2022
Jakub Zboril,2.9,29.0,10,Defense,2022
Keith Kinkaid,10.38,10.379999999999999,1,Goalie,2022
Jason Dickinson,1.74,107.7,62,Center,2022
Mark Friedman,2.11,54.9,26,Defense,2022
Michael Blunden,0,0,0,Right Wing,2022
Joey Daccord,0.29,1.1799999999999997,4,Goalie,2022
Jack Rathbone,0.34,3.0999999999999996,9,Defense,2022
Victor Rask,2.08,97.69999999999999,47,Center,2022
Victor Mete,1.08,40.0,37,Defense,2022
Zac Jones,0.86,10.3,12,Defense,2022
Anders Bjork,0.68,39.5,58,Left Wing,2022
Eric Robinson,2.41,161.7,67,Left Wing,2022
Janis Moser,2.52,108.39999999999999,43,Defense,2022
Paul Byron,1.83,49.5,27,Left Wing,2022
Julien Gauthier,1.4,68.6,49,Right Wing,2022
Egor Zamula,0.7,7.0,10,Defense,2022
Oskar Sundqvist,2.39,141.2,59,Center,2022
Victor Soderstrom,0.83,13.3,16,Defense,2022
Brendan Smith,2.41,108.3,45,Defense,2022
Michael Houser,12.03,24.06,2,Goalie,2022
Derek Ryan,1.78,133.20000000000002,75,Center,2022
Troy  Brouwer,0,0,0,Right Wing,2022
Connor Zary,0,0,0,Center,2022
Adam Gaudette,1.61,93.5,58,Center,2022
Ryan Carpenter,1.77,118.5,67,Center,2022
Frans Nielsen,0,0,0,Center,2022
Thomas Harley,1.35,46.0,34,Defense,2022
Janne Kuokkanen,1.57,89.7,57,Left Wing,2022
Ryan Suzuki,0,0,0,Center,2022
Jimmy  Howard,0,0,0,Goalie,2022
J.T.  Brown,0,0,0,Right Wing,2022
Jake Walman,2.06,105.2,51,Defense,2022
Andrew Cogliano,1.44,106.7,74,Center,2022
Joel Kiviranta,1.28,71.4,56,Left Wing,2022
Tucker Poolman,1.86,74.4,40,Defense,2022
Noah Juulsen,2.09,16.7,8,Defense,2022
Matt Benning,1.57,102.0,65,Defense,2022
Ryan Merkley,1.08,42.2,39,Defense,2022
Henrik Borgstrom,0.86,44.6,52,Center,2022
Michael Raffl,1.68,127.89999999999999,76,Left Wing,2022
Kevin Bahl,1.95,33.1,17,Defense,2022
Ryan Poehling,1.58,90.0,57,Center,2022
Sami Niku,3.25,42.2,13,Defense,2022
Collin Delia,4.35,26.119999999999997,6,Goalie,2022
Christopher Gibson,0,0,0,Goalie,2022
Ryan McLeod,1.7,120.4,71,Center,2022
Wade Allison,-0.3,-0.3,1,Right Wing,2022
Sam Lafferty,1.95,109.0,56,Center,2022
Mark Pysyk,1.76,119.39999999999999,68,Defense,2022
Michael DiPietro,-0.92,-0.9199999999999999,1,Goalie,2022
Jasper Weatherby,1.39,69.5,50,Left Wing,2022
Valentin Zykov,0,0,0,Left Wing,2022
Chad Ruhwedel,2.13,166.3,78,Defense,2022
Michael Pezzetta,2.27,115.89999999999999,51,Center,2022
Bryan Little,0,0,0,Center,2022
Simon Benoit,1.92,101.5,53,Defense,2022
Ian Mitchell,1.0,8.0,8,Defense,2022
Sam Carrick,2.26,144.6,64,Center,2022
Philippe Myers,2.03,54.7,27,Defense,2022
Emil Bemstrom,1.62,66.4,41,Center,2022
Linus Hogberg,2.64,13.2,5,Defense,2022
Troy Stecher,1.68,48.8,29,Defense,2022
Blake Lizotte,2.3,160.79999999999998,70,Center,2022
Brett Howden,2.81,132.0,47,Center,2022
Kurtis MacDermid,1.75,101.4,58,Defense,2022
Artem Anisimov,0,0,0,Center,2022
Matt Niskanen,0,0,0,Defense,2022
Radim Zohorna,2.55,43.4,17,Left Wing,2022
Darren Archibald,0,0,0,Left Wing,2022
John-Jason Peterka,0.95,1.9000000000000001,2,Right Wing,2022
Jordan Martinook,1.8,106.4,59,Right Wing,2022
Dominik Simon,1.57,112.9,72,Left Wing,2022
Cory Schneider,8.94,8.940000000000001,1,Goalie,2022
Daniil Tarasov,4.96,14.879999999999999,3,Goalie,2022
Lias Andersson,1.02,20.3,20,Center,2022
MacKenzie Entwistle,1.66,91.4,55,Right Wing,2022
Rasmus Kupari,1.61,92.0,57,Center,2022
Dylan Samberg,2.85,42.8,15,Defense,2022
Nicolas Beaudin,-0.15,-0.30000000000000004,2,Defense,2022
Dennis Cholowski,1.8,19.8,11,Defense,2022
Martin Frk,2.48,14.899999999999999,6,Right Wing,2022
Ty Dellandrea,0.1,0.09999999999999987,1,Center,2022
Kyle Burroughs,2.47,103.6,42,Defense,2022
Ryan Murray,1.38,50.9,37,Defense,2022
Karl Alzner,0,0,0,Defense,2022
John Beecher,0,0,0,Center,2022
Greg McKegg,0.95,40.8,43,Center,2022
Justus Annunen,10.68,10.68,1,Goalie,2022
Justin Bailey,0.47,6.6,14,Right Wing,2022
Nick Cousins,2.05,139.2,68,Center,2022
Olli Maatta,2.02,133.3,66,Defense,2022
Jacob Bernard-Docker,1.26,10.100000000000001,8,Defense,2022
Rodion  Amirov,0,0,0,Left Wing,2022
Nathan Beaulieu,1.6,38.5,24,Defense,2022
Adam Werner,0,0,0,Goalie,2022
Jaret Anderson-Dolan,0.61,4.3,7,Center,2022
Kyle Turris,0.88,20.299999999999997,23,Center,2022
Brendan Perlini,1.47,33.8,23,Left Wing,2022
Chris Stewart,0,0,0,Right Wing,2022
Fabian Lysell,0,0,0,Right Wing,2022
Ivan Prosvetov,2.67,8.02,3,Goalie,2022
Joel Hofer,4.34,8.68,2,Goalie,2022
Jakob Pelletier,0,0,0,Left Wing,2022
Jake Neighbours,1.3,11.7,9,Left Wing,2022
Joey Anderson,0.58,2.9,5,Right Wing,2022
Harri Sateri,5.23,20.92,4,Goalie,2022
Maxime Lagace,2.78,5.5600000000000005,2,Goalie,2022
Carl Grundstrom,2.46,133.1,54,Left Wing,2022
Gemel Smith,1.07,3.2,3,Center,2022
Matthew Irwin,2.7,45.9,17,Defense,2022
Markus Nutivaara,4.3,4.3,1,Defense,2022
Nolan Foote,3.27,22.9,7,Left Wing,2022
Andrew Poturalski,4.65,9.3,2,Center,2022
Josh Brown,1.99,103.5,52,Defense,2022
Patrick Brown,1.74,76.5,44,Center,2022
Alex Lyon,7.99,15.98,2,Goalie,2022
Riley Sheahan,1.42,98.19999999999999,69,Center,2022
Chris Wagner,2.7,2.6999999999999997,1,Right Wing,2022
Jesse Ylonen,1.88,26.3,14,Right Wing,2022
Anthony Bitetto,0,0,0,Defense,2022
Jeff Glass,0,0,0,Goalie,2022
Michael Hutchinson,0.92,0.9199999999999999,1,Goalie,2022
Antoine Roussel,1.54,81.7,53,Left Wing,2022
Brendan Brisson,0,0,0,Center,2022
Marc McLaughlin,1.94,21.3,11,Center,2022
Juho Lammikko,1.55,116.5,75,Right Wing,2022
Tyler Pitlick,1.23,48.0,39,Right Wing,2022
Mark Alt,0,0,0,Defense,2022
Mavrik Bourque,0,0,0,Center,2022
Pontus Aberg,0,0,0,Left Wing,2022
Thomas Hickey,-0.45,-0.8999999999999999,2,Defense,2022
Jake Gardiner,0,0,0,Defense,2022
Ross Johnston,2.19,70.0,32,Left Wing,2022
Lucas Carlsson,1.99,79.4,40,Defense,2022
Lassi Thomson,1.99,29.799999999999997,15,Defense,2022
Matt Bartkowski,0,0,0,Defense,2022
Jordan Oesterle,1.6,71.9,45,Defense,2022
Cody McLeod,0,0,0,Left Wing,2022
Niklas Hjalmarsson,0,0,0,Defense,2022
Jake Virtanen,0,0,0,Right Wing,2022
Jonatan Berggren,0,0,0,Right Wing,2022
Morgan Barron,1.51,40.7,27,Center,2022
Kyle Clifford,1.62,40.599999999999994,25,Left Wing,2022
Garret Sparks,12.68,12.68,1,Goalie,2022
Jacob Peterson,1.65,107.19999999999999,65,Center,2022
Wyatt Kalynuk,0.1,0.5,5,Defense,2022
Josh Archibald,1.62,13.0,8,Right Wing,2022
Nathan Smith,2.72,27.2,10,Left Wing,2022
Mark  Barberio,0,0,0,Defense,2022
Fabian Zetterlund,3.39,47.5,14,Left Wing,2022
Steven Lorentz,1.39,93.0,67,Center,2022
Alex Stalock,-2.16,-2.16,1,Goalie,2022
Michael  Grabner,0,0,0,Right Wing,2022
Brad Hunt,2.37,118.6,50,Defense,2022
Frederic Allard,0,0,0,Defense,2022
Vladimir Tkachev,2.02,8.1,4,Left Wing,2022
Ryan Dzingel,1.64,52.4,32,Center,2022
Anthony Angello,1.23,4.9,4,Center,2022
Cameron Hughes,0,0,0,Center,2022
Samuel Poulin,0,0,0,Right Wing,2022
Drake Caggiula,1.66,29.9,18,Left Wing,2022
David Desharnais,0,0,0,Center,2022
Kevin Connauton,1.42,55.4,39,Defense,2022
Richard Panik,1.75,7.0,4,Right Wing,2022
John Hayden,1.52,83.6,55,Right Wing,2022
Lukas Dostal,5.19,15.559999999999999,3,Goalie,2022
Veini Vehvilainen,0,0,0,Goalie,2022
Mark  Letestu,0,0,0,Center,2022
Conor Timmins,0.27,1.6,6,Defense,2022
Michal Kempny,1.93,28.9,15,Defense,2022
Anton Blidh,2.25,71.9,32,Left Wing,2022
Michael Amadio,1.89,105.89999999999999,56,Center,2022
Matt Nieto,1.59,111.4,70,Left Wing,2022
Justin Danforth,2.3,103.4,45,Right Wing,2022
Gabriel Carlsson,1.95,74.2,38,Defense,2022
John Moore,2.69,18.799999999999997,7,Defense,2022
Alec Regula,1.87,28.0,15,Defense,2022
John Leonard,1.17,16.4,14,Left Wing,2022
Carl Gunnarsson,0,0,0,Defense,2022
Matt Tennyson,2.47,19.799999999999997,8,Defense,2022
Libor Hajek,0.82,13.9,17,Defense,2022
Kenny  Agostino,0,0,0,Left Wing,2022
Paul  Carey,0,0,0,Center,2022
Olli Juolevi,0.76,13.600000000000001,18,Defense,2022
Nick Seeler,1.89,81.1,43,Defense,2022
Jared Boll,0,0,0,Right Wing,2022
Derek Dorsett,0,0,0,Right Wing,2022
Joel Hanley,1.3,57.3,44,Defense,2022
Andrew Shaw,0,0,0,Center,2022
Kristian Vesalainen,0.79,42.0,53,Left Wing,2022
Connor Carrick,0,0,0,Defense,2022
Yannick Weber,0,0,0,Defense,2022
Nikita Okhotiuk,2.78,13.899999999999999,5,Defense,2022
Casey Fitzgerald,1.87,67.3,36,Defense,2022
Pheonix Copley,1.92,1.92,1,Goalie,2022
Kole Lind,1.97,45.2,23,Right Wing,2022
Colton Sceviour,1.45,50.7,35,Right Wing,2022
Derrick Pouliot,3.16,34.8,11,Defense,2022
Cedric Paquette,1.46,35.099999999999994,24,Center,2022
Fredrik Claesson,0.49,4.3999999999999995,9,Defense,2022
Tyson  Foerster,0,0,0,Right Wing,2022
Gerry Mayhew,2.24,89.4,40,Right Wing,2022
Taylor Fedun,0,0,0,Defense,2022
Riley Nash,0.81,39.5,49,Center,2022
Gavin Bayreuther,1.97,84.9,43,Defense,2022
Karson Kuhlman,1.77,77.7,44,Center,2022
Luke Witkowski,0.3,0.3,1,Left Wing,2022
Matias Maccelli,1.02,23.5,23,Left Wing,2022
Max Jones,2.25,4.5,2,Left Wing,2022
Dakota Joshua,2.47,74.1,30,Center,2022
Colin  Wilson,0,0,0,Center,2022
Jarred Tinordi,1.89,13.2,7,Defense,2022
Daniel Walcott,0,0,0,Defense,2022
Ben Hutton,2.38,137.9,58,Defense,2022
Victor Antipin,0,0,0,Defense,2022
Aliaksei Protas,1.65,54.3,33,Center,2022
Dale Weise,0,0,0,Right Wing,2022
Jalen Chatfield,2.19,35.0,16,Defense,2022
Oscar Dansk,0,0,0,Goalie,2022
Antoine Bibeau,0,0,0,Goalie,2022
Kenneth Appleby,0,0,0,Goalie,2022
Mike Condon,0,0,0,Goalie,2022
Brandon Sutter,0,0,0,Center,2022
Jan Jenik,1.78,23.200000000000003,13,Center,2022
Riley Damiani,1.54,10.799999999999999,7,Center,2022
Sasha Chmelevski,2.18,41.4,19,Center,2022
Calle Rosen,2.37,42.6,18,Defense,2022
David Schlemko,0,0,0,Defense,2022
Scott Wilson,0,0,0,Left Wing,2022
Liam Foudy,-0.5,-0.5,1,Center,2022
Jonny Brodzinski,1.1,24.2,22,Center,2022
Jake Bischoff,0,0,0,Defense,2022
Jansen Harkins,1.04,80.2,77,Center,2022
Jason Garrison,0,0,0,Defense,2022
Matt Calvert,0,0,0,Left Wing,2022
Oskar Steen,1.97,39.4,20,Center,2022
Nikita Gusev,0,0,0,Left Wing,2022
Dean Kukan,2.2,90.4,41,Defense,2022
Andrew Agozzino,1.4,1.4,1,Left Wing,2022
Alex Biega,0.2,0.3999999999999999,2,Defense,2022
Antti Niemi,0,0,0,Goalie,2022
Dennis Gilbert,0,0,0,Defense,2022
Tyler Benson,0.9,26.0,29,Left Wing,2022
Danil  Yurtaykin,0,0,0,Left Wing,2022
Jacob Perreault,-0.5,-0.5,1,Right Wing,2022
Andy Andreoff,1.33,8.0,6,Left Wing,2022
Vitaly  Abramov,0,0,0,Left Wing,2022
Kevan Miller,0,0,0,Defense,2022
Christian Wolanin,1.96,17.6,9,Defense,2022
Carter Rowney,1.68,43.8,26,Right Wing,2022
Zac Rinaldo,0,0,0,Left Wing,2022
Kevin  Boyle,0,0,0,Goalie,2022
Danny Taylor,0,0,0,Goalie,2022
Troy Grosenick,0,0,0,Goalie,2022
Alexander True,0.93,7.4,8,Center,2022
Mike Hardman,1.41,29.7,21,Right Wing,2022
William Lockwood,1.65,21.5,13,Right Wing,2022
Yohann Auvitu,0,0,0,Defense,2022
Brendan Guhle,1.08,6.5,6,Defense,2022
Christian Fischer,1.5,79.7,53,Right Wing,2022
Greg Pateryn,2.41,24.099999999999998,10,Defense,2022
Brett Ritchie,1.33,54.599999999999994,41,Right Wing,2022
Rocco Grimaldi,0.53,3.7,7,Left Wing,2022
Slater Koekkoek,2.12,40.3,19,Defense,2022
Kevin Czuczman,0,0,0,Defense,2022
Adam Brooks,0.99,24.7,25,Center,2022
Zach Sawchenko,6.97,20.92,3,Goalie,2022
Calvin Pickard,8.86,8.86,1,Goalie,2022
Dmitrij Jaskin,1.78,21.4,12,Right Wing,2022
Leo Komarov,1.5,1.5,1,Left Wing,2022
Maxim Mamin,2.42,96.9,40,Center,2022
Jordan Harris,2.07,20.700000000000003,10,Defense,2022
Samuel Morin,0,0,0,Defense,2022
Steve Kampfer,0,0,0,Defense,2022
Arttu Ruotsalainen,1.48,26.6,18,Center,2022
Max Willman,1.16,47.7,41,Center,2022
Boris Katchouk,1.57,92.69999999999999,59,Left Wing,2022
Kaden Fulcher,0,0,0,Goalie,2022
Devin Shore,1.59,77.8,49,Center,2022
Patrick Wiercioch,0,0,0,Defense,2022
Stephen Johns,0,0,0,Defense,2022
Samuel Fagemo,0.28,1.1,4,Left Wing,2022
Jonah Gadjovich,1.6,68.6,43,Left Wing,2022
Ben Harpur,1.37,26.0,19,Defense,2022
Nikolai Knyzhov,0,0,0,Defense,2022
Jason Demers,0,0,0,Defense,2022
Byron Froese,0,0,0,Center,2022
Jordan  Weal,0,0,0,Center,2022
Christian Jaros,0.88,9.7,11,Defense,2022
Nathan Gerbe,0,0,0,Left Wing,2022
Riley Barber,0.2,0.8,4,Right Wing,2022
Scott Sabourin,2.04,14.3,7,Right Wing,2022
Cole Bardreau,0,0,0,Right Wing,2022
Erik Burgdoerfer,0,0,0,Defense,2022
Colton White,1.41,38.2,27,Defense,2022
Michael Sgarbossa,2.23,22.3,10,Center,2022
Peter Cehlarik,0,0,0,Left Wing,2022
Egor Yakovlev,0,0,0,Defense,2022
Nate Prosser,0,0,0,Defense,2022
Andrej Sustr,1.51,57.5,38,Defense,2022
Kurtis Gabriel,1.05,2.1,2,Right Wing,2022
Dylan Gambrell,1.5,94.6,63,Center,2022
Michael Chaput,0,0,0,Center,2022
Niklas Svedberg,0,0,0,Goalie,2022
Hunter Miska,0,0,0,Goalie,2022
Eddie Lack,0,0,0,Goalie,2022
Akira Schmid,-0.53,-2.1000000000000014,4,Goalie,2022
Adam Ruzicka,2.26,63.2,28,Center,2022
Josh Mahura,1.9,72.2,38,Defense,2022
Zachary L'Heureux,0,0,0,Left Wing,2022
Dominic Toninato,1.56,120.49999999999999,77,Center,2022
Alexander Yelesin,0,0,0,Defense,2022
Matthew Highmore,1.99,91.7,46,Center,2022
Chris DiDomenico,0,0,0,Left Wing,2022
Brett Connolly,1.03,9.3,9,Right Wing,2022
Cameron Gaunce,0,0,0,Defense,2022
Jackson Cates,0.57,6.3,11,Center,2022
Mitchell Stephens,0.99,26.6,27,Center,2022
Paul Postma,0,0,0,Defense,2022
John Gilmour,0,0,0,Defense,2022
Anders Nilsson,0,0,0,Goalie,2022
Ben Lovejoy,0,0,0,Defense,2022
Trevor Carrick,0,0,0,Defense,2022
Markus Niemelainen,1.84,36.7,20,Defense,2022
David Farrance,0,0,0,Defense,2022
Sven Baertschi,-0.8,-0.8,1,Left Wing,2022
Jacob Larsson,0.9,5.4,6,Defense,2022
Clark Bishop,0.94,8.5,9,Center,2022
Aleksi Heponiemi,0.17,1.0000000000000002,6,Center,2022
Dominik Bokk,0,0,0,Right Wing,2022
Taro Hirose,1.23,18.4,15,Left Wing,2022
Jake Chelios,0,0,0,Defense,2022
Gabriel Dumont,0,0,0,Center,2022
Jared Coreau,0,0,0,Goalie,2022
Alexei Melnichuk,0,0,0,Goalie,2022
Alexander Burmistrov,0,0,0,Center,2022
Micheal Ferland,0,0,0,Left Wing,2022
Radim Simek,1.44,51.699999999999996,36,Defense,2022
Cam Dineen,1.54,52.2,34,Defense,2022
Jack Dugan,0,0,0,Right Wing,2022
Sampo Ranta,0.41,4.1,10,Left Wing,2022
Martin Kaut,0.92,5.5,6,Center,2022
Kyle Rau,-0.12,-0.6000000000000001,5,Center,2022
Luca Sbisa,0,0,0,Defense,2022
Adam Beckman,1.4,4.2,3,Center,2022
Michael Frolik,0,0,0,Right Wing,2022
Gustav Olofsson,0,0,0,Defense,2022
Louie Belpedio,0,0,0,Defense,2022
Vladimir  Sobotka,0,0,0,Center,2022
Mikkel Boedker,0,0,0,Left Wing,2022
Corey Schueneman,2.31,55.4,24,Defense,2022
Daniel Carr,0,0,0,Left Wing,2022
Laurent Dauphin,1.85,70.3,38,Center,2022
Scott Harrington,1.53,10.7,7,Defense,2022
Stefan Elliott,0,0,0,Defense,2022
Brandon Davidson,0,0,0,Defense,2022
Carl Dahlstrom,4.23,12.700000000000001,3,Defense,2022
Gabriel Bourque,0,0,0,Left Wing,2022
Arvid Soderblom,1.52,3.039999999999999,2,Goalie,2022
Shane Starrett,0,0,0,Goalie,2022
Gilles Senn,0,0,0,Goalie,2022
Brandon  Pirri,0,0,0,Left Wing,2022
Nikita Nesterov,0,0,0,Defense,2022
Steven Santini,0,0,0,Defense,2022
Joseph Cramarossa,4.1,4.1000000000000005,1,Center,2022
Olle Alsing,0,0,0,Defense,2022
Connor Bunnaman,0.15,2.3,15,Left Wing,2022
Brett Leason,1.22,44.0,36,Right Wing,2022
Lucas Johansen,5.0,5.0,1,Defense,2022
Xavier Ouellet,0,0,0,Defense,2022
Daniel Catenacci,0,0,0,Center,2022
Alex Belzile,1.04,11.399999999999999,11,Center,2022
Frederik Gauthier,0.76,6.1,8,Center,2022
Alexei Toropchenko,1.55,43.3,28,Right Wing,2022
Korbinian  Holzer,0,0,0,Defense,2022
Dalton Smith,0,0,0,Left Wing,2022
Casey Nelson,0,0,0,Defense,2022
Gregory Hofmann,2.16,51.9,24,Left Wing,2022
Josh Leivo,2.19,15.299999999999999,7,Left Wing,2022
Jean-Sebastien Dea,0,0,0,Center,2022
Simon Holmstrom,0,0,0,Right Wing,2022
Isaac Ratcliffe,2.96,29.6,10,Left Wing,2022
Logan Shaw,0.99,16.8,17,Right Wing,2022
Aaron Ness,0,0,0,Defense,2022
Tyler Lewington,1.4,2.8,2,Defense,2022
William Lagesson,1.68,55.5,33,Defense,2022
Landon Bow,0,0,0,Goalie,2022
Hugo Alnefelt,0,0,0,Goalie,2022
Mike Liambas,0,0,0,Defense,2022
Bokondji Imama,2.1,2.1,1,Left Wing,2022
Joakim Nordstrom,0,0,0,Center,2022
Sami Vatanen,0,0,0,Defense,2022
Tim  Heed,0,0,0,Defense,2022
Pavel Dorofeyev,0.15,0.3,2,Right Wing,2022
Vladislav Kolyachonok,1.54,49.3,32,Defense,2022
Guillaume Brisebois,-0.5,-0.5,1,Defense,2022
Zack Smith,0,0,0,Left Wing,2022
Austin Poganski,0.64,10.3,16,Right Wing,2022
Kevin Gravel,0,0,0,Defense,2022
Christian Djoos,0,0,0,Defense,2022
Boo  Nieves,0,0,0,Center,2022
Chasen Balisy,0,0,0,Center,2022
Zach Trotman,0,0,0,Defense,2022
Mason Geertsen,1.62,40.4,25,Defense,2022
Micheal Haley,0,0,0,Center,2022
Jack LaFontaine,-2.96,-2.96,1,Goalie,2022
Dalton  Prout,0,0,0,Defense,2022
Mikhail Maltsev,0.58,10.5,18,Left Wing,2022
John Quenneville,0,0,0,Center,2022
Andreas Borgman,0,0,0,Defense,2022
Brayden Tracey,-0.8,-0.8,1,Left Wing,2022
Tyler Madden,0,0,0,Center,2022
Alex Vlasic,1.5,22.5,15,Defense,2022
Melker  Karlsson,0,0,0,Right Wing,2022
Lean  Bergmann,0,0,0,Left Wing,2022
Connor Mackey,2.03,6.1000000000000005,3,Defense,2022
Nic Petan,0.79,14.2,18,Center,2022
Markus Granlund,0,0,0,Center,2022
Dakota Mermis,1.8,3.6,2,Defense,2022
Jordan Gross,1.5,1.5,1,Defense,2022
Joe Hicketts,0,0,0,Defense,2022
Paul LaDue,-0.7,-0.7000000000000002,1,Defense,2022
Brett Murray,1.81,34.3,19,Left Wing,2022
Dylan McIlrath,0,0,0,Defense,2022
Michael Dal Colle,1.4,1.4,1,Left Wing,2022
Stephen Gionta,0,0,0,Right Wing,2022
Zac Dalpe,0.1,0.09999999999999998,1,Center,2022
Rafael Harvey-Pinard,2.08,8.3,4,Left Wing,2022
Hayden Hodgson,3.15,18.9,6,Right Wing,2022
Mirco  Mueller,0,0,0,Defense,2022
Steven Fogarty,-0.5,-0.9999999999999999,2,Center,2022
Nicholas Abruzzese,1.09,9.799999999999999,9,Center,2022
Ben Thomas,0,0,0,Defense,2022
Austin Czarnik,2.07,35.2,17,Right Wing,2022
Andrew Crescenzi,0,0,0,Center,2022
Mathieu Olivier,1.41,14.1,10,Center,2022
Teemu Pulkkinen,0,0,0,Left Wing,2022
Nick Caamano,0,0,0,Right Wing,2022
Carsen Twarynski,0,0,0,Left Wing,2022
Kiefer Sherwood,1.67,18.4,11,Right Wing,2022
Brandon Manning,0,0,0,Defense,2022
Connor Dewar,1.72,60.199999999999996,35,Center,2022
Andreas Martinsen,0,0,0,Left Wing,2022
Scott Reedy,1.74,60.800000000000004,35,Center,2022
Buddy Robinson,1.78,57.099999999999994,32,Right Wing,2022
Andy Welinski,0,0,0,Defense,2022
Andreas Englund,0,0,0,Defense,2022
Cory Conacher,0,0,0,Left Wing,2022
Will O'Neill,0,0,0,Defense,2022
Josh Jacobs,0,0,0,Defense,2022
Carson Meyer,1.81,23.5,13,Right Wing,2022
Igor Ozhiganov,0,0,0,Defense,2022
Stefan Noesen,1.65,3.3,2,Right Wing,2022
Egor Sokolov,0.34,2.7,8,Left Wing,2022
Charles Hudon,0,0,0,Left Wing,2022
Jay O'Brien,0,0,0,Center,2022
Cody  Goloubef,0,0,0,Defense,2022
Brian M. Pinho,0,0,0,Center,2022
Jordan Szwarz,0,0,0,Right Wing,2022
Martin Marincin,0,0,0,Defense,2022
Benoit-Olivier Groulx,1.26,22.7,18,Center,2022
Mitchell Chaffee,1.65,3.3,2,Right Wing,2022
Lane Pederson,0.66,19.0,29,Center,2022
Joachim Blichfeld,0,0,0,Right Wing,2022
Sheldon Dries,1.83,20.1,11,Center,2022
Jake Leschyshyn,1.28,52.4,41,Center,2022
Filip Johansson,0,0,0,Defense,2022
T.J. Tynan,0.95,1.9000000000000001,2,Center,2022
Tobias Rieder,0,0,0,Right Wing,2022
Mikko Lehtonen,0,0,0,Defense,2022
Christian  Folin,0,0,0,Defense,2022
Josh  Currie,0,0,0,Right Wing,2022
Christian Thomas,0,0,0,Right Wing,2022
Mark Kastelic,2.54,40.699999999999996,16,Center,2022
Ben Street,0,0,0,Center,2022
Mikhail Grigorenko,0,0,0,Center,2022
Mark Jankowski,1.55,29.5,19,Center,2022
Matt Kiersted,1.53,15.3,10,Defense,2022
Trey Fix-Wolansky,1.85,11.1,6,Right Wing,2022
Nick Merkley,1.62,14.6,9,Right Wing,2022
Marian Studenic,0.98,32.2,33,Right Wing,2022
Adam Huska,-0.96,-0.96,1,Goalie,2022
Fredrik  Handemark,0,0,0,Center,2022
Thomas Novak,1.27,34.3,27,Center,2022
Brinson Pasichnuk,0,0,0,Defense,2022
Ashton Sautner,0,0,0,Defense,2022
Jayson Megna,1.23,24.6,20,Center,2022
Dylan Sikura,1.02,5.1,5,Center,2022
Dominik Kahun,0,0,0,Center,2022
Vadim Shipachyov,0,0,0,Left Wing,2022
Kristian Reichel,1.53,19.9,13,Center,2022
Artemi Kniazev,-1.3,-1.3,1,Defense,2022
Patrick Russell,0,0,0,Right Wing,2022
Jacob De La Rose,0,0,0,Left Wing,2022
Jacob MacDonald,0.9,7.2,8,Defense,2022
Daniel Brickley,0,0,0,Defense,2022
Miikka Salomaki,0,0,0,Right Wing,2022
Max McCormick,1.04,10.399999999999999,10,Left Wing,2022
Petteri Lindbohm,2.09,18.8,9,Defense,2022
Mathias Brome,0,0,0,Left Wing,2022
Otto Koivula,1.25,10.0,8,Left Wing,2022
Joakim Ryan,0,0,0,Defense,2022
Matt Read,0,0,0,Right Wing,2022
Mattias Norlinder,1.62,9.7,6,Defense,2022
Jake Christiansen,1.56,12.5,8,Defense,2022
Thomas Di Pauli,0,0,0,Center,2022
Joey Keane,1.1,1.1,1,Defense,2022
Brian Gibbons,0,0,0,Left Wing,2022
Zach Senyshyn,0.4,0.7999999999999999,2,Right Wing,2022
Robin Salo,1.79,37.6,21,Defense,2022
Philippe Maillet,0,0,0,Center,2022
Chase Priskie,1.45,5.800000000000001,4,Defense,2022
Juuso Riikola,2.58,12.9,5,Defense,2022
Sean Malone,0,0,0,Center,2022
Santeri Hatakka,1.02,9.2,9,Defense,2022
Nikolay Goldobin,0,0,0,Left Wing,2022
Austin Strand,1.68,13.4,8,Defense,2022
Ivan  Chekhovich,0,0,0,Left Wing,2022
Alexander Khovanov,0,0,0,Center,2022
Andrei Mironov,0,0,0,Defense,2022
Anton Lindholm,0,0,0,Defense,2022
Marcus Sorensen,0,0,0,Left Wing,2022
Anton Wedin,0,0,0,Left Wing,2022
Austin Wagner,0,0,0,Left Wing,2022
Victor Ejdsell,0,0,0,Center,2022
Alexander Volkov,0,0,0,Right Wing,2022
Tomas Jurco,0,0,0,Right Wing,2022
Matt Luff,1.83,42.099999999999994,23,Right Wing,2022
Michael Carcone,1.82,38.199999999999996,21,Right Wing,2022
Rhett Gardner,0.25,1.0,4,Center,2022
Phillip Di Giuseppe,0,0,0,Left Wing,2022
Brian Lashoff,0,0,0,Defense,2022
Frederik Tiffels,0,0,0,Left Wing,2022
Serron Noel,0,0,0,Right Wing,2022
Cameron  Schilling,0,0,0,Defense,2022
Tim Gettinger,0.95,7.6,8,Left Wing,2022
J.C. Beaudin,0,0,0,Center,2022
Maxime Lajoie,1.32,6.6,5,Defense,2022
Chase De Leo,0.45,0.9,2,Center,2022
Axel Jonsson-Fjallby,1.32,30.4,23,Left Wing,2022
Mikhail Vorobyev,0,0,0,Center,2022
A.J. Greer,1.99,17.9,9,Left Wing,2022
Kyle Criscuolo,1.82,10.899999999999999,6,Center,2022
C.J. Smith,-0.7,-0.7,1,Left Wing,2022
Tanner Laczynski,0.4,0.3999999999999999,1,Center,2022
Joe Gambardella,0,0,0,Left Wing,2022
Kole Sherwood,1.3,1.2999999999999998,1,Right Wing,2022
Dan Renouf,0.73,2.9000000000000004,4,Defense,2022
Nikolai  Prokhorkin,0,0,0,Center,2022
Adam Raska,1.6,8.0,5,Left Wing,2022
Jonas Rondbjerg,1.22,36.599999999999994,30,Right Wing,2022
Justin Dowling,1.02,22.5,22,Center,2022
Gage Quinney,0,0,0,Left Wing,2022
Philip Holm,0,0,0,Defense,2022
Josiah Slavin,0.83,12.4,15,Left Wing,2022
Joel L'Esperance,0,0,0,Center,2022
Riley Tufte,1.09,10.9,10,Left Wing,2022
Marko Dano,0,0,0,Center,2022
Hudson Fasching,0.49,5.4,11,Right Wing,2022
Alan  Quine,0,0,0,Center,2022
Oscar  Fantenberg,0,0,0,Defense,2022
Jeremy  Davies,0,0,0,Defense,2022
Matthew Peca,0.8,4.0,5,Left Wing,2022
Adam Johnson,0,0,0,Center,2022
Stefan Matteau,0.0,0.0,1,Center,2022
Brendan Leipsic,0,0,0,Left Wing,2022
Drew Shore,0,0,0,Center,2022
Lukas Vejdemo,1.18,7.1,6,Center,2022
Garrett Pilon,2.9,5.8,2,Center,2022
Beck Malenstyn,2.03,24.4,12,Left Wing,2022
Anthony Greco,1.8,1.8,1,Right Wing,2022
Tyce Thompson,0.6,1.2000000000000002,2,Right Wing,2022
Josh Dunne,0,0,0,Center,2022
Brett Seney,1.05,2.0999999999999996,2,Left Wing,2022
Kevin Stenlund,0.93,2.8000000000000003,3,Right Wing,2022
Filip  Chlapik,0,0,0,Center,2022
Josh Jooris,0,0,0,Center,2022
Brendan Gaunce,1.92,57.50000000000001,30,Center,2022
Mackenzie MacEachern,1.09,15.2,14,Left Wing,2022
Vladislav Provolnev,0,0,0,Defense,2022
Zack Mitchell,0,0,0,Right Wing,2022
Vladislav  Kamenev,0,0,0,Left Wing,2022
Jayce Hawryluk,0,0,0,Center,2022
Paul Cotter,3.08,18.5,6,Center,2022
Ben Gleason,0,0,0,Defense,2022
Marek Hrivik,0,0,0,Left Wing,2022
Bogdan Kiselevich,0,0,0,Defense,2022
Ben Jones,1.25,2.5,2,Center,2022
Joona Luoto,0,0,0,Right Wing,2022
Joakim Nygard,0,0,0,Left Wing,2022
Dennis Rasmussen,0,0,0,Center,2022
Luke Johnson,0,0,0,Center,2022
Joseph  Blandisi,0,0,0,Center,2022
Brennan Menell,0,0,0,Defense,2022
Jakub Jerabek,0,0,0,Defense,2022
Cole Schwindt,-0.3,-0.8999999999999999,3,Right Wing,2022
Gabriel Fortier,1.57,15.7,10,Left Wing,2022
Reilly Walsh,5.4,5.4,1,Defense,2022
Denis Malgin,0,0,0,Center,2022
Grant Hutton,1.26,20.1,16,Defense,2022
Ethan Prow,1.62,6.5,4,Defense,2022
German Rubtsov,0,0,0,Center,2022
Kasper Bjorkqvist,1.48,8.9,6,Right Wing,2022
Kirill Semyonov,-0.2,-0.6000000000000001,3,Center,2022
Michael McNiven,0,0,0,Goalie,2022
Danny O'Regan,1.06,5.3,5,Center,2022
Seth Griffith,1.3,1.3,1,Center,2022
Isaak Phillips,0.6,2.4,4,Defense,2022
Mason Shaw,1.07,3.2,3,Center,2022
Daniil Miromanov,1.1,12.1,11,Defense,2022
Jacob Moverare,1.57,29.9,19,Defense,2022
David Gustafsson,0.0,0.0,2,Center,2022
Giovanni Fiore,0,0,0,Left Wing,2022
Jakub Galvas,1.12,6.7,6,Defense,2022
Johnathan Kovacevic,1.12,4.5,4,Defense,2022
Andrei  Chibisov,0,0,0,Right Wing,2022
Tanner Kero,0.65,14.9,23,Center,2022
Jacob Nilsson,0,0,0,Center,2022
Brady Keeper,0,0,0,Defense,2022
Justin Richards,0,0,0,Center,2022
Par  Lindholm,0,0,0,Center,2022
Jesper Froden,2.21,15.5,7,Right Wing,2022
Wade Megan,0,0,0,Center,2022
Libor Sulak,0,0,0,Defense,2022
Aleksi Saarela,0,0,0,Center,2022
Darren Raddysh,1.4,5.6,4,Defense,2022
Valtteri Puustinen,5.5,5.5,1,Center,2022
Lawrence  Pilut,0,0,0,Defense,2022
Tom  Kuhnhackl,0,0,0,Right Wing,2022
Max Veronneau,0,0,0,Right Wing,2022
Dillon Heatherington,0.92,8.3,9,Defense,2022
Lucas Wallmark,0,0,0,Center,2022
Tarmo Reunanen,0,0,0,Defense,2022
Jonathan  Davidsson,0,0,0,Right Wing,2022
Alexandre Fortin,0,0,0,Left Wing,2022
Fredrik Karlstrom,1.73,5.2,3,Center,2022
Keaton Middleton,0,0,0,Defense,2022
Matthew Phillips,0,0,0,Center,2022
Ben McCartney,1.85,3.7,2,Left Wing,2022
Glenn Gawdin,1.0,2.0,2,Center,2022
Kaedan Korczak,1.5,1.5,1,Defense,2022
Blake Speers,-0.15,-0.2999999999999998,2,Right Wing,2022
Declan Chisholm,1.3,2.6,2,Defense,2022
Hunter Drew,1.5,3.0,2,Defense,2022
Ryan Kuffner,0,0,0,Left Wing,2022
Dmitri Samorukov,-2.0,-2.0,1,Defense,2022
Drake Rymsha,0,0,0,Center,2022
Jayden Halbgewachs,2.5,7.5,3,Left Wing,2022
C.J. Suess,1.23,3.7,3,Left Wing,2022
Marc Michaelis,0,0,0,Left Wing,2022
Brad Malone,1.76,14.1,8,Left Wing,2022
Brogan Rafferty,0,0,0,Defense,2022
Justin Kloos,0,0,0,Center,2022
Nikita Soshnikov,0,0,0,Right Wing,2022
Markus  Hannikainen,0,0,0,Left Wing,2022
Tyler Graovac,0,0,0,Center,2022
Tim  Schaller,0,0,0,Left Wing,2022
Sheldon Rempal,-0.6,-0.6,1,Right Wing,2022
Curtis Valk,0,0,0,Center,2022
Calvin Thurkauf,0,0,0,Center,2022
Kristians Rubins,1.6,4.8,3,Defense,2022
Chase Pearson,0.53,1.6,3,Center,2022
Henrik Haapala,0,0,0,Left Wing,2022
Egor Korshkov,0,0,0,Right Wing,2022
Jack Rodewald,0,0,0,Right Wing,2022
Sean Day,-0.4,-0.4,1,Defense,2022
Danick Martel,0,0,0,Center,2022
David Kase,0,0,0,Right Wing,2022
Cameron Hillis,0.4,0.4,1,Center,2022
Dmytro Timashov,0,0,0,Left Wing,2022
Jakob  Lilja,0,0,0,Left Wing,2022
Maxim Letunov,0,0,0,Center,2022
Josh Teves,0,0,0,Defense,2022
Brandon Baddock,1.8,1.7999999999999998,1,Left Wing,2022
Jimmy Schuldt,0,0,0,Defense,2022
Nick Lappin,0,0,0,Right Wing,2022
Zachary Hayes,0.77,2.3,3,Defense,2022
Bryce Kindopp,0.4,0.4,1,Right Wing,2022
Lukas Radil,0,0,0,Left Wing,2022
Brayden Pachal,-0.35,-0.7000000000000002,2,Defense,2022
Jeff Malott,1.5,1.5,1,Left Wing,2022
Joel Persson,0,0,0,Defense,2022
Kalle Kossila,0,0,0,Left Wing,2022
Cole Smith,0.55,4.4,8,Left Wing,2022
Lucas Elvenes,0,0,0,Left Wing,2022
Christoffer  Ehn,0,0,0,Center,2022
Mike Vecchione,-0.4,-0.3999999999999999,1,Center,2022
Linus Sandin,1.2,1.2,1,Right Wing,2022
Ryan MacInnis,0.4,0.4,1,Center,2022
Tanner Fritz,0,0,0,Center,2022
Remi Elie,-0.7,-0.7000000000000002,1,Left Wing,2022
Nick  Shore,0,0,0,Center,2022
Filip Hallander,0.0,0.0,1,Center,2022
Brandon Biro,0.3,0.3,1,Left Wing,2022
Antti Suomela,0,0,0,Center,2022
Maksim Sushko,0,0,0,Right Wing,2022
Otto Leskinen,0,0,0,Defense,2022
Anthony Richard,0,0,0,Center,2022
Turner Elson,0.3,0.5999999999999999,2,Left Wing,2022
Gaetan Haas,0,0,0,Center,2022
Cole Reinhardt,1.4,1.4,1,Left Wing,2022
Michael Eyssimont,0.2,0.2,1,Center,2022
Cooper Marody,3.2,3.2,1,Center,2022
Joel Kellman,0,0,0,Center,2022
Tom Hodges,0,0,0,Goalie,2022
Luke Hughes,0,0,0,Defense,2022
Viktor Lodin,0.6,0.6000000000000001,1,Left Wing,2022
Aatu Raty,0,0,0,Center,2022
Magnus Hellberg,7.4,7.4,1,Goalie,2022
Adam Fox,6.33,493.90000000000003,78,Defense,2022
Kris Letang,6.51,507.8,78,Defense,2022
Mark Stone,4.18,154.79999999999998,37,Right Wing,2022
Brady Tkachuk,5.74,453.20000000000005,79,Left Wing,2022
Cam Talbot,7.65,367.32,48,Goalie,2022
MacKenzie Weegar,5.41,432.6,80,Defense,2022
Vincent Trocheck,4.38,354.5,81,Center,2022
Andrei Svechnikov,5.59,436.2,78,Left Wing,2022
Andrew Copp,4.3,309.90000000000003,72,Center,2022
Marc-Andre Fleury,6.41,359.06,56,Goalie,2022
Ryan Hartman,4.9,401.40000000000003,82,Right Wing,2022
Evander Kane,6.67,286.9,43,Left Wing,2022
Radko Gudas,4.08,314.0,77,Defense,2022
Trevor Moore,3.54,286.6,81,Left Wing,2022
Anders Lee,3.65,277.2,76,Left Wing,2022
Ben Chiarot,3.55,262.6,74,Defense,2022
Ryan Pulock,3.87,216.8,56,Defense,2022
Adam Pelech,3.41,266.1,78,Defense,2022
Kyle Palmieri,3.05,210.4,69,Right Wing,2022
Victor Olofsson,3.13,225.60000000000002,72,Right Wing,2022
Matt Boldy,4.72,222.0,47,Left Wing,2022
John Carlson,6.23,485.9,78,Defense,2022
Alex Ovechkin,6.87,528.7,77,Left Wing,2022
Blake Wheeler,4.57,296.8,65,Right Wing,2022
Sidney Crosby,6.59,454.70000000000005,69,Center,2022
Brent Burns,4.76,390.7,82,Defense,2022
Philipp Grubauer,4.14,223.51999999999998,54,Goalie,2022
Carey Price,2.52,12.600000000000001,5,Goalie,2022
J.T. Miller,7.0,559.9,80,Center,2022
Ondrej Palat,3.76,289.3,77,Left Wing,2022
Torey Krug,5.11,327.3,64,Defense,2022
Jamie Benn,3.68,301.7,82,Left Wing,2022
Sergei Bobrovsky,8.04,426.38,53,Goalie,2022
Evgeni Malkin,5.7,233.8,41,Center,2022
Logan Couture,4.17,320.8,77,Center,2022
Cam Atkinson,3.82,279.0,73,Right Wing,2022
Ryan Suter,3.06,250.9,82,Defense,2022
Jared McCann,3.62,268.20000000000005,74,Left Wing,2022
Charlie Coyle,2.98,244.5,82,Center,2022
Zach Whitecloud,3.74,220.7,59,Defense,2022
Nicolas Hague,3.03,157.7,52,Defense,2022
Jamie Oleksiak,2.82,202.8,72,Defense,2022
Jeff Carter,3.52,267.6,76,Center,2022
Pavel Francouz,9.03,162.54000000000002,18,Goalie,2022
Victor Hedman,7.29,598.0,82,Defense,2022
Aleksander Barkov,7.42,497.2,67,Center,2022
Juuse Saros,7.13,477.48,67,Goalie,2022
Darnell Nurse,5.15,365.59999999999997,71,Defense,2022
Mark Scheifele,5.22,350.0,67,Center,2022
Shea Theodore,4.61,359.3,78,Defense,2022
Matthew Tkachuk,7.14,585.4,82,Left Wing,2022
Devon Toews,6.23,411.3,66,Defense,2022
Steven Stamkos,7.04,570.4,81,Center,2022
Pavel Buchnevich,5.62,410.1,73,Right Wing,2022
Matt Dumba,4.34,247.5,57,Defense,2022
Moritz Seider,5.04,412.9,82,Defense,2022
Marcus Foligno,4.54,335.59999999999997,74,Left Wing,2022
Valeri Nichushkin,4.99,309.4,62,Right Wing,2022
Brayden Schenn,5.28,327.29999999999995,62,Center,2022
Tage Thompson,4.72,368.00000000000006,78,Center,2022
Tim Stutzle,4.17,329.8,79,Left Wing,2022
Elvis Merzlikins,6.71,369.24,55,Goalie,2022
Jean-Gabriel Pageau,3.62,278.5,77,Center,2022
Paul Stastny,3.38,239.99999999999997,71,Center,2022
Colton Parayko,3.8,304.0,80,Defense,2022
Gustav Nyquist,3.22,264.0,82,Right Wing,2022
Travis Konecny,3.5,276.6,79,Right Wing,2022
Jean-Francois Berube,6.23,37.36,6,Goalie,2022
Nikita Kucherov,7.33,344.40000000000003,47,Right Wing,2022
Cale Makar,8.06,620.8,77,Defense,2022
John Tavares,5.06,400.0,79,Center,2022
Gabriel Landeskog,7.58,386.59999999999997,51,Left Wing,2022
Mikhail Sergachev,4.23,329.7,78,Defense,2022
Max Pacioretty,5.67,221.0,39,Left Wing,2022
Tom Wilson,4.9,382.1,78,Right Wing,2022
William Nylander,4.96,401.7,81,Right Wing,2022
T.J. Oshie,3.76,165.60000000000002,44,Right Wing,2022
Dylan Larkin,4.95,351.8,71,Center,2022
Pierre-Luc Dubois,4.66,377.50000000000006,81,Center,2022
Jesper Bratt,4.56,346.50000000000006,76,Right Wing,2022
Brock Nelson,4.66,335.40000000000003,72,Center,2022
Tanner Jeannot,4.37,353.7,81,Left Wing,2022
Noah Dobson,4.95,396.3,80,Defense,2022
Oliver Bjorkstrand,3.58,286.8,80,Right Wing,2022
Noah Hanifin,4.4,356.4,81,Defense,2022
Nick Schmaltz,4.23,266.29999999999995,63,Center,2022
Jeff Skinner,4.06,324.7,80,Left Wing,2022
John Gibson,5.41,302.74,56,Goalie,2022
Anton Forsberg,6.91,303.92,44,Goalie,2022
Kevin Shattenkirk,3.59,294.3,82,Defense,2022
Evgenii Dadonov,3.13,244.3,78,Right Wing,2022
Nathan MacKinnon,7.53,489.3,65,Center,2022
Patrick Kane,5.58,435.09999999999997,78,Right Wing,2022
Dougie Hamilton,3.96,245.70000000000002,62,Defense,2022
Kyle Connor,5.98,472.70000000000005,79,Left Wing,2022
Bo Horvat,4.77,334.1,70,Center,2022
Charlie McAvoy,6.03,470.5,78,Defense,2022
Thatcher Demko,7.0,426.78000000000003,61,Goalie,2022
Nikolaj Ehlers,4.95,306.6,62,Left Wing,2022
Zach Werenski,4.75,323.20000000000005,68,Defense,2022
Jordan Kyrou,4.81,355.90000000000003,74,Center,2022
Troy Terry,4.43,332.00000000000006,75,Center,2022
Filip Forsberg,6.93,478.3,69,Left Wing,2022
Alex Tuch,4.1,205.1,50,Right Wing,2022
Jack Hughes,5.03,246.3,49,Center,2022
Bryan Rust,5.28,317.09999999999997,60,Right Wing,2022
Erik Karlsson,4.17,208.5,50,Defense,2022
Frederik Andersen,7.75,395.4,51,Goalie,2022
Tyson Barrie,3.96,288.8,73,Defense,2022
Kailer Yamamoto,3.07,248.5,81,Right Wing,2022
Robert Thomas,4.84,348.7,72,Center,2022
Erik Haula,3.56,278.0,78,Left Wing,2022
Mathew Barzal,3.64,265.40000000000003,73,Center,2022
Spencer Knight,7.77,209.9,27,Goalie,2022
Mikko Rantanen,7.01,526.0,75,Right Wing,2022
David Pastrnak,6.3,453.79999999999995,72,Right Wing,2022
Patrice Bergeron,5.87,428.6,73,Center,2022
Roope Hintz,5.48,438.6,80,Center,2022
Zach Hyman,3.97,301.6,76,Left Wing,2022
Jacob Markstrom,7.65,481.74,63,Goalie,2022
Justin Faulk,5.31,403.5,76,Defense,2022
David Perron,5.25,351.79999999999995,67,Right Wing,2022
Miro Heiskanen,3.87,271.0,70,Defense,2022
Chandler Stephenson,4.12,325.2,79,Center,2022
Evan Bouchard,4.17,337.9,81,Defense,2022
Nazem Kadri,6.36,451.30000000000007,71,Center,2022
Matt Duchene,5.83,454.8,78,Center,2022
Trevor Zegras,4.02,301.5,75,Center,2022
Ivan Barbashev,4.06,328.7,81,Center,2022
Nate Schmidt,3.08,237.5,77,Defense,2022
Patrik Laine,5.09,284.79999999999995,56,Right Wing,2022
Alex Pietrangelo,4.82,385.8,80,Defense,2022
Jeremy Swayman,6.88,268.3,39,Goalie,2022
Nico Hischier,4.3,300.7,70,Center,2022
Nick Suzuki,3.95,323.9,82,Center,2022
Drake Batherson,5.56,255.79999999999998,46,Center,2022
Shayne Gostisbehere,4.15,340.0,82,Defense,2022
Filip Gustavsson,4.35,69.64,16,Goalie,2022
Jonathan Huberdeau,7.42,593.8000000000001,80,Left Wing,2022
Roman Josi,7.99,639.3,80,Defense,2022
Jonathan Marchessault,4.67,355.3,76,Left Wing,2022
Jason Robertson,5.95,440.6,74,Left Wing,2022
Evgeny Kuznetsov,5.27,416.40000000000003,79,Center,2022
Sam Bennett,5.16,366.59999999999997,71,Left Wing,2022
Jack Eichel,4.94,168.1,34,Center,2022
Ryan Johansen,4.42,349.1,79,Center,2022
Darcy Kuemper,8.04,458.52,57,Goalie,2022
Ryan O'Reilly,3.83,298.7,78,Center,2022
Mattias Ekholm,3.51,266.9,76,Defense,2022
Brandon Montour,3.5,283.2,81,Defense,2022
Travis Sanheim,3.27,262.0,80,Defense,2022
Joe Pavelski,5.36,439.59999999999997,82,Right Wing,2022
Bowen Byram,4.21,126.29999999999998,30,Defense,2022
Mike Smith,7.44,201.0,27,Goalie,2022
Ilya Mikheyev,4.16,220.3,53,Right Wing,2022
Kevin Lankinen,4.68,135.74,29,Goalie,2022
Jack Roslovic,3.03,245.8,81,Center,2022
Brian Elliott,7.54,128.12,17,Goalie,2022
Damon Severson,4.14,331.5,80,Defense,2022
Leon Draisaitl,7.57,605.5,80,Left Wing,2022
Brad Marchand,6.64,464.9,70,Left Wing,2022
Brayden Point,4.85,320.1,66,Center,2022
Seth Jones,4.58,356.9,78,Defense,2022
Morgan Rielly,5.73,469.8,82,Defense,2022
Neal Pionk,3.98,306.3,77,Defense,2022
Quinn Hughes,5.44,413.59999999999997,76,Defense,2022
Johnny Gaudreau,7.03,576.2,82,Left Wing,2022
Kevin Fiala,5.4,443.1,82,Center,2022
Rasmus Dahlin,4.72,377.40000000000003,80,Defense,2022
Vladimir Tarasenko,5.95,446.5,75,Right Wing,2022
Rasmus Andersson,4.72,386.7,82,Defense,2022
Alex Killorn,3.9,320.0,82,Left Wing,2022
Tyler Toffoli,3.76,278.5,74,Right Wing,2022
Josh Morrissey,4.26,336.9,79,Defense,2022
Ryan McDonagh,3.43,243.6,71,Defense,2022
Nicholas Paul,2.67,213.7,80,Center,2022
Mikael Granlund,4.05,323.90000000000003,80,Left Wing,2022
Conor Garland,3.62,279.0,77,Right Wing,2022
Artturi Lehkonen,3.1,229.2,74,Left Wing,2022
Jeff Petry,3.63,246.6,68,Defense,2022
Mikko Koskinen,7.13,306.42,43,Goalie,2022
Cole Sillinger,2.46,194.6,79,Center,2022
Casey DeSmith,7.28,174.66,24,Goalie,2022
Connor McDavid,8.06,644.8,80,Center,2022
Alex DeBrincat,5.18,424.5,82,Left Wing,2022
Kirill Kaprizov,6.92,560.9,81,Left Wing,2022
Tomas Hertl,4.61,378.0,82,Center,2022
Ryan Nugent-Hopkins,4.42,278.20000000000005,63,Center,2022
Ryan Strome,4.11,304.2,74,Center,2022
Martin Necas,2.85,222.4,78,Center,2022
Teuvo Teravainen,4.77,367.1,77,Right Wing,2022
Ilya Samsonov,6.56,255.72,39,Goalie,2022
Michael Bunting,4.49,354.5,79,Left Wing,2022
Gustav Forsling,4.11,291.9,71,Defense,2022
Sam Reinhart,5.88,458.79999999999995,78,Right Wing,2022
Andrew Mangiapane,4.18,342.79999999999995,82,Left Wing,2022
Carter Verhaeghe,3.75,292.3,78,Center,2022
Cam Fowler,3.91,297.1,76,Defense,2022
Brady Skjei,3.7,303.20000000000005,82,Defense,2022
Jake Oettinger,7.06,324.74,46,Goalie,2022
Ville Husso,8.34,316.91999999999996,38,Goalie,2022
Mika Zibanejad,5.76,466.50000000000006,81,Center,2022
Mason Marchment,5.25,283.3,54,Left Wing,2022
Andre Burakovsky,3.97,317.4,80,Left Wing,2022
Taylor Hall,4.12,333.5,81,Left Wing,2022
Andrei Vasilevskiy,7.28,458.64,63,Goalie,2022
Connor Hellebuyck,6.48,427.64,66,Goalie,2022
Alec Martinez,3.48,90.4,26,Defense,2022
Ivan Provorov,3.56,281.4,79,Defense,2022
Jake Guentzel,6.25,475.1,76,Left Wing,2022
Tristan Jarry,7.54,422.06,56,Goalie,2022
Anze Kopitar,4.55,368.3,81,Center,2022
Nicklas Backstrom,3.05,143.5,47,Center,2022
Jacob Trouba,5.2,421.3,81,Defense,2022
Elias Lindholm,6.17,505.90000000000003,82,Right Wing,2022
Josh Norris,5.13,338.4,66,Center,2022
Chris Kreider,6.4,518.1,81,Left Wing,2022
Alex Goligoski,3.61,260.0,72,Defense,2022
Joel Eriksson Ek,4.54,349.9,77,Center,2022
Tyler Bertuzzi,4.99,339.1,68,Left Wing,2022
Timo Meier,6.25,481.5,77,Right Wing,2022
Anthony Duclair,4.4,325.79999999999995,74,Left Wing,2022
Adrian Kempe,4.47,348.50000000000006,78,Center,2022
Mark Giordano,4.04,303.3,75,Defense,2022
Jakub Vrana,3.96,103.0,26,Center,2022
Elias Pettersson,4.62,369.7,80,Center,2022
Jared Spurgeon,4.69,304.9,65,Defense,2022
Matty Beniers,4.37,43.7,10,Center,2022
Thomas Chabot,4.88,287.8,59,Defense,2022
Ivan Provorov,2.99,245.3,82,Defense,2023
Alec Martinez,3.3,254.3,77,Defense,2023
Tony DeAngelo,4.22,295.3,70,Defense,2023
Noah Hanifin,3.79,306.90000000000003,81,Defense,2023
Oliver Bjorkstrand,3.15,254.8,81,Right Wing,2023
Colton Parayko,3.06,242.1,79,Defense,2023
John Klingberg,3.39,227.1,67,Defense,2023
Bryan Rust,3.47,281.4,81,Right Wing,2023
Owen Power,3.21,253.29999999999998,79,Defense,2023
Teuvo Teravainen,3.24,220.10000000000002,68,Right Wing,2023
Brock Boeser,3.6,266.5,74,Right Wing,2023
Jack Campbell,6.4,217.64000000000001,34,Goalie,2023
Sam Bennett,4.39,276.79999999999995,63,Left Wing,2023
Tanner Jeannot,2.99,227.5,76,Left Wing,2023
Andre Burakovsky,3.77,184.79999999999998,49,Left Wing,2023
Cole Caufield,4.11,189.1,46,Right Wing,2023
Andrew Mangiapane,3.14,257.20000000000005,82,Left Wing,2023
Damon Severson,3.23,262.0,81,Defense,2023
Ryan Johansen,2.77,152.49999999999997,55,Center,2023
Kevin Shattenkirk,3.09,231.5,75,Defense,2023
Alexander Romanov,3.44,261.8,76,Defense,2023
Vladislav Gavrikov,2.82,202.9,72,Defense,2023
Carter Hart,5.95,321.2,54,Goalie,2023
Jaccob Slavin,2.99,226.90000000000003,76,Defense,2023
Ondrej Palat,3.03,148.6,49,Left Wing,2023
Zach Werenski,4.13,53.7,13,Defense,2023
Cam Talbot,5.81,185.8,32,Goalie,2023
Jack Roslovic,2.86,220.2,77,Center,2023
Lucas Raymond,3.07,226.9,74,Left Wing,2023
Ryan Strome,2.27,185.89999999999998,82,Center,2023
Ben Chiarot,2.81,213.9,76,Defense,2023
Mikael Granlund,2.8,221.1,79,Left Wing,2023
J.T. Compher,3.66,300.3,82,Right Wing,2023
Anton Lundell,2.66,194.5,73,Center,2023
Jakub Vrana,3.79,94.8,25,Center,2023
Nino Niederreiter,3.3,257.3,78,Right Wing,2023
Matt Roy,3.33,273.29999999999995,82,Defense,2023
Marco Rossi,0.38,7.3,19,Center,2023
Dysin Mayo,0.99,14.8,15,Defense,2023
Petr Mrazek,4.3,163.52,38,Goalie,2023
Andrew Copp,2.65,217.6,82,Center,2023
Jean-Gabriel Pageau,3.86,270.29999999999995,70,Center,2023
Dominik Kubalik,3.13,253.7,81,Left Wing,2023
Travis Sanheim,2.72,220.5,81,Defense,2023
Shane Wright,1.96,15.700000000000001,8,Center,2023
Filip Hronek,4.57,292.6,64,Defense,2023
Brandon Tanev,3.36,275.2,82,Left Wing,2023
Elvis Merzlikins,3.38,91.38,27,Goalie,2023
Kevin Hayes,3.35,271.3,81,Center,2023
Pavel Francouz,6.51,104.22,16,Goalie,2023
Martin Jones,6.14,258.08000000000004,42,Goalie,2023
David Savard,3.27,202.89999999999998,62,Defense,2023
Rafael Harvey-Pinard,4.79,162.7,34,Left Wing,2023
Gabriel Vilardi,3.76,236.60000000000002,63,Center,2023
Jonathan Quick,5.18,186.66,36,Goalie,2023
Spencer Knight,6.27,119.08,19,Goalie,2023
Ryan McDonagh,3.08,218.6,71,Defense,2023
Samuel Girard,3.5,266.2,76,Defense,2023
Jake McCabe,3.73,283.4,76,Defense,2023
Lawson Crouse,3.92,301.9,77,Left Wing,2023
Mason Marchment,3.07,209.0,68,Left Wing,2023
Brady Skjei,3.67,297.4,81,Defense,2023
Radko Gudas,3.97,285.8,72,Defense,2023
Antti Raanta,7.84,203.92,26,Goalie,2023
Cam Atkinson,0,0,0,Right Wing,2023
Scott Laughton,3.79,295.3,78,Center,2023
Alexis Lafreniere,3.03,245.7,81,Left Wing,2023
Rasmus Ristolainen,3.25,240.4,74,Defense,2023
Ivan Barbashev,3.41,279.90000000000003,82,Center,2023
William Karlsson,3.55,290.7,82,Center,2023
Sean Couturier,0,0,0,Center,2023
Frank Vatrano,3.37,273.3,81,Left Wing,2023
J.J. Moser,3.17,259.6,82,Defense,2023
Jonas Brodin,3.05,183.0,60,Defense,2023
Scott Mayfield,3.36,275.8,82,Defense,2023
Filip Chytil,3.5,259.20000000000005,74,Right Wing,2023
Pyotr Kochetkov,6.93,159.4,23,Goalie,2023
Philipp Grubauer,5.17,186.04,36,Goalie,2023
Chris Tanev,2.52,164.1,65,Defense,2023
Matt Dumba,2.37,187.3,79,Defense,2023
Andrew Peeke,2.46,197.1,80,Defense,2023
Nicholas Paul,2.86,229.2,80,Center,2023
Alex Lyon,8.06,112.9,14,Goalie,2023
Adin Hill,7.09,177.2,25,Goalie,2023
Yanni Gourde,3.79,306.9,81,Left Wing,2023
Zach Parise,3.17,260.29999999999995,82,Left Wing,2023
Charlie Coyle,3.41,279.70000000000005,82,Center,2023
Jonathan Toews,2.74,145.0,53,Center,2023
Kirby Dach,3.93,228.20000000000002,58,Center,2023
Mason McTavish,2.91,232.89999999999998,80,Center,2023
Morgan Frost,3.04,246.2,81,Center,2023
Tyler Myers,2.53,197.7,78,Defense,2023
Adam Henrique,3.39,210.4,62,Center,2023
Evan Rodrigues,3.38,233.0,69,Center,2023
Nick Jensen,3.19,245.3,77,Defense,2023
Cole Perfetti,3.14,160.3,51,Center,2023
Joel Edmundson,2.73,166.3,61,Defense,2023
Sammy Blais,2.85,202.39999999999998,71,Left Wing,2023
Alex Iafallo,3.62,213.7,59,Left Wing,2023
Connor Murphy,2.78,222.2,80,Defense,2023
Vasily Podkolzin,1.38,54.0,39,Right Wing,2023
Marcus Foligno,3.16,205.29999999999998,65,Left Wing,2023
Semyon Varlamov,6.7,147.38,22,Goalie,2023
Anthony Mantha,2.31,155.0,67,Right Wing,2023
Seth Jarvis,3.03,248.4,82,Center,2023
Max Pacioretty,3.9,19.5,5,Left Wing,2023
Jaden Schwartz,2.96,210.0,71,Left Wing,2023
Anton Forsberg,6.01,150.14000000000001,25,Goalie,2023
Justin Schultz,3.39,247.6,73,Defense,2023
Yegor Sharangovich,2.27,170.1,75,Center,2023
Nicklas Backstrom,2.54,99.2,39,Center,2023
Sam Montembeault,5.66,220.64,39,Goalie,2023
Conor Garland,3.05,246.8,81,Right Wing,2023
Jordan Staal,2.89,234.4,81,Center,2023
Casey Mittelstadt,3.24,265.6,82,Center,2023
James Reimer,4.84,198.36,41,Goalie,2023
Jakub Voracek,1.95,21.5,11,Right Wing,2023
Brett Pesce,3.13,256.3,82,Defense,2023
Craig Anderson,6.35,152.34,24,Goalie,2023
Timothy Liljegren,3.18,212.9,67,Defense,2023
Blake Coleman,3.1,254.39999999999998,82,Left Wing,2023
Jesperi Kotkaniemi,3.2,262.8,82,Center,2023
Shane Pinto,2.5,204.8,82,Center,2023
Mario Ferraro,2.08,150.1,72,Defense,2023
Adam Pelech,3.53,215.3,61,Defense,2023
Eeli Tolvanen,3.54,215.7,61,Left Wing,2023
Oliver Ekman-Larsson,2.55,137.5,54,Defense,2023
Jake Allen,4.73,193.8,41,Goalie,2023
Kailer Yamamoto,2.87,166.7,58,Right Wing,2023
Tomas Tatar,3.49,286.1,82,Left Wing,2023
Calen Addison,2.85,176.7,62,Defense,2023
Garnet Hathaway,2.97,249.2,84,Right Wing,2023
Jamie Drysdale,0.54,4.300000000000001,8,Defense,2023
Jani Hakanpaa,3.11,255.4,82,Defense,2023
Anthony Duclair,2.64,52.7,20,Left Wing,2023
Mike Hoffman,2.71,181.7,67,Left Wing,2023
Laurent Brossoit,9.27,92.68,10,Goalie,2023
Devon Levi,7.32,51.22,7,Goalie,2023
James van Riemsdyk,2.49,151.60000000000002,61,Left Wing,2023
Trevor Moore,3.2,188.8,59,Left Wing,2023
Marcus Pettersson,3.57,243.0,68,Defense,2023
Artem Zub,2.6,137.7,53,Defense,2023
Jeff Carter,2.42,191.3,79,Center,2023
Kaapo Kakko,2.5,205.20000000000002,82,Right Wing,2023
Daniel Sprong,3.8,251.0,66,Right Wing,2023
Matt Grzelcyk,3.17,238.10000000000002,75,Defense,2023
Trevor van Riemsdyk,2.94,220.7,75,Defense,2023
Kasperi Kapanen,3.12,205.8,66,Right Wing,2023
Jake Walman,3.37,212.1,63,Defense,2023
Juraj Slafkovsky,1.81,70.69999999999999,39,Left Wing,2023
Anthony Beauvillier,2.7,221.29999999999998,82,Left Wing,2023
Joel Hofer,6.61,39.64,6,Goalie,2023
Josh Anderson,3.56,245.6,69,Right Wing,2023
Casey DeSmith,6.13,202.26,33,Goalie,2023
Kent Johnson,2.36,186.39999999999998,79,Center,2023
Arthur Kaliyev,2.86,160.0,56,Right Wing,2023
Jamie Oleksiak,3.41,256.09999999999997,75,Defense,2023
Joel Farabee,2.68,220.10000000000002,82,Left Wing,2023
Dillon Dube,3.15,258.1,82,Center,2023
Ryan Ellis,0,0,0,Defense,2023
Charlie Lindgren,6.07,157.74,26,Goalie,2023
Tyler Motte,2.6,161.0,62,Center,2023
Brenden Dillon,3.06,250.8,82,Defense,2023
Dustin Wolf,10.06,10.059999999999999,1,Goalie,2023
Alex Newhook,2.09,171.3,82,Center,2023
Erik Haula,3.35,268.0,80,Left Wing,2023
Mikey Anderson,3.3,254.1,77,Defense,2023
Joseph Woll,9.27,64.88,7,Goalie,2023
Paul Stastny,1.71,125.1,73,Center,2023
Alexander Kerfoot,2.44,200.29999999999998,82,Center,2023
Wyatt Johnston,2.78,228.1,82,Center,2023
Brendan Gallagher,2.54,94.0,37,Right Wing,2023
Martin Fehervary,3.23,216.6,67,Defense,2023
Ryan Suter,2.68,220.0,82,Defense,2023
Ryan Lindgren,3.2,201.9,63,Defense,2023
Jonas Siegenthaler,3.17,253.8,80,Defense,2023
Brian Dumoulin,2.81,230.1,82,Defense,2023
Kirill Marchenko,2.72,160.2,59,Left Wing,2023
William Eklund,2.25,18.0,8,Left Wing,2023
Erik Cernak,3.23,226.0,70,Defense,2023
Noel Acciari,2.93,225.4,77,Center,2023
Robin Lehner,0,0,0,Goalie,2023
Nikita Zadorov,3.2,262.2,82,Defense,2023
Andreas Athanasiou,2.56,207.1,81,Left Wing,2023
Brandon Saad,2.67,189.7,71,Left Wing,2023
Matias Maccelli,3.34,213.79999999999998,64,Left Wing,2023
Erik Johnson,2.42,152.5,63,Defense,2023
Eric Comrie,5.2,98.72,19,Goalie,2023
Oliver Wahlstrom,3.12,109.1,35,Right Wing,2023
Cody Ceci,2.42,194.0,80,Defense,2023
Marcus Johansson,3.15,251.60000000000002,80,Left Wing,2023
Justin Holl,2.86,228.5,80,Defense,2023
Cole Sillinger,1.46,93.2,64,Center,2023
Olli Maatta,2.46,192.0,78,Defense,2023
Jake Middleton,2.9,229.39999999999998,79,Defense,2023
Cal Petersen,5.23,47.06,9,Goalie,2023
Alexander Barabanov,3.08,209.5,68,Left Wing,2023
Adam Lowry,3.06,250.90000000000003,82,Center,2023
Calle Jarnkrok,2.93,213.89999999999998,73,Center,2023
Jack Quinn,2.45,183.6,75,Right Wing,2023
Luke Hughes,6.1,12.200000000000001,2,Defense,2023
Ian Cole,2.82,219.7,78,Defense,2023
Dan Vladar,6.57,151.12,23,Goalie,2023
Luke Kunin,3.18,98.6,31,Center,2023
Nick Ritchie,2.84,210.3,74,Left Wing,2023
Jordie Benn,3.25,39.0,12,Defense,2023
Jacob Peterson,2.46,29.5,12,Center,2023
Alexandre Carrier,2.5,107.3,43,Defense,2023
Travis Hamonic,3.28,246.2,75,Defense,2023
Brandon Carlo,3.22,241.60000000000002,75,Defense,2023
Kaapo Kahkonen,3.98,147.08,37,Goalie,2023
Adam Boqvist,3.17,145.9,46,Defense,2023
Nate Schmidt,2.61,185.60000000000002,71,Defense,2023
Mackenzie Blackwood,5.63,112.66,20,Goalie,2023
Gustav Nyquist,2.84,145.0,51,Right Wing,2023
Vitali Kravtsov,1.44,63.5,44,Left Wing,2023
Jack McBain,2.9,237.9,82,Center,2023
Frederick Gaudreau,2.89,236.7,82,Center,2023
Josh Manson,4.35,117.5,27,Defense,2023
Barclay Goodrow,2.66,218.3,82,Right Wing,2023
Eetu Luostarinen,3.1,254.5,82,Center,2023
Akira Schmid,7.62,106.72,14,Goalie,2023
Alexey Toropchenko,2.27,156.4,69,Right Wing,2023
Philip Tomasino,3.35,104.0,31,Center,2023
Robby Fabbri,3.69,103.3,28,Center,2023
Alex Stalock,5.65,135.6,24,Goalie,2023
Ilya Mikheyev,2.97,136.7,46,Right Wing,2023
Kevin Lankinen,6.53,117.48,18,Goalie,2023
Kaiden Guhle,3.15,138.4,44,Defense,2023
Ross Colton,2.94,238.5,81,Left Wing,2023
Nick Bonino,2.18,135.3,62,Center,2023
Nicholas Robertson,2.29,34.3,15,Left Wing,2023
Alex Nedeljkovic,5.44,70.74,13,Goalie,2023
Zach Whitecloud,2.79,164.6,59,Defense,2023
Quinton Byfield,2.48,131.7,53,Center,2023
Jesse Puljujarvi,1.74,130.29999999999998,75,Right Wing,2023
Josh Brown,2.34,159.3,68,Defense,2023
TJ Brodie,2.68,155.4,58,Defense,2023
Pavel Dorofeyev,3.48,62.699999999999996,18,Right Wing,2023
John Marino,2.69,172.10000000000002,64,Defense,2023
Nicolas Roy,3.14,204.29999999999998,65,Center,2023
Nick Seeler,2.79,214.89999999999998,77,Defense,2023
Mads Sogaard,5.62,95.52,17,Goalie,2023
Tyson Foerster,5.19,41.5,8,Right Wing,2023
Jason Dickinson,2.38,185.8,78,Center,2023
Alex Wennberg,2.55,209.1,82,Center,2023
Corey Perry,2.0,161.6,81,Right Wing,2023
Taylor Raddysh,2.75,214.20000000000002,78,Right Wing,2023
Nicolas Deslauriers,2.42,193.6,80,Left Wing,2023
Denis Malgin,2.1,136.70000000000002,65,Center,2023
Jake Muzzin,3.62,14.5,4,Defense,2023
Nick Bjugstad,2.99,233.6,78,Center,2023
Matt Martin,2.63,213.3,81,Left Wing,2023
Michael Rasmussen,3.41,190.7,56,Center,2023
Jaycob Megna,2.41,130.3,54,Defense,2023
Evgenii Dadonov,2.31,168.8,73,Right Wing,2023
Connor Brown,-0.08,-0.30000000000000027,4,Right Wing,2023
Cam York,2.76,149.0,54,Defense,2023
Trent Frederic,2.99,236.6,79,Center,2023
Matt Benning,2.53,195.0,77,Defense,2023
Brian Elliott,6.19,136.08,22,Goalie,2023
Sean Monahan,3.25,81.3,25,Center,2023
Nick Leddy,2.33,181.7,78,Defense,2023
Logan O'Connor,2.41,197.7,82,Right Wing,2023
Collin Delia,5.56,100.08,18,Goalie,2023
Nick Foligno,3.36,201.79999999999998,60,Left Wing,2023
Travis Boyd,2.1,171.79999999999998,82,Center,2023
Sean Kuraly,2.39,169.5,71,Center,2023
Lukas Dostal,5.33,90.64000000000001,17,Goalie,2023
Miles Wood,2.65,201.20000000000002,76,Left Wing,2023
Ryan Reaves,1.88,137.3,73,Right Wing,2023
Carson Soucy,2.77,215.70000000000002,78,Defense,2023
Tanner Pearson,1.84,25.700000000000003,14,Left Wing,2023
Alex Goligoski,1.77,81.30000000000001,46,Defense,2023
Braden Schneider,2.68,216.7,81,Defense,2023
Erik Gudbranson,2.44,170.7,70,Defense,2023
A.J. Greer,2.31,141.2,61,Left Wing,2023
Nic Dowd,2.93,190.5,65,Center,2023
Lars Eller,2.1,176.7,84,Center,2023
Spencer Martin,3.93,106.06,27,Goalie,2023
Tyler Johnson,2.85,159.5,56,Center,2023
Jonas Johansson,10.98,21.96,2,Goalie,2023
Simon Benoit,2.27,177.2,78,Defense,2023
Noah Cates,2.89,236.8,82,Left Wing,2023
Derek Forbort,3.04,164.3,54,Defense,2023
Calvin de Haan,2.32,122.9,53,Defense,2023
Dante Fabbro,2.24,177.1,79,Defense,2023
Colin Miller,2.76,217.70000000000002,79,Defense,2023
Oliver Kylington,0,0,0,Defense,2023
Dylan Holloway,1.58,80.80000000000001,51,Center,2023
Christian Dvorak,2.45,156.8,64,Left Wing,2023
Sebastian Aho,5.41,405.40000000000003,75,Center,2023
Craig Smith,1.82,116.6,64,Right Wing,2023
Michael Stone,2.74,131.60000000000002,48,Defense,2023
Kyle Okposo,2.49,186.6,75,Right Wing,2023
P.K. Subban,0,0,0,Defense,2023
Kevin Labanc,2.42,174.1,72,Right Wing,2023
Kyle Burroughs,2.86,137.5,48,Defense,2023
Dmitry Kulikov,2.46,164.8,67,Defense,2023
Danton Heinen,2.02,131.1,65,Center,2023
Vladislav Namestnikov,2.3,177.0,77,Center,2023
Alex Chiasson,2.62,52.5,20,Right Wing,2023
William Carrier,3.51,196.5,56,Left Wing,2023
Carey Price,0,0,0,Goalie,2023
Luke Evangelista,3.39,81.3,24,Right Wing,2023
Colton Sissons,2.6,213.6,82,Center,2023
Jack Johnson,1.79,148.4,83,Defense,2023
Dylan DeMelo,3.37,252.6,75,Defense,2023
Cody Glass,2.96,212.79999999999998,72,Center,2023
Mattias Samuelsson,2.85,156.8,55,Defense,2023
JJ Peterka,1.89,145.70000000000002,77,Right Wing,2023
Lukas Reichel,2.97,68.3,23,Left Wing,2023
Nick Blankenburg,3.02,108.6,36,Defense,2023
Pat Maroon,1.98,158.5,80,Left Wing,2023
Jeremy Lauzon,2.83,189.7,67,Defense,2023
Cal Clutterbuck,2.95,144.5,49,Right Wing,2023
Casey Cizikas,2.42,195.8,81,Center,2023
Thomas Greiss,5.7,91.2,16,Goalie,2023
Matthew Knies,2.33,6.999999999999999,3,Left Wing,2023
Josh Bailey,1.97,126.3,64,Left Wing,2023
Stefan Noesen,3.04,237.1,78,Right Wing,2023
Caleb Jones,2.46,179.5,73,Defense,2023
David Rittich,5.52,99.32000000000001,18,Goalie,2023
Keegan Kolesar,2.71,200.2,74,Right Wing,2023
Pius Suter,1.81,143.2,79,Center,2023
Sam Lafferty,2.61,182.5,70,Center,2023
Nikita Zaitsev,2.14,98.5,46,Defense,2023
Logan Cooley,0,0,0,Center,2023
Denis Gurianov,1.62,106.60000000000001,66,Left Wing,2023
David Jiricek,0.95,3.8,4,Defense,2023
Thomas Bordeleau,0.94,7.5,8,Center,2023
Nils Lundkvist,2.45,146.8,60,Defense,2023
Elmer Soderblom,2.44,51.199999999999996,21,Left Wing,2023
Adam Ruzicka,2.35,103.60000000000001,44,Center,2023
Nico Sturm,2.25,166.2,74,Center,2023
Alexander Holtz,1.23,23.400000000000002,19,Right Wing,2023
Juuso Parssinen,3.15,141.6,45,Center,2023
Jordan Greenway,1.81,112.19999999999999,62,Left Wing,2023
Peyton Krebs,2.1,155.5,74,Center,2023
Ty Smith,4.31,38.800000000000004,9,Defense,2023
Alexander Edler,2.36,151.2,64,Defense,2023
Jordan Martinook,2.81,230.50000000000003,82,Right Wing,2023
Ondrej Kase,0.3,0.3,1,Right Wing,2023
Kiefer Sherwood,3.51,112.30000000000001,32,Right Wing,2023
Joel Armia,2.34,100.5,43,Right Wing,2023
Morgan Geekie,2.43,167.8,69,Center,2023
Ivan Prosvetov,5.47,38.32,7,Goalie,2023
Colin White,1.5,102.2,68,Center,2023
Michael Pezzetta,2.73,172.3,63,Center,2023
Pierre Engvall,2.32,176.6,76,Left Wing,2023
Samuel Ersson,6.87,68.68,10,Goalie,2023
Wade Allison,2.83,169.6,60,Right Wing,2023
Rudolfs Balcers,1.65,28.1,17,Left Wing,2023
Klim Kostin,3.05,173.6,57,Right Wing,2023
Dakota Joshua,2.33,183.8,79,Center,2023
Eric Staal,2.26,162.6,72,Center,2023
Felix Sandstrom,3.17,57.099999999999994,18,Goalie,2023
Nicolas Hague,2.67,216.5,81,Defense,2023
David Kampf,1.97,161.5,82,Right Wing,2023
Jimmy Vesey,2.3,186.0,81,Left Wing,2023
Milan Lucic,1.78,137.4,77,Left Wing,2023
Patric Hornqvist,1.35,29.799999999999997,22,Right Wing,2023
Will Borgen,2.8,229.7,82,Defense,2023
Michael McLeod,2.32,185.5,80,Center,2023
Adam Erne,2.41,146.8,61,Left Wing,2023
Simon Nemec,0,0,0,Defense,2023
Ryan Donato,2.52,178.89999999999998,71,Right Wing,2023
Yaroslav Askarov,1.82,1.8200000000000003,1,Goalie,2023
Jakob Silfverberg,1.84,148.8,81,Right Wing,2023
Jonatan Berggren,2.17,145.4,67,Right Wing,2023
Luke Glendening,1.57,110.19999999999999,70,Center,2023
Dylan Guenther,2.44,80.5,33,Right Wing,2023
Zdeno Chara,0,0,0,Defense,2023
Ethan Bear,2.46,150.2,61,Defense,2023
Brock McGinn,1.91,143.2,75,Left Wing,2023
Justin Braun,1.17,59.7,51,Defense,2023
Jarred Tinordi,2.55,112.1,44,Defense,2023
Austin Watson,2.38,178.7,75,Right Wing,2023
Mark Borowiecki,1.45,5.8,4,Defense,2023
Justin Barron,3.02,117.7,39,Defense,2023
Jaromir Jagr,0,0,0,Right Wing,2023
Keith Kinkaid,12.36,12.36,1,Goalie,2023
Sam Steel,2.43,158.20000000000002,65,Center,2023
Brett Kulak,2.69,220.6,82,Defense,2023
Jonathan Drouin,2.14,123.9,58,Left Wing,2023
Pierre-Olivier Joseph,2.43,182.20000000000002,75,Defense,2023
Hudson Fasching,2.41,118.2,49,Right Wing,2023
Sonny Milano,2.45,156.6,64,Left Wing,2023
Duncan Keith,0,0,0,Defense,2023
Erik Brannstrom,2.34,172.9,74,Defense,2023
Noah Gregor,2.54,144.5,57,Center,2023
Ben Hutton,2.33,72.1,31,Defense,2023
Carl Grundstrom,2.52,143.5,57,Left Wing,2023
Magnus Hellberg,4.45,62.34,14,Goalie,2023
Jan Rutta,2.14,120.1,56,Defense,2023
Wayne Simmonds,2.23,40.2,18,Right Wing,2023
Sean Walker,2.27,159.2,70,Defense,2023
Simon Edvinsson,1.66,14.899999999999999,9,Defense,2023
Jesper Wallstedt,0,0,0,Goalie,2023
Zac Jones,1.36,21.7,16,Defense,2023
Tyson Jost,1.87,133.10000000000002,71,Center,2023
Max Comtois,1.97,126.39999999999999,64,Left Wing,2023
Teddy Blueger,1.85,116.8,63,Center,2023
Ryan McLeod,2.37,135.0,57,Center,2023
Tuukka Rask,0,0,0,Goalie,2023
Ilya Lyubushkin,2.4,163.3,68,Defense,2023
Jordan Gross,2.03,30.4,15,Defense,2023
Jakob Pelletier,1.97,47.2,24,Left Wing,2023
Marcus Bjork,3.18,104.9,33,Defense,2023
Mike Reilly,1.83,18.3,10,Defense,2023
Scott Perunovich,0,0,0,Defense,2023
Jake Neighbours,1.6,68.69999999999999,43,Left Wing,2023
Danil Gushchin,6.8,13.6,2,Right Wing,2023
Malcolm Subban,0,0,0,Goalie,2023
Ty Dellandrea,2.46,201.6,82,Center,2023
Liam O'Brien,2.64,147.89999999999998,56,Left Wing,2023
Conor Timmins,3.19,86.1,27,Defense,2023
Marc Staal,2.48,203.3,82,Defense,2023
Warren Foegele,2.75,184.40000000000003,67,Left Wing,2023
Andrew Agozzino,4.85,19.4,4,Left Wing,2023
Nils Hoglander,1.76,43.9,25,Left Wing,2023
Andrew Cogliano,1.91,150.7,79,Center,2023
Zach Sanford,1.94,31.0,16,Left Wing,2023
Tomas Nosek,2.14,141.4,66,Center,2023
Jordan Harris,2.42,157.2,65,Defense,2023
Derek Grant,2.26,104.0,46,Center,2023
Nick Perbix,2.63,181.2,69,Defense,2023
Joonas Donskoi,0,0,0,Right Wing,2023
Henri Jokiharju,1.93,115.69999999999999,60,Defense,2023
Mike Smith,0,0,0,Goalie,2023
Brandt Clarke,2.27,20.4,9,Defense,2023
Yegor Chinakhov,2.3,68.9,30,Right Wing,2023
Oskar Sundqvist,2.37,158.6,67,Center,2023
Robert Bortuzzo,2.08,89.4,43,Defense,2023
Niko Mikkola,1.96,159.1,81,Defense,2023
Brock Faber,3.35,6.7,2,Defense,2023
Thomas Harley,3.25,19.5,6,Defense,2023
Blake Lizotte,2.71,219.89999999999998,81,Center,2023
Jesper Fast,2.3,184.2,80,Right Wing,2023
Jake Bean,3.14,43.9,14,Defense,2023
Yakov Trenin,2.54,195.2,77,Center,2023
Pierre-Edouard Bellemare,1.4,102.5,73,Right Wing,2023
Mathieu Joseph,2.45,137.0,56,Right Wing,2023
Paul Cotter,2.57,141.6,55,Center,2023
Marco Kasper,1.1,1.0999999999999999,1,Center,2023
Josh Archibald,2.38,147.6,62,Right Wing,2023
Brendan Lemieux,2.31,103.8,45,Left Wing,2023
Filip Zadina,1.61,48.300000000000004,30,Right Wing,2023
Jake Evans,2.0,108.0,54,Right Wing,2023
Mikko Koskinen,0,0,0,Goalie,2023
Erik Kallgren,5.74,51.62,9,Goalie,2023
Fabian Zetterlund,1.92,128.70000000000002,67,Left Wing,2023
Radek Faksa,2.2,178.5,81,Center,2023
Anton Stralman,0.85,6.8,8,Defense,2023
Arvid Soderblom,3.7,48.099999999999994,13,Goalie,2023
Calle Rosen,2.96,145.10000000000002,49,Defense,2023
Brandon Duhaime,2.6,132.39999999999998,51,Right Wing,2023
Shea Weber,0,0,0,Defense,2023
Jon Merrill,1.86,135.6,73,Defense,2023
Zach Aston-Reese,1.87,143.7,77,Center,2023
William Lockwood,1.23,16.0,13,Right Wing,2023
Michael Hutchinson,4.32,43.16,10,Goalie,2023
Jalen Chatfield,2.26,176.0,78,Defense,2023
Matthew Savoie,0,0,0,Center,2023
Aatu Raty,1.57,23.599999999999998,15,Center,2023
Anthony Stolarz,5.95,71.46,12,Goalie,2023
Mark Jankowski,2.0,99.8,50,Center,2023
Philipp Kurashev,1.65,115.80000000000001,70,Left Wing,2023
Nathan Bastian,3.01,129.4,43,Right Wing,2023
Ryan Lomberg,2.22,181.9,82,Left Wing,2023
Cal Foote,2.12,106.1,50,Defense,2023
Robert Hagg,2.57,97.6,38,Defense,2023
Patrik Nemeth,1.71,128.2,75,Defense,2023
Joe Thornton,0,0,0,Center,2023
Zack MacEwen,2.14,119.6,56,Center,2023
Zemgus Girgensons,1.76,140.8,80,Center,2023
Kevin Mandolese,5.99,17.98,3,Goalie,2023
Cutter Gauthier,0,0,0,Left Wing,2023
Ridly Greig,2.77,55.5,20,Center,2023
Michael Amadio,2.36,158.2,67,Center,2023
Haydn Fleury,0.99,28.8,29,Defense,2023
Walker Duehr,2.63,71.1,27,Right Wing,2023
Keith Yandle,0,0,0,Defense,2023
Alex Turcotte,0.05,0.2,4,Center,2023
Connor Dewar,1.98,160.6,81,Center,2023
Samuel Bolduc,2.38,40.400000000000006,17,Defense,2023
Matt Nieto,1.6,129.2,81,Left Wing,2023
Phillip Di Giuseppe,2.75,82.5,30,Left Wing,2023
Kevin Korchinski,0,0,0,Defense,2023
Derick Brassard,2.68,165.9,62,Center,2023
Andy Greene,0,0,0,Defense,2023
Joe Veleno,1.95,158.1,81,Center,2023
Chad Ruhwedel,1.75,82.1,47,Defense,2023
Kurtis MacDermid,1.97,86.8,44,Defense,2023
Daniil Tarasov,3.91,62.620000000000005,16,Goalie,2023
Philip Broberg,1.56,71.9,46,Defense,2023
Pekka Rinne,0,0,0,Goalie,2023
Trevor Lewis,2.01,165.1,82,Center,2023
Luke Witkowski,0,0,0,Left Wing,2023
Zach Bogosian,2.17,99.6,46,Defense,2023
Pavel Mintyukov,0,0,0,Defense,2023
Chris Wideman,1.84,84.5,46,Defense,2023
Braden Holtby,0,0,0,Goalie,2023
Jaxson Stauber,8.38,50.28,6,Goalie,2023
Connor McMichael,0.67,4.0,6,Center,2023
Steven Lorentz,1.82,145.9,80,Center,2023
Jujhar Khaira,2.29,117.0,51,Left Wing,2023
Ryan Carpenter,1.25,27.4,22,Center,2023
Lukas Rousek,5.05,10.1,2,Left Wing,2023
Louis Domingue,0,0,0,Goalie,2023
Marc-Edouard Vlasic,1.91,148.7,78,Defense,2023
Christian Fischer,2.23,178.2,80,Right Wing,2023
Ryan Getzlaf,0,0,0,Center,2023
Joey Daccord,6.68,26.74,4,Goalie,2023
Jason Spezza,0,0,0,Center,2023
Bobby Brink,0,0,0,Right Wing,2023
Brendan Smith,2.07,124.1,60,Defense,2023
Fabian Lysell,0,0,0,Right Wing,2023
Max Jones,1.93,133.5,69,Left Wing,2023
Victor Soderstrom,2.52,75.5,30,Defense,2023
Julien Gauthier,1.67,95.4,57,Right Wing,2023
Riley Stillman,1.69,84.5,50,Defense,2023
Brad Hunt,1.5,70.6,47,Defense,2023
Jacob MacDonald,1.46,84.6,58,Defense,2023
Johnathan Kovacevic,2.17,167.0,77,Defense,2023
Dustin Brown,0,0,0,Right Wing,2023
Ryan Poehling,2.03,107.8,53,Center,2023
Oskar Lindblom,1.21,88.1,73,Left Wing,2023
Isac Lundestrom,1.25,76.1,61,Center,2023
Alex Galchenyuk,-0.06,-0.6999999999999993,11,Left Wing,2023
Mason Shaw,2.42,142.70000000000002,59,Center,2023
Emil Bemstrom,1.97,108.6,55,Center,2023
Jacob Bryson,1.14,67.5,59,Defense,2023
Henry Thrun,1.51,12.100000000000001,8,Defense,2023
Ben Meyers,0.83,32.400000000000006,39,Right Wing,2023
Boris Katchouk,1.75,101.7,58,Left Wing,2023
Givani Smith,1.74,62.69999999999999,36,Right Wing,2023
Derek Ryan,1.95,156.0,80,Center,2023
Connor Mackey,2.68,80.4,30,Defense,2023
Gustav Lindstrom,1.54,55.3,36,Defense,2023
Andreas Johnsson,1.0,13.0,13,Left Wing,2023
Justus Annunen,3.51,7.02,2,Goalie,2023
Jimmy Snuggerud,0,0,0,Right Wing,2023
Nick Holden,2.21,143.8,65,Defense,2023
Joakim Kemell,0,0,0,Right Wing,2023
Conor Geekie,0,0,0,Center,2023
Jakub Zboril,1.83,40.2,22,Defense,2023
Curtis Lazar,1.98,97.2,49,Right Wing,2023
Anton Khudobin,-2.16,-2.16,1,Goalie,2023
Troy Stecher,1.86,150.8,81,Defense,2023
Libor Hajek,1.62,25.9,16,Defense,2023
Robin Salo,2.75,30.3,11,Defense,2023
Devan Dubnyk,0,0,0,Goalie,2023
Samuel Fagemo,1.39,12.5,9,Left Wing,2023
Eric Robinson,2.13,153.6,72,Left Wing,2023
Derek Stepan,1.22,89.2,73,Center,2023
Mathieu Olivier,2.31,152.7,66,Center,2023
Mark Kastelic,2.24,145.89999999999998,65,Center,2023
Simon Holmstrom,1.07,52.5,49,Right Wing,2023
Josh Mahura,2.21,181.3,82,Defense,2023
Mattias Janmark,2.27,149.8,66,Left Wing,2023
Chris Driedger,0,0,0,Goalie,2023
Dustin Tokarski,7.05,14.100000000000001,2,Goalie,2023
Logan Stanley,2.3,43.7,19,Defense,2023
Evgeny Svechnikov,1.78,105.1,59,Left Wing,2023
Rasmus Kupari,1.53,100.7,66,Center,2023
Nicolas Aube-Kubel,2.0,106.0,53,Right Wing,2023
Michael DiPietro,0,0,0,Goalie,2023
Alexander Radulov,0,0,0,Right Wing,2023
Zack Kassian,0.46,23.6,51,Right Wing,2023
Joel Kiviranta,1.47,103.1,70,Left Wing,2023
Cale Fleury,1.79,21.5,12,Defense,2023
Jesse Ylonen,1.97,72.80000000000001,37,Right Wing,2023
Ivan Miroshnichenko,0,0,0,Left Wing,2023
Dryden Hunt,1.24,45.8,37,Left Wing,2023
Scott Harrington,2.38,106.9,45,Defense,2023
Kyle Criscuolo,6.5,6.5,1,Center,2023
Cayden Primeau,0.06,0.11999999999999922,2,Goalie,2023
Tobias Bjornfot,1.79,17.9,10,Defense,2023
Vinnie Hinostroza,1.93,50.199999999999996,26,Right Wing,2023
Mark Friedman,2.32,53.3,23,Defense,2023
Denton Mateychuk,0,0,0,Defense,2023
Ryan Miller,0,0,0,Goalie,2023
Frank Nazar,0,0,0,Center,2023
Mason Appleton,2.27,93.19999999999999,41,Center,2023
Nathan Walker,1.81,101.2,56,Center,2023
Jonathan Lekkerimaki,0,0,0,Right Wing,2023
Brett Ritchie,1.94,97.19999999999999,50,Right Wing,2023
Rem Pitlick,1.51,69.5,46,Center,2023
Ryan Murray,1.55,20.1,13,Defense,2023
Brad Lambert,0,0,0,Center,2023
Cole Smith,2.31,159.7,69,Left Wing,2023
Dylan Samberg,2.18,137.1,63,Defense,2023
Jesper Boqvist,1.74,122.0,70,Center,2023
Philippe Myers,2.79,30.699999999999996,11,Defense,2023
Michael Eyssimont,2.56,138.3,54,Center,2023
Patrick Marleau,0,0,0,Left Wing,2023
Logan Brown,1.07,32.1,30,Center,2023
Jack Drury,1.61,61.1,38,Center,2023
Colin Blackwell,1.01,53.6,53,Center,2023
Nathan Beaulieu,1.27,66.0,52,Defense,2023
Darren Helm,0.77,8.5,11,Center,2023
Jack Rathbone,1.51,16.6,11,Defense,2023
Jordan Oesterle,1.92,99.8,52,Defense,2023
Rasmus Asplund,1.03,47.4,46,Center,2023
Marco Scandella,1.86,37.3,20,Defense,2023
Radim Simek,1.83,80.7,44,Defense,2023
Bokondji Imama,0.88,4.4,5,Left Wing,2023
Rutger McGroarty,0,0,0,Right Wing,2023
Hendrix Lapierre,0,0,0,Center,2023
Jonathan Bernier,0,0,0,Goalie,2023
Sam Gagner,1.76,84.3,48,Center,2023
Joel Ward,0,0,0,Right Wing,2023
Paul LaDue,0,0,0,Defense,2023
Mavrik Bourque,0,0,0,Center,2023
Chris Wagner,2.3,2.3,1,Right Wing,2023
Michael Del Zotto,0,0,0,Defense,2023
Christopher Gibson,0,0,0,Goalie,2023
Nolan Patrick,0,0,0,Center,2023
Ian Mitchell,1.63,57.2,35,Defense,2023
Ville Heinola,0.62,6.2,10,Defense,2023
Patrick Brown,2.25,137.3,61,Center,2023
Owen Pickering,0,0,0,Defense,2023
Alex Belzile,2.55,79.0,31,Center,2023
Tyler  Kleven,2.0,16.0,8,Defense,2023
Nick Cousins,2.11,166.9,79,Center,2023
Jack Studnicka,1.3,62.599999999999994,48,Center,2023
Ryan Suzuki,0,0,0,Center,2023
Billy Sweezey,2.89,26.0,9,Defense,2023
Brett Howden,2.34,126.19999999999999,54,Center,2023
Brendan Brisson,0,0,0,Center,2023
Gemel Smith,0,0,0,Center,2023
Dan Renouf,-0.7,-0.7,1,Defense,2023
MacKenzie Entwistle,1.37,90.5,66,Right Wing,2023
Victor Mete,1.73,19.0,11,Defense,2023
Nico Daws,0,0,0,Goalie,2023
Tucker Poolman,2.4,7.199999999999999,3,Defense,2023
Carl Soderberg,0,0,0,Center,2023
Jordan Spence,1.43,8.6,6,Defense,2023
Danila Yurov,0,0,0,Right Wing,2023
Vincent Desharnais,2.39,86.19999999999999,36,Defense,2023
Steven Santini,3.1,12.399999999999999,4,Defense,2023
Jakub Lauko,2.21,50.900000000000006,23,Right Wing,2023
Curtis McElhinney,0,0,0,Goalie,2023
Dylan Ferguson,8.58,17.16,2,Goalie,2023
Jiri Patera,10.65,21.3,2,Goalie,2023
Aaron Dell,2.89,8.68,3,Goalie,2023
Cory Schneider,0,0,0,Goalie,2023
Loui Eriksson,0,0,0,Left Wing,2023
Tyler Pitlick,1.88,114.4,61,Right Wing,2023
Reese Johnson,1.67,95.1,57,Right Wing,2023
Sean Farrell,0.77,4.6,6,Left Wing,2023
Gabriel Carlsson,1.55,9.3,6,Defense,2023
Jiri Kulich,0,0,0,Center,2023
Drew O'Connor,1.67,76.9,46,Left Wing,2023
Alex Nylander,1.9,17.1,9,Left Wing,2023
Hugo Alnefelt,0,0,0,Goalie,2023
Jake Virtanen,0,0,0,Right Wing,2023
Morgan Barron,2.49,174.6,70,Center,2023
Liam Ohgren,0,0,0,Left Wing,2023
Dylan Gambrell,1.57,94.2,60,Center,2023
Kieffer Bellows,1.16,32.599999999999994,28,Left Wing,2023
Kale Clague,1.34,44.2,33,Defense,2023
Liam Foudy,1.06,65.8,62,Center,2023
Matt Irwin,1.86,113.19999999999999,61,Defense,2023
Josh Leivo,1.97,100.7,51,Left Wing,2023
Alex Barre-Boulet,0.2,0.2,1,Center,2023
Zac Dalpe,1.54,21.5,14,Center,2023
Sam Poulin,1.3,3.9,3,Right Wing,2023
Alexander Alexeyev,1.83,58.7,32,Defense,2023
Cameron Hughes,0,0,0,Center,2023
Antti Niemi,0,0,0,Goalie,2023
Devin Shore,1.44,67.6,47,Center,2023
Sheldon Dries,2.19,138.2,63,Center,2023
Connor Zary,0,0,0,Center,2023
Grigori Denisenko,1.02,18.4,18,Left Wing,2023
Alex Formenton,0,0,0,Left Wing,2023
Arturs Silovs,6.47,32.36,5,Goalie,2023
Troy Grosenick,0,0,0,Goalie,2023
Zach Fucale,0,0,0,Goalie,2023
Akito Hirose,2.97,20.8,7,Defense,2023
Cole Guttman,2.5,35.0,14,Center,2023
Alex Vlasic,1.63,9.8,6,Defense,2023
Mark Pysyk,0,0,0,Defense,2023
Vinni Lettieri,0.1,0.09999999999999987,1,Center,2023
Dylan Coghlan,1.48,25.2,17,Defense,2023
Ben Harpur,2.03,85.2,42,Defense,2023
Adam Huska,0,0,0,Goalie,2023
Maxime Lagace,0,0,0,Goalie,2023
Calvin Pickard,0,0,0,Goalie,2023
Travis Dermott,1.0,11.0,11,Defense,2023
John Leonard,1.6,9.6,6,Left Wing,2023
Dennis Gilbert,2.58,56.7,22,Defense,2023
Daniil Miromanov,2.76,38.6,14,Defense,2023
Alexander True,0,0,0,Center,2023
Urho Vaakanainen,0.73,16.8,23,Defense,2023
Nolan Foote,1.63,9.8,6,Left Wing,2023
Colton White,0.94,43.1,46,Defense,2023
Anders Bjork,2.71,38.0,14,Left Wing,2023
Joey Anderson,1.41,53.5,38,Right Wing,2023
Mike Condon,0,0,0,Goalie,2023
Jason Demers,1.6,1.5999999999999999,1,Defense,2023
Samuel Walker,0.97,8.7,9,Left Wing,2023
Michael McCarron,1.89,60.5,32,Right Wing,2023
Alexandre Texier,0,0,0,Center,2023
Lucas Carlsson,0.7,1.4,2,Defense,2023
Kevin Bahl,2.19,92.1,42,Defense,2023
Noah Ostlund,0,0,0,Center,2023
Casey Fitzgerald,1.12,30.299999999999997,27,Defense,2023
Danny DeKeyser,0,0,0,Defense,2023
Madison Bowey,0,0,0,Defense,2023
Jack LaFontaine,0,0,0,Goalie,2023
Jon Gillies,4.27,8.540000000000001,2,Goalie,2023
Jonathan Dahlen,0,0,0,Right Wing,2023
Kris Russell,0,0,0,Defense,2023
Joel Hanley,1.56,40.5,26,Defense,2023
Jaret Anderson-Dolan,1.73,79.7,46,Center,2023
Andrew Shaw,0,0,0,Center,2023
J.T.  Brown,0,0,0,Right Wing,2023
Jan Jenik,1.7,3.4,2,Center,2023
Jake Livingstone,2.1,10.5,5,Defense,2023
Saku Maenalanen,1.57,100.4,64,Right Wing,2023
Kevin Rooney,1.1,18.7,17,Center,2023
Aliaksei Protas,1.39,80.4,58,Center,2023
Jake Gardiner,0,0,0,Defense,2023
Parker Kelly,1.71,94.0,55,Center,2023
Matt Bartkowski,0,0,0,Defense,2023
Dan Girardi,0,0,0,Defense,2023
Greg McKegg,0,0,0,Center,2023
Matt Murray,6.31,164.14000000000001,26,Goalie,2023
Martin Kaut,1.29,46.4,36,Center,2023
Nils Aman,1.38,94.1,68,Center,2023
Sam Carrick,1.64,85.19999999999999,52,Center,2023
Brian Boyle,0,0,0,Center,2023
Darren Raddysh,1.81,30.7,17,Defense,2023
Adam Gaudette,0,0,0,Center,2023
Garret Sparks,0,0,0,Goalie,2023
Danny Taylor,0,0,0,Goalie,2023
Andrew Hammond,0,0,0,Goalie,2023
Slater Koekkoek,0,0,0,Defense,2023
Carl Hagelin,0,0,0,Left Wing,2023
Isaac Howard,0,0,0,Left Wing,2023
Petteri Lindbohm,0,0,0,Defense,2023
Josh Gorges,0,0,0,Defense,2023
Harri Sateri,0,0,0,Goalie,2023
Jeff Glass,0,0,0,Goalie,2023
Carter Hutton,0,0,0,Goalie,2023
Alexei Melnichuk,0,0,0,Goalie,2023
Isaak Phillips,1.67,26.799999999999997,16,Defense,2023
Lian Bichsel,0,0,0,Defense,2023
Dennis Wideman,0,0,0,Defense,2023
Adam Beckman,0.26,2.3000000000000003,9,Center,2023
Kyle Clifford,3.4,6.8,2,Left Wing,2023
Joe Snively,2.03,24.4,12,Left Wing,2023
Pontus Holmberg,2.03,75.0,37,Center,2023
Ronnie Attard,1.45,2.9,2,Defense,2023
Rodion Amirov,0,0,0,Left Wing,2023
Kevin Stenlund,1.55,83.9,54,Right Wing,2023
Axel Jonsson-Fjallby,1.72,86.10000000000001,50,Left Wing,2023
Hunter Miska,0,0,0,Goalie,2023
Kasimir Kaskisuo,0,0,0,Goalie,2023
Eddie Lack,0,0,0,Goalie,2023
Michael Houser,0,0,0,Goalie,2023
Tyler Bozak,0,0,0,Center,2023
Karson Kuhlman,1.18,55.3,47,Center,2023
Christian Wolanin,1.85,29.599999999999998,16,Defense,2023
Noah Juulsen,2.06,24.7,12,Defense,2023
Michael Carcone,2.54,22.900000000000002,9,Right Wing,2023
Chris Kunitz,0,0,0,Left Wing,2023
Ryan Merkley,0,0,0,Defense,2023
Derrick Pouliot,2.14,17.1,8,Defense,2023
Ross Johnston,1.82,29.2,16,Left Wing,2023
Brennan Menell,0,0,0,Defense,2023
Justin Danforth,2.3,13.799999999999999,6,Right Wing,2023
Marc McLaughlin,0.4,0.8,2,Center,2023
Gavin Bayreuther,2.18,111.3,51,Defense,2023
James Neal,0,0,0,Right Wing,2023
Tom Hodges,0,0,0,Goalie,2023
Veini Vehvilainen,0,0,0,Goalie,2023
Jean-Francois Berube,0,0,0,Goalie,2023
John Moore,0,0,0,Defense,2023
David Backes,0,0,0,Center,2023
Keaton Middleton,0,0,0,Defense,2023
Sam Rinzel,0,0,0,Defense,2023
Dominic Toninato,1.56,7.8,5,Center,2023
Jonah Gadjovich,2.13,74.6,35,Left Wing,2023
Chris Tierney,1.32,47.6,36,Center,2023
John Hayden,2.37,16.6,7,Right Wing,2023
Kevan Miller,0,0,0,Defense,2023
Fredrik Claesson,0,0,0,Defense,2023
Steven Fogarty,0.45,0.8999999999999999,2,Center,2023
Yannick Weber,0,0,0,Defense,2023
Cole Koepke,0.83,14.1,17,Left Wing,2023
Tyce Thompson,0.1,0.19999999999999996,2,Right Wing,2023
Egor Zamula,1.96,27.4,14,Defense,2023
Igor Ozhiganov,0,0,0,Defense,2023
Will Butcher,0,0,0,Defense,2023
Jacob Larsson,1.24,8.7,7,Defense,2023
Lane Pederson,2.19,59.1,27,Center,2023
Radim Zohorna,0.69,6.9,10,Left Wing,2023
Niklas Svedberg,0,0,0,Goalie,2023
Artyom Zagidulin,0,0,0,Goalie,2023
Olle Eriksson Ek,5.48,5.48,1,Goalie,2023
Kenneth Appleby,0,0,0,Goalie,2023
Jansen Harkins,1.8,39.5,22,Center,2023
Kyle Capobianco,1.66,23.200000000000003,14,Defense,2023
Buddy Robinson,2.31,20.799999999999997,9,Right Wing,2023
Zachary L'Heureux,0,0,0,Left Wing,2023
Patrick Wiercioch,0,0,0,Defense,2023
Olli Juolevi,0,0,0,Defense,2023
Braydon Coburn,0,0,0,Defense,2023
Zac Rinaldo,0,0,0,Left Wing,2023
David Schlemko,0,0,0,Defense,2023
Daniel Walcott,0,0,0,Defense,2023
Egor Sokolov,2.7,13.5,5,Left Wing,2023
Filip Mesar,0,0,0,Right Wing,2023
Ben Thomas,0,0,0,Defense,2023
Par  Lindholm,0,0,0,Center,2023
Oskar Steen,1.97,5.9,3,Center,2023
Jacob Bernard-Docker,1.58,30.099999999999998,19,Defense,2023
Andrew Poturalski,0,0,0,Center,2023
Oscar Dansk,0,0,0,Goalie,2023
Zach Sawchenko,0,0,0,Goalie,2023
David Gustafsson,1.07,49.3,46,Center,2023
Luca Sbisa,0,0,0,Defense,2023
Josiah Slavin,0,0,0,Left Wing,2023
Reid Schaefer,0,0,0,Left Wing,2023
Maveric Lamoureux,0,0,0,Defense,2023
Andreas Englund,1.87,88.1,47,Defense,2023
Alec Regula,0.95,3.8,4,Defense,2023
Vladislav Kolyachonok,1.0,2.0,2,Defense,2023
Dave Gust,1.35,5.4,4,Right Wing,2023
Johan Larsson,0,0,0,Left Wing,2023
Mathieu Perreault,0,0,0,Center,2023
Dean Kukan,0,0,0,Defense,2023
Jonny Brodzinski,1.32,22.5,17,Center,2023
Jackson Cates,0.44,2.2,5,Center,2023
Lawrence Pilut,1.33,22.6,17,Defense,2023
Tanner Laczynski,0.88,28.2,32,Center,2023
Mikko  Koivu,0,0,0,Center,2023
John Beecher,0,0,0,Center,2023
Aleksi Heponiemi,1.19,11.9,10,Center,2023
Cody Eakin,0,0,0,Center,2023
Austin Czarnik,1.19,34.599999999999994,29,Right Wing,2023
Jake Leschyshyn,0.59,20.6,35,Center,2023
Josef Korenar,0,0,0,Goalie,2023
Eetu Makiniemi,11.38,11.379999999999999,1,Goalie,2023
Michael Raffl,0,0,0,Left Wing,2023
Matt Tennyson,0,0,0,Defense,2023
Carl Gunnarsson,0,0,0,Defense,2023
Markus Niemelainen,1.47,33.7,23,Defense,2023
Benoit-Olivier Groulx,0.2,0.4,2,Center,2023
Nikita Nesterenko,0.88,7.9,9,Left Wing,2023
Nathan Smith,0.97,3.9,4,Left Wing,2023
Vladimir Tkachev,0,0,0,Left Wing,2023
Mike Liambas,0,0,0,Defense,2023
Jayson Megna,0.72,39.6,55,Center,2023
Kaedan Korczak,1.97,19.7,10,Defense,2023
Riley Tufte,0.33,0.9999999999999998,3,Left Wing,2023
Riley Nash,0,0,0,Center,2023
David Desharnais,0,0,0,Center,2023
Mason Geertsen,0,0,0,Defense,2023
Xavier Ouellet,0,0,0,Defense,2023
Anthony Bitetto,0,0,0,Defense,2023
Andy Welinski,0,0,0,Defense,2023
Jared Coreau,0,0,0,Goalie,2023
Kevin  Boyle,0,0,0,Goalie,2023
Nikolai Knyzhov,0.64,7.7,12,Defense,2023
Niklas Hjalmarsson,0,0,0,Defense,2023
Justin Bailey,0,0,0,Right Wing,2023
Mark Alt,0,0,0,Defense,2023
Matthew Phillips,0.4,0.8,2,Center,2023
Kole Lind,0,0,0,Right Wing,2023
Andrew Ladd,0,0,0,Left Wing,2023
Bobby Ryan,0,0,0,Right Wing,2023
Christian Djoos,0,0,0,Defense,2023
Darren Archibald,0,0,0,Left Wing,2023
Filip Hallander,0.9,1.8,2,Center,2023
Aaron Ness,0,0,0,Defense,2023
P.A. Parenteau,0,0,0,Right Wing,2023
Taylor Fedun,0.97,3.9,4,Defense,2023
Ryan Dzingel,0,0,0,Center,2023
Lukas Sedlak,2.61,78.30000000000001,30,Center,2023
Shane Starrett,0,0,0,Goalie,2023
Andrej Sekera,0,0,0,Defense,2023
Dominik Simon,0,0,0,Left Wing,2023
Nikita Nesterov,0,0,0,Defense,2023
Greg Pateryn,0,0,0,Defense,2023
Alex Biega,0,0,0,Defense,2023
Jacob Perreault,0,0,0,Right Wing,2023
Adam Raska,1.7,5.1,3,Left Wing,2023
Jack Dugan,0,0,0,Right Wing,2023
Brandon Manning,0,0,0,Defense,2023
Oskar Olausson,0.0,0.0,1,Right Wing,2023
Brad Malone,0.9,9.0,10,Left Wing,2023
Jason Garrison,0,0,0,Defense,2023
Fredrik Olofsson,1.25,35.0,28,Left Wing,2023
Kole Sherwood,0,0,0,Right Wing,2023
Andrej Sustr,0,0,0,Defense,2023
Nikita Alexandrov,1.68,46.9,28,Center,2023
Guillaume Brisebois,1.92,32.6,17,Defense,2023
Filip Roos,1.6,27.2,17,Defense,2023
Richard Panik,0,0,0,Right Wing,2023
Drake Caggiula,0.42,1.6999999999999997,4,Left Wing,2023
Daniel Carr,0,0,0,Left Wing,2023
Thomas Hickey,0,0,0,Defense,2023
Gabriel Fortier,0.3,0.3,1,Left Wing,2023
Tim Berni,1.4,82.4,59,Defense,2023
Steven Kampfer,0,0,0,Defense,2023
Nick Abruzzese,4.6,9.200000000000001,2,Center,2023
Jake Christiansen,1.43,34.2,24,Defense,2023
Lassi Thomson,-0.0,-1.1102230246251565e-16,2,Defense,2023
Carl Dahlstrom,0,0,0,Defense,2023
Tyler Lewington,0,0,0,Defense,2023
Alex Burrows,0,0,0,Right Wing,2023
Victor Rask,0,0,0,Center,2023
Anton Blidh,0.53,7.3999999999999995,14,Left Wing,2023
Matt Luff,1.32,25.1,19,Right Wing,2023
Jasper Weatherby,0,0,0,Left Wing,2023
Dylan Wells,0,0,0,Goalie,2023
Marcus Hogberg,0,0,0,Goalie,2023
Michael McNiven,0,0,0,Goalie,2023
Matthew Highmore,1.3,2.5999999999999996,2,Center,2023
Nicolas Meloche,0,0,0,Defense,2023
Sami Vatanen,0,0,0,Defense,2023
Lias Andersson,-0.2,-0.20000000000000007,1,Center,2023
Brogan Rafferty,0,0,0,Defense,2023
Mikhail Maltsev,0.6,3.0,5,Left Wing,2023
Wyatt Kaiser,2.06,18.5,9,Defense,2023
Michael Frolik,0,0,0,Right Wing,2023
Tyler Tucker,1.9,49.5,26,Defense,2023
Jeffrey Viel,1.05,4.199999999999999,4,Left Wing,2023
Filip Bystedt,0,0,0,Center,2023
Dakota Mermis,0.65,1.2999999999999998,2,Defense,2023
Brayden Pachal,2.96,29.6,10,Defense,2023
Brooks Laich,0,0,0,Center,2023
Kyle Quincey,0,0,0,Defense,2023
Leo Komarov,0,0,0,Left Wing,2023
Brandon Davidson,0,0,0,Defense,2023
Samuel Morin,0,0,0,Defense,2023
Carson Meyer,1.21,17.0,14,Right Wing,2023
Egor Yakovlev,0,0,0,Defense,2023
Stefan Elliott,0,0,0,Defense,2023
Owen Beck,-0.5,-0.5,1,Center,2023
Trey Fix-Wolansky,1.12,10.1,9,Right Wing,2023
Louie Belpedio,0,0,0,Defense,2023
Will O'Neill,0,0,0,Defense,2023
Mark Streit,0,0,0,Defense,2023
Brett Seney,1.39,9.7,7,Left Wing,2023
Landon Bow,0,0,0,Goalie,2023
Kaden Fulcher,0,0,0,Goalie,2023
Keith Petruzzelli,0,0,0,Goalie,2023
Jay Beagle,0,0,0,Center,2023
Kyle Rau,0,0,0,Center,2023
Martin Frk,0,0,0,Right Wing,2023
Ben Lovejoy,0,0,0,Defense,2023
Jacob Moverare,1.55,3.1,2,Defense,2023
Mike Hardman,1.24,9.9,8,Right Wing,2023
Matej Blumel,1.08,6.5,6,Left Wing,2023
CJ Suess,-0.1,-0.10000000000000003,1,Left Wing,2023
Cody Franson,0,0,0,Defense,2023
Paul Byron,0,0,0,Left Wing,2023
Mikko Lehtonen,0,0,0,Defense,2023
Taro Hirose,0.1,0.30000000000000004,3,Left Wing,2023
Casey Nelson,0,0,0,Defense,2023
Jack Ahcan,0,0,0,Defense,2023
Beck Malenstyn,2.52,22.7,9,Left Wing,2023
Michal Kempny,0,0,0,Defense,2023
Sean Day,0,0,0,Defense,2023
Cameron  Schilling,0,0,0,Defense,2023
Chase De Leo,0,0,0,Center,2023
Brian Lashoff,0,0,0,Defense,2023
Drew Shore,0,0,0,Center,2023
Mac Hollowell,2.72,16.3,6,Defense,2023
Dillon Heatherington,-0.4,-1.1999999999999997,3,Defense,2023
Laurent Dauphin,0.86,18.1,21,Center,2023
Matt Kiersted,1.85,37.0,20,Defense,2023
Henrik Borgstrom,0.0,0.0,1,Center,2023
Artem Anisimov,0,0,0,Center,2023
Mackenzie MacEachern,0,0,0,Left Wing,2023
Zachary Hayes,0,0,0,Defense,2023
Connor Carrick,8.6,8.600000000000001,1,Defense,2023
Frederic Allard,1.4,4.2,3,Defense,2023
Kristians Rubins,0,0,0,Defense,2023
Austin Wagner,2.11,14.8,7,Left Wing,2023
Kyle Turris,0,0,0,Center,2023
Ashton Sautner,0,0,0,Defense,2023
Carsen Twarynski,0,0,0,Left Wing,2023
Sasha Chmelevski,0,0,0,Center,2023
Sampo Ranta,1.12,6.7,6,Left Wing,2023
Joe Hicketts,0,0,0,Defense,2023
James Hamblin,0.11,1.1000000000000005,10,Right Wing,2023
Alexander Burmistrov,0,0,0,Center,2023
Jonas Rondbjerg,0.48,6.300000000000001,13,Right Wing,2023
Michael Kesselring,2.39,21.5,9,Defense,2023
Brayden Tracey,0,0,0,Left Wing,2023
Dmitrij Jaskin,0,0,0,Right Wing,2023
Aidan McDonough,1.08,6.5,6,Left Wing,2023
Justin Kloos,0,0,0,Center,2023
Connor Bunnaman,0,0,0,Left Wing,2023
Nate Prosser,0,0,0,Defense,2023
Juuso Riikola,0,0,0,Defense,2023
Nick Merkley,0,0,0,Right Wing,2023
Josh Dunne,0.54,4.3,8,Center,2023
Paul Postma,0,0,0,Defense,2023
Kevin Connauton,0,0,0,Defense,2023
Joakim Ryan,0,0,0,Defense,2023
Lucas Johansen,1.05,2.1,2,Defense,2023
Arttu Ruotsalainen,0,0,0,Center,2023
William Cuylle,0.9,3.5999999999999996,4,Left Wing,2023
Antoine Roussel,0,0,0,Left Wing,2023
Markus Nutivaara,0,0,0,Defense,2023
Nicolas Beaudin,0,0,0,Defense,2023
Nikita Okhotiuk,2.26,22.599999999999998,10,Defense,2023
Leevi Merilainen,2.73,5.460000000000001,2,Goalie,2023
Joakim Nordstrom,0,0,0,Center,2023
Stefan Matteau,0,0,0,Center,2023
Brady Keeper,0,0,0,Defense,2023
Brinson Pasichnuk,0,0,0,Defense,2023
Tyler Benson,0.3,0.6,2,Left Wing,2023
Pavol Regenda,1.46,20.5,14,Center,2023
Gage Quinney,0,0,0,Left Wing,2023
Brendan Guhle,0,0,0,Defense,2023
Teemu Pulkkinen,0,0,0,Left Wing,2023
Dylan Sikura,0,0,0,Center,2023
Kevin Czuczman,0,0,0,Defense,2023
Egor Afanasyev,0.89,15.2,17,Left Wing,2023
Nic Petan,1.63,16.299999999999997,10,Center,2023
T.J. Tynan,0,0,0,Center,2023
Valtteri Filppula,0,0,0,Center,2023
Nathan Gerbe,0,0,0,Left Wing,2023
Otto Koivula,1.62,13.0,8,Left Wing,2023
Elliot Desnoyers,0.82,3.3,4,Left Wing,2023
Scott Sabourin,0,0,0,Right Wing,2023
Jack Rodewald,0,0,0,Right Wing,2023
Jean-Sebastien Dea,-0.1,-0.40000000000000013,4,Center,2023
Josh Currie,0,0,0,Right Wing,2023
Serron Noel,0,0,0,Right Wing,2023
Erik Burgdoerfer,0,0,0,Defense,2023
Maksim Sushko,0,0,0,Right Wing,2023
Max Willman,0.87,7.8,9,Center,2023
Tarmo Reunanen,0,0,0,Defense,2023
Anthony Richard,2.65,34.400000000000006,13,Center,2023
Bobby McMann,1.03,10.3,10,Center,2023
Logan Shaw,0,0,0,Right Wing,2023
Riley Sheahan,-0.15,-0.30000000000000004,2,Center,2023
Nate Thompson,0,0,0,Center,2023
Wyatt Kalynuk,0,0,0,Defense,2023
Dennis Cholowski,-0.25,-0.5,2,Defense,2023
Chase Priskie,0,0,0,Defense,2023
Tobias Rieder,0,0,0,Right Wing,2023
Kristian Vesalainen,0,0,0,Left Wing,2023
Matt Calvert,0,0,0,Left Wing,2023
Max McCormick,0,0,0,Left Wing,2023
Jacob De La Rose,0,0,0,Left Wing,2023
Cody McLeod,0,0,0,Left Wing,2023
Vladislav Provolnev,0,0,0,Defense,2023
Jared Boll,0,0,0,Right Wing,2023
Charles Hudon,0.79,7.1,9,Left Wing,2023
Danil  Yurtaykin,0,0,0,Left Wing,2023
Jacob Nilsson,0,0,0,Center,2023
Zack Mitchell,0,0,0,Right Wing,2023
Glenn Gawdin,0.77,2.3,3,Center,2023
Andrei Mironov,0,0,0,Defense,2023
Kevin Gravel,1.05,24.1,23,Defense,2023
Janne Kuokkanen,0,0,0,Left Wing,2023
Cedric Paquette,0,0,0,Center,2023
Travis Zajac,0,0,0,Center,2023
William Lagesson,0,0,0,Defense,2023
Nikita Gusev,0,0,0,Left Wing,2023
Micheal Haley,0,0,0,Center,2023
Justin Richards,1.6,3.2,2,Center,2023
William Dufour,-1.7,-1.7,1,Right Wing,2023
Maxim Mamin,0,0,0,Center,2023
Tanner Fritz,0,0,0,Center,2023
Tim Gettinger,0,0,0,Left Wing,2023
Alex Steeves,-0.17,-0.5,3,Right Wing,2023
Valtteri Puustinen,0,0,0,Center,2023
Jake Chelios,0,0,0,Defense,2023
Christian  Folin,0,0,0,Defense,2023
Joey Keane,0,0,0,Defense,2023
Parker Wotherspoon,1.51,18.1,12,Defense,2023
Cole Bardreau,1.2,1.2,1,Right Wing,2023
Ben Street,0,0,0,Center,2023
Corey Schueneman,1.97,13.8,7,Defense,2023
Andy Andreoff,0.93,2.8000000000000003,3,Left Wing,2023
C.J. Smith,0,0,0,Left Wing,2023
Joel L'Esperance,0,0,0,Center,2023
Gerry Mayhew,0,0,0,Right Wing,2023
Anthony Angello,0,0,0,Center,2023
Austin Strand,0.62,3.1,5,Defense,2023
Christian Thomas,0,0,0,Right Wing,2023
Brett Leason,0.9,47.9,53,Right Wing,2023
Isaac Ratcliffe,0,0,0,Left Wing,2023
Zane McIntyre,0,0,0,Goalie,2023
Juho Lammikko,0,0,0,Right Wing,2023
Blake Comeau,0,0,0,Left Wing,2023
Brandon Sutter,0,0,0,Center,2023
Alexander Volkov,0,0,0,Right Wing,2023
Tanner Kero,0,0,0,Center,2023
Rocco Grimaldi,0,0,0,Left Wing,2023
Marcus Sorensen,0,0,0,Left Wing,2023
Austin Poganski,0,0,0,Right Wing,2023
Nick Lappin,0,0,0,Right Wing,2023
Milos Kelemen,1.36,19.1,14,Left Wing,2023
Tyler Madden,0,0,0,Center,2023
Yohann Auvitu,0,0,0,Defense,2023
Joel Persson,0,0,0,Defense,2023
Hunter Drew,0,0,0,Defense,2023
Melker  Karlsson,0,0,0,Right Wing,2023
Dmitri Samorukov,0.4,0.8,2,Defense,2023
Marian Studenic,0.23,0.7,3,Right Wing,2023
Chris DiDomenico,0,0,0,Left Wing,2023
Brandon  Pirri,0,0,0,Left Wing,2023
Andrew Crescenzi,0,0,0,Center,2023
Luke Philp,1.6,4.8,3,Center,2023
Matthew Peca,0,0,0,Left Wing,2023
Andreas Borgman,0,0,0,Defense,2023
Ivan  Chekhovich,0,0,0,Left Wing,2023
Ben Gleason,0,0,0,Defense,2023
Kristian Reichel,1.9,3.8000000000000003,2,Center,2023
Spencer Stastney,2.81,22.5,8,Defense,2023
Filip Johansson,0,0,0,Defense,2023
Tomas Jurco,0,0,0,Right Wing,2023
Joseph Cramarossa,2.08,8.3,4,Center,2023
Sami Niku,0,0,0,Defense,2023
Mathias Brome,0,0,0,Left Wing,2023
Joona Luoto,0.46,3.2,7,Right Wing,2023
Olle Alsing,0,0,0,Defense,2023
Cole Schwindt,0,0,0,Right Wing,2023
Joseph Gambardella,0,0,0,Left Wing,2023
Mattias Norlinder,0,0,0,Defense,2023
Cole Reinhardt,0,0,0,Left Wing,2023
Garrett Pilon,0,0,0,Center,2023
Trevor Carrick,0,0,0,Defense,2023
Olle Lycksell,0.9,7.199999999999999,8,Right Wing,2023
Zach Senyshyn,0,0,0,Right Wing,2023
Brett Murray,0,0,0,Left Wing,2023
Cory Conacher,0,0,0,Left Wing,2023
Dylan McIlrath,1.33,8.0,6,Defense,2023
Riley Barber,0,0,0,Right Wing,2023
Ethan Prow,0,0,0,Defense,2023
Jay O'Brien,0,0,0,Center,2023
Josh Jooris,0,0,0,Center,2023
Remi Elie,0,0,0,Left Wing,2023
Dominik Bokk,0,0,0,Right Wing,2023
Brandon Biro,0,0,0,Left Wing,2023
Kirill Semyonov,0,0,0,Center,2023
Michael Blunden,0,0,0,Right Wing,2023
Jesper Froden,1.86,26.1,14,Right Wing,2023
Clark Bishop,0,0,0,Center,2023
Max Veronneau,0,0,0,Right Wing,2023
Jon Lizotte,0,0,0,Defense,2023
Jet Greaves,6.12,6.119999999999999,1,Goalie,2023
Colton Sceviour,0,0,0,Right Wing,2023
Brad Richardson,0,0,0,Right Wing,2023
Brett Connolly,0,0,0,Right Wing,2023
Patrick Russell,0,0,0,Right Wing,2023
Anton Wedin,0,0,0,Left Wing,2023
Sheldon Rempal,-2.0,-2.0,1,Right Wing,2023
Nick Caamano,0,0,0,Right Wing,2023
Derek Dorsett,0,0,0,Right Wing,2023
Mitchell Chaffee,0,0,0,Right Wing,2023
Vadim Shipachyov,0,0,0,Left Wing,2023
Cole McWard,2.14,10.7,5,Defense,2023
Alexander Yelesin,0,0,0,Defense,2023
Declan Chisholm,0,0,0,Defense,2023
William Bitten,1.75,7.0,4,Right Wing,2023
Brandon Baddock,0,0,0,Left Wing,2023
Drake Rymsha,0,0,0,Center,2023
Scott Reedy,0,0,0,Center,2023
Justin Kirkland,0.27,1.9,7,Left Wing,2023
Jeremy  Davies,0,0,0,Defense,2023
Tim  Schaller,0,0,0,Left Wing,2023
Fredrik Karlstrom,0.6,3.0,5,Center,2023
Lukas Radil,0,0,0,Left Wing,2023
Roland McKeown,1.37,8.2,6,Defense,2023
Riley Damiani,0,0,0,Center,2023
Drew Helleson,2.83,8.5,3,Defense,2023
Blake Speers,0,0,0,Right Wing,2023
Ben Jones,0,0,0,Center,2023
Nick DeSimone,0.0,4.440892098500626e-16,4,Defense,2023
Sven Baertschi,0,0,0,Left Wing,2023
Kalle Kossila,0,0,0,Left Wing,2023
Callahan Burke,0.35,0.7,2,Center,2023
Daniel Brickley,0,0,0,Defense,2023
Tyler Ennis,0,0,0,Left Wing,2023
Mikhail Grigorenko,0,0,0,Center,2023
Mitchell Stephens,0,0,0,Center,2023
Michael Dal Colle,0,0,0,Left Wing,2023
Michael Sgarbossa,0,0,0,Center,2023
Jakub Jerabek,0,0,0,Defense,2023
Alexandre Fortin,0,0,0,Left Wing,2023
Turner Elson,0,0,0,Left Wing,2023
Libor Sulak,0,0,0,Defense,2023
Stephen Gionta,0,0,0,Right Wing,2023
Victor Antipin,0,0,0,Defense,2023
Maxime Lajoie,0.33,1.0,3,Defense,2023
Anthony Greco,0,0,0,Right Wing,2023
Reilly Walsh,0,0,0,Defense,2023
Cameron Hillis,0,0,0,Center,2023
Grant Hutton,0,0,0,Defense,2023
Joona Koppanen,1.6,8.0,5,Left Wing,2023
Hunter McKown,1.09,13.1,12,Center,2023
Filip Kral,0.95,1.9,2,Defense,2023
Matt Read,0,0,0,Right Wing,2023
Chase Pearson,0,0,0,Center,2023
Lukas Vejdemo,0,0,0,Center,2023
Rourke Chartier,1.02,6.1,6,Center,2023
Ryan MacInnis,0,0,0,Center,2023
Arnaud Durandeau,1.33,5.300000000000001,4,Left Wing,2023
Josh Teves,0,0,0,Defense,2023
Viktor Lodin,0,0,0,Left Wing,2023
Frederik Gauthier,0,0,0,Center,2023
Brendan Gaunce,1.32,6.6000000000000005,5,Center,2023
Otto Leskinen,0,0,0,Defense,2023
Nikita Soshnikov,0.4,1.2,3,Right Wing,2023
Matthew Berlin,0,0,0,Goalie,2023
Jett Alexander,0,0,0,Goalie,2023
Dominik Kahun,0,0,0,Center,2023
Gaetan Haas,0,0,0,Center,2023
Rhett Gardner,0,0,0,Center,2023
Kurtis Gabriel,0,0,0,Right Wing,2023
Luke Johnson,0,0,0,Center,2023
Jean-Luc Foudy,0.31,2.8000000000000003,9,Right Wing,2023
Mark  Letestu,0,0,0,Center,2023
Matthew Kessel,0.05,0.10000000000000009,2,Defense,2023
Bryce Kindopp,0,0,0,Right Wing,2023
Ben McCartney,0,0,0,Left Wing,2023
Marek Hrivik,0,0,0,Left Wing,2023
Joachim Blichfeld,0,0,0,Right Wing,2023
Nick Cicek,2.06,33.0,16,Defense,2023
Philip Holm,0,0,0,Defense,2023
David Farrance,0,0,0,Defense,2023
Jeff Malott,0,0,0,Left Wing,2023
Jakub Galvas,0,0,0,Defense,2023
Andrei  Chibisov,0,0,0,Right Wing,2023
Andreas Martinsen,0,0,0,Left Wing,2023
Jimmy Huntington,0,0,0,Left Wing,2023
Jayden Halbgewachs,0,0,0,Left Wing,2023
Byron Froese,1.89,17.0,9,Center,2023
Alexander Khovanov,0,0,0,Center,2023
Bogdan Kiselevich,0,0,0,Defense,2023
Artemi Kniazev,0,0,0,Defense,2023
Dennis Rasmussen,0,0,0,Center,2023
Gustav Olofsson,1.6,4.800000000000001,3,Defense,2023
Carter Rowney,0,0,0,Right Wing,2023
Frans Nielsen,0,0,0,Center,2023
Michael Chaput,0,0,0,Center,2023
Dmytro Timashov,0,0,0,Left Wing,2023
Mike Vecchione,0,0,0,Center,2023
Pierre-Cedric Labrie,0,0,0,Left Wing,2023
Henrik Haapala,0,0,0,Left Wing,2023
Frederik Tiffels,0,0,0,Left Wing,2023
David Kase,0,0,0,Right Wing,2023
Chasen Balisy,0,0,0,Center,2023
Jonathan Gruden,0.57,1.7,3,Center,2023
Filip  Chlapik,0,0,0,Center,2023
Hayden Hodgson,0.0,0.0,1,Right Wing,2023
Vincent Iorio,2.23,6.7,3,Defense,2023
Linus Hogberg,0,0,0,Defense,2023
Curtis Valk,0,0,0,Center,2023
Linus Sandin,0,0,0,Right Wing,2023
Christian Jaros,0,0,0,Defense,2023
Semyon Der-Arguchintsev,1.0,1.0,1,Right Wing,2023
Kenny  Agostino,0,0,0,Left Wing,2023
Brian Gibbons,0,0,0,Left Wing,2023
Kasper Bjorkqvist,0,0,0,Right Wing,2023
Jacob Lucchini,1.19,13.100000000000001,11,Left Wing,2023
Sean Malone,0,0,0,Center,2023
Antti Suomela,0,0,0,Center,2023
Brian M. Pinho,0,0,0,Center,2023
Jimmy Schuldt,0,0,0,Defense,2023
Adam Brooks,0,0,0,Center,2023
Santeri Hatakka,0,0,0,Defense,2023
Danny O'Regan,0,0,0,Center,2023
Shane Bowers,0.2,0.2,1,Center,2023
Justin Dowling,0,0,0,Center,2023
Joel Kellman,0,0,0,Center,2023
Joakim Nygard,0,0,0,Left Wing,2023
Cam Dineen,0,0,0,Defense,2023
Giovanni Fiore,0,0,0,Left Wing,2023
Lean  Bergmann,0,0,0,Left Wing,2023
Fredrik  Handemark,0,0,0,Center,2023
Seth Griffith,0,0,0,Center,2023
Brendan Perlini,0,0,0,Left Wing,2023
Aidan Dudas,0,0,0,Center,2023
Jackson LaCombe,2.0,4.0,2,Defense,2023
Victor Ejdsell,0,0,0,Center,2023
Ryan Kuffner,0,0,0,Left Wing,2023
Marc Michaelis,0,0,0,Left Wing,2023
Oscar  Fantenberg,0,0,0,Defense,2023
Tristen Robins,0.5,1.5,3,Right Wing,2023
Markus  Hannikainen,0,0,0,Left Wing,2023
Lucas Wallmark,0,0,0,Center,2023
Philippe Maillet,0,0,0,Center,2023
Jakob  Lilja,0,0,0,Left Wing,2023
Gregory Hofmann,0,0,0,Left Wing,2023
Wade Megan,0,0,0,Center,2023
Anton Levtchi,0.1,0.2,2,Left Wing,2023
Tyler Wotherspoon,0,0,0,Defense,2023
Daniel Catenacci,0,0,0,Center,2023
Vitaly  Abramov,0,0,0,Left Wing,2023
Jayce Hawryluk,0,0,0,Center,2023
Cooper Marody,0,0,0,Center,2023
Danick Martel,0,0,0,Center,2023
Adam Ginning,2.2,2.2,1,Defense,2023
Gustav Rydahl,0,0,0,Center,2023
Tyler Graovac,0,0,0,Center,2023
Nick Swaney,0.9,0.8999999999999999,1,Right Wing,2023
Samuel Knazko,0.25,0.5,2,Defense,2023
Mikael Pyyhtia,2.25,4.5,2,Left Wing,2023
Stanislav Svozil,2.25,4.5,2,Defense,2023
Lucas Condotta,5.9,5.9,1,Center,2023
Adam Fantilli,0,0,0,Center,2023
Maxence Guenette,0.2,0.2,1,Defense,2023
Damien Giroux,4.7,4.7,1,Center,2023
Matt Coronato,2.7,2.7,1,Right Wing,2023
Leo Carlsson,0,0,0,Center,2023
Sebastian Cossa,0,0,0,Goalie,2023
Connor Bedard,0,0,0,Center,2023
Logan Stankoven,0,0,0,Center,2023
Lane Hutson,0,0,0,Defense,2023
Tyler Angle,1.8,3.6,2,Center,2023
Hugh McGing,0.0,0.0,1,Center,2023
Joel Teasdale,1.15,2.3,2,Left Wing,2023
Drew Commesso,0,0,0,Goalie,2023
Cale Makar,7.55,453.2,60,Defense,2023
Steven Stamkos,5.82,471.40000000000003,81,Center,2023
J.T. Miller,6.12,496.1,81,Center,2023
Timo Meier,5.38,419.99999999999994,78,Right Wing,2023
Kris Letang,5.43,347.29999999999995,64,Defense,2023
Andrei Svechnikov,5.58,357.3,64,Left Wing,2023
Justin Faulk,4.62,379.0,82,Defense,2023
Pavel Buchnevich,5.64,355.6,63,Right Wing,2023
Elias Pettersson,6.91,552.8,80,Center,2023
Jakob Chychrun,5.37,257.8,48,Defense,2023
Ilya Samsonov,8.01,320.36,40,Goalie,2023
Rickard Rakell,4.44,364.20000000000005,82,Center,2023
Tyson Barrie,4.5,382.40000000000003,85,Defense,2023
Jason Zucker,4.02,313.6,78,Left Wing,2023
Jeff Petry,4.72,287.8,61,Defense,2023
Sean Durzi,4.21,302.9,72,Defense,2023
Stuart Skinner,7.37,353.66,48,Goalie,2023
Cam Fowler,3.54,290.6,82,Defense,2023
Jacob Markstrom,5.08,294.72,58,Goalie,2023
Ryan Hartman,4.32,254.9,59,Right Wing,2023
Alex Killorn,4.18,342.40000000000003,82,Left Wing,2023
Jaroslav Halak,5.75,138.08,24,Goalie,2023
Auston Matthews,7.07,523.3,74,Center,2023
Aleksander Barkov,6.19,420.6,68,Center,2023
John Carlson,5.62,225.0,40,Defense,2023
Connor Hellebuyck,7.12,455.54,64,Goalie,2023
Evander Kane,5.29,216.8,41,Left Wing,2023
Johnny Gaudreau,3.9,311.6,80,Left Wing,2023
Mikhail Sergachev,6.14,484.99999999999994,79,Defense,2023
Sam Reinhart,4.52,370.4,82,Right Wing,2023
Josh Norris,2.49,19.900000000000002,8,Center,2023
Rasmus Andersson,4.81,380.1,79,Defense,2023
Nick Suzuki,4.06,333.29999999999995,82,Center,2023
Shayne Gostisbehere,4.05,303.9,75,Defense,2023
Logan Thompson,7.19,258.91999999999996,36,Goalie,2023
Phil Kessel,2.26,185.3,82,Right Wing,2023
Alex Tuch,5.97,441.8,74,Right Wing,2023
Ryan Pulock,3.21,263.4,82,Defense,2023
Travis Konecny,5.91,354.8,60,Right Wing,2023
Tyler Seguin,3.73,283.7,76,Center,2023
Esa Lindell,3.24,265.79999999999995,82,Defense,2023
Chandler Stephenson,4.23,342.5,81,Center,2023
Arber Xhekaj,3.25,165.5,51,Defense,2023
Boone Jenner,4.17,283.8,68,Center,2023
Karel Vejmelka,5.6,274.44,49,Goalie,2023
Victor Hedman,5.14,390.6,76,Defense,2023
Jake Guentzel,5.3,413.5,78,Left Wing,2023
Kyle Connor,5.13,421.0,82,Left Wing,2023
Darnell Nurse,4.99,409.09999999999997,82,Defense,2023
Jason Robertson,7.2,590.2,82,Left Wing,2023
Frederik Andersen,6.3,207.74,33,Goalie,2023
Drake Batherson,4.11,337.2,82,Center,2023
Shea Theodore,5.18,284.90000000000003,55,Defense,2023
Brayden Point,5.86,480.70000000000005,82,Center,2023
Nikolaj Ehlers,4.2,189.00000000000003,45,Left Wing,2023
Jared Spurgeon,4.23,333.8,79,Defense,2023
Vincent Trocheck,4.74,389.0,82,Center,2023
Mark Stone,4.89,210.4,43,Right Wing,2023
Valeri Nichushkin,5.22,276.9,53,Right Wing,2023
Nico Hischier,5.57,450.9,81,Center,2023
David Krejci,4.12,288.7,70,Center,2023
Blake Wheeler,4.07,292.7,72,Right Wing,2023
Bo Horvat,5.1,402.8,79,Center,2023
Vitek Vanecek,7.42,356.08,48,Goalie,2023
Erik Gustafsson,4.22,295.4,70,Defense,2023
Ville Husso,5.66,316.92,56,Goalie,2023
Mark Giordano,3.33,259.8,78,Defense,2023
Dawson Mercer,4.06,332.7,82,Center,2023
Roman Josi,6.82,456.90000000000003,67,Defense,2023
Alex Ovechkin,6.3,459.59999999999997,73,Left Wing,2023
Chris Kreider,4.65,367.5,79,Left Wing,2023
David Pastrnak,8.27,678.0999999999999,82,Right Wing,2023
Pierre-Luc Dubois,5.08,370.90000000000003,73,Center,2023
Quinn Hughes,5.95,464.2,78,Defense,2023
Nazem Kadri,3.99,327.40000000000003,82,Center,2023
Jordan Kyrou,4.62,364.7,79,Center,2023
Jesper Bratt,4.61,377.90000000000003,82,Right Wing,2023
Brock Nelson,4.87,399.6,82,Center,2023
Carter Verhaeghe,4.93,399.0,81,Center,2023
Luke Schenn,4.14,289.8,70,Defense,2023
Pheonix Copley,7.09,248.1,35,Goalie,2023
Mike Matheson,5.36,257.5,48,Defense,2023
Max Domi,3.61,288.5,80,Center,2023
Mikael Backlund,4.27,349.90000000000003,82,Center,2023
Tommy Novak,4.11,209.7,51,Center,2023
John Gibson,5.22,271.26,52,Goalie,2023
Juuso Valimaki,3.21,250.7,78,Defense,2023
Marc-Andre Fleury,6.53,294.02,45,Goalie,2023
Connor Clifton,3.58,279.0,78,Defense,2023
Rasmus Sandin,3.93,278.7,71,Defense,2023
Kirill Kaprizov,6.54,438.0,67,Left Wing,2023
Juuse Saros,7.22,455.16,63,Goalie,2023
Jake Oettinger,7.8,476.04,61,Goalie,2023
Jack Hughes,6.47,504.6,78,Center,2023
Jack Eichel,5.81,389.1,67,Center,2023
Dougie Hamilton,6.42,526.2,82,Defense,2023
Elias Lindholm,4.52,361.29999999999995,80,Right Wing,2023
Dylan Larkin,5.31,424.40000000000003,80,Center,2023
Tim Stutzle,6.35,495.5,78,Left Wing,2023
Tage Thompson,6.98,544.2,78,Center,2023
Zach Hyman,5.78,457.0,79,Left Wing,2023
Phillip Danault,3.9,319.6,82,Center,2023
Hampus Lindholm,5.25,419.8,80,Defense,2023
Linus Ullmark,9.45,453.52,48,Goalie,2023
Anders Lee,3.98,326.1,82,Left Wing,2023
Jake Sanderson,3.49,268.9,77,Defense,2023
Brandon Hagel,4.81,389.5,81,Left Wing,2023
Bowen Byram,4.83,203.0,42,Defense,2023
Nick Schmaltz,4.52,285.0,63,Center,2023
Neal Pionk,3.61,295.79999999999995,82,Defense,2023
Tomas Hertl,4.01,317.0,79,Center,2023
Mattias Ekholm,3.69,287.70000000000005,78,Defense,2023
Nikita Kucherov,6.67,547.3,82,Right Wing,2023
Aaron Ekblad,4.45,316.20000000000005,71,Defense,2023
Sidney Crosby,5.92,485.40000000000003,82,Center,2023
Devon Toews,4.93,394.7,80,Defense,2023
Gabriel Landeskog,0,0,0,Left Wing,2023
Roope Hintz,6.1,445.40000000000003,73,Center,2023
Patrice Bergeron,4.94,385.20000000000005,78,Center,2023
Alexandar Georgiev,7.83,485.56,62,Goalie,2023
Matt Boldy,4.74,384.2,81,Left Wing,2023
Erik Karlsson,6.92,567.5,82,Defense,2023
Ryan Nugent-Hopkins,6.56,538.1,82,Center,2023
Jake DeBrusk,4.91,314.5,64,Left Wing,2023
Dylan Cozens,4.52,366.5,81,Center,2023
Adam Fox,6.04,495.0,82,Defense,2023
Dmitry Orlov,4.46,294.5,66,Defense,2023
Adrian Kempe,5.52,452.7,82,Center,2023
Jonathan Huberdeau,3.46,273.0,79,Left Wing,2023
Thatcher Demko,5.79,185.32,32,Goalie,2023
Joonas Korpisalo,6.71,248.44,37,Goalie,2023
Filip Forsberg,4.95,247.70000000000002,50,Left Wing,2023
Scott Wedgewood,7.02,126.44,18,Goalie,2023
Torey Krug,3.63,228.4,63,Defense,2023
Kyle Palmieri,3.69,202.9,55,Right Wing,2023
Owen Tippett,4.1,316.0,77,Right Wing,2023
Nathan MacKinnon,8.41,597.1,71,Center,2023
Mitchell Marner,6.34,507.49999999999994,80,Right Wing,2023
Morgan Rielly,4.32,281.0,65,Defense,2023
Charlie McAvoy,6.04,404.4,67,Defense,2023
Mika Zibanejad,6.3,517.0,82,Center,2023
Patrik Laine,4.88,268.20000000000005,55,Right Wing,2023
Thomas Chabot,4.86,330.29999999999995,68,Defense,2023
Tristan Jarry,6.72,315.92,47,Goalie,2023
John Tavares,5.91,472.70000000000005,80,Center,2023
Joe Pavelski,5.62,461.09999999999997,82,Right Wing,2023
Jonathan Marchessault,4.18,317.90000000000003,76,Left Wing,2023
Josh Morrissey,6.46,503.9,78,Defense,2023
Gustav Forsling,4.13,338.5,82,Defense,2023
Tom Wilson,4.86,160.4,33,Right Wing,2023
David Perron,4.06,332.70000000000005,82,Right Wing,2023
Andrei Kuzmenko,4.49,363.4,81,Left Wing,2023
Jamie Benn,5.61,459.8,82,Left Wing,2023
Seth Jones,3.93,282.9,72,Defense,2023
Jared McCann,5.03,397.2,79,Left Wing,2023
Sergei Bobrovsky,5.79,283.84,49,Goalie,2023
Ryan O'Reilly,2.87,152.1,53,Center,2023
Connor Ingram,5.83,151.62,26,Goalie,2023
Connor McDavid,10.23,838.9,82,Center,2023
Andrei Vasilevskiy,7.08,424.52,60,Goalie,2023
Moritz Seider,4.73,388.1,82,Defense,2023
Artemi Panarin,5.44,446.40000000000003,82,Left Wing,2023
Brent Burns,5.35,438.7,82,Defense,2023
Jacob Trouba,4.54,372.6,82,Defense,2023
Brad Marchand,5.44,397.1,73,Left Wing,2023
Drew Doughty,4.93,399.2,81,Defense,2023
Mark Scheifele,4.78,387.09999999999997,81,Center,2023
Anze Kopitar,5.09,417.4,82,Center,2023
Evgeni Malkin,5.26,431.5,82,Center,2023
Mats Zuccarello,4.73,369.20000000000005,78,Right Wing,2023
Joel Eriksson Ek,4.94,385.3,78,Center,2023
Clayton Keller,5.3,434.7,82,Center,2023
Artturi Lehkonen,4.84,309.79999999999995,64,Left Wing,2023
Brayden McNabb,3.44,282.4,82,Defense,2023
Adam Larsson,4.49,367.79999999999995,82,Defense,2023
Jeff Skinner,5.16,407.90000000000003,79,Left Wing,2023
Reilly Smith,4.06,316.5,78,Right Wing,2023
Evan Bouchard,3.72,305.1,82,Defense,2023
Barrett Hayton,3.12,255.6,82,Center,2023
Jordan Binnington,5.4,324.04,60,Goalie,2023
Brayden Schenn,3.95,323.8,82,Center,2023
Jordan Eberle,3.83,314.29999999999995,82,Right Wing,2023
Igor Shesterkin,7.66,444.5,58,Goalie,2023
Matthew Tkachuk,7.88,622.1999999999999,79,Left Wing,2023
Alex DeBrincat,4.49,368.3,82,Left Wing,2023
Michael Bunting,3.83,313.7,82,Left Wing,2023
William Nylander,5.46,447.9,82,Right Wing,2023
Darcy Kuemper,5.77,323.4,56,Goalie,2023
Tyler Toffoli,4.9,402.2,82,Right Wing,2023
Troy Terry,4.03,281.8,70,Center,2023
Martin Necas,4.65,381.70000000000005,82,Center,2023
T.J. Oshie,3.9,226.39999999999998,58,Right Wing,2023
Brandon Montour,6.59,527.1,80,Defense,2023
Conor Sheary,2.77,227.5,82,Left Wing,2023
Dylan Strome,3.88,314.5,81,Center,2023
Vince Dunn,5.47,443.3,81,Defense,2023
Ryan Graves,3.71,289.5,78,Defense,2023
K'Andre Miller,4.32,341.29999999999995,79,Defense,2023
Viktor Arvidsson,4.3,330.8,77,Right Wing,2023
Filip Gustavsson,8.41,311.24,37,Goalie,2023
Victor Olofsson,2.63,197.2,75,Right Wing,2023
Pavel Zacha,3.64,298.1,82,Center,2023
MacKenzie Weegar,3.82,309.7,81,Defense,2023
Matty Beniers,3.87,309.9,80,Center,2023
Evgeny Kuznetsov,3.22,261.1,81,Center,2023
Leon Draisaitl,8.55,684.4,80,Left Wing,2023
Mikko Rantanen,7.5,615.4000000000001,82,Right Wing,2023
Noah Dobson,4.65,362.7,78,Defense,2023
Brady Tkachuk,6.25,512.3000000000001,82,Left Wing,2023
Alex Pietrangelo,5.69,415.3,73,Defense,2023
Rasmus Dahlin,6.9,537.9000000000001,78,Defense,2023
Patrick Kane,3.83,279.6,73,Right Wing,2023
Ilya Sorokin,7.28,436.56,60,Goalie,2023
Kevin Fiala,5.43,374.6,69,Center,2023
Matt Duchene,4.03,286.3,71,Center,2023
Robert Thomas,4.0,292.3,73,Center,2023
Miro Heiskanen,6.13,484.5,79,Defense,2023
Trevor Zegras,3.89,315.0,81,Center,2023
Mathew Barzal,4.59,266.4,58,Center,2023
Claude Giroux,5.05,414.0,82,Left Wing,2023
Logan Couture,4.34,356.2,82,Center,2023
Jeremy Swayman,8.42,277.94,33,Goalie,2023
Taylor Hall,3.58,218.2,61,Left Wing,2023
Vladimir Tarasenko,3.73,257.20000000000005,69,Right Wing,2023
Ukko-Pekka Luukkonen,6.12,195.8,32,Goalie,2023
Anthony Cirelli,3.22,186.8,58,Center,2023
Tyler Bertuzzi,3.29,164.29999999999998,50,Left Wing,2023
Rasmus Dahlin,5.98,484.0,81,Defense,2024
Mike Matheson,5.45,446.5,82,Defense,2024
Tage Thompson,4.82,342.0,71,Center,2024
Sergei Bobrovsky,7.13,413.78000000000003,58,Goalie,2024
Nico Hischier,4.67,331.5,71,Center,2024
Andrei Svechnikov,5.61,331.09999999999997,59,Left Wing,2024
Timo Meier,4.45,307.0,69,Left Wing,2024
Elias Lindholm,3.48,260.7,75,Right Wing,2024
Alex Tuch,4.67,350.0,75,Right Wing,2024
Adam Larsson,3.04,246.2,81,Defense,2024
Eeli Tolvanen,3.33,270.0,81,Left Wing,2024
Luke Hughes,3.43,281.1,82,Defense,2024
Seth Jarvis,5.02,406.79999999999995,81,Right Wing,2024
Mikhail Sergachev,3.89,132.2,34,Defense,2024
Dylan Cozens,3.48,275.0,79,Center,2024
Ilya Samsonov,6.47,258.74,40,Goalie,2024
Mark Stone,5.05,282.7,56,Right Wing,2024
Sean Couturier,2.93,216.9,74,Center,2024
Josh Norris,3.84,192.0,50,Center,2024
Kirill Marchenko,3.28,255.99999999999997,78,Left Wing,2024
Wyatt Johnston,4.5,369.2,82,Center,2024
Troy Terry,3.55,269.9,76,Center,2024
Dawson Mercer,2.06,169.3,82,Right Wing,2024
Dougie Hamilton,5.42,108.5,20,Defense,2024
Trevor Zegras,2.86,88.6,31,Center,2024
Hampus Lindholm,3.22,234.9,73,Defense,2024
Tommy Novak,3.01,213.4,71,Center,2024
Matty Beniers,2.68,206.6,77,Center,2024
Ben Chiarot,3.2,246.3,77,Defense,2024
Cam Fowler,3.12,252.5,81,Defense,2024
David Savard,3.64,218.5,60,Defense,2024
Matias Maccelli,3.12,256.1,82,Left Wing,2024
Tyson Barrie,2.56,104.89999999999999,41,Defense,2024
Ryan Graves,2.63,184.3,70,Defense,2024
Rickard Rakell,3.35,234.7,70,Right Wing,2024
Rafael Harvey-Pinard,1.7,76.3,45,Left Wing,2024
Alec Martinez,3.29,180.7,55,Defense,2024
Tony DeAngelo,2.46,76.2,31,Defense,2024
Jared Spurgeon,3.27,52.4,16,Defense,2024
Max Domi,3.16,252.4,80,Center,2024
Jakub Vrana,1.33,27.900000000000002,21,Right Wing,2024
Joey Daccord,6.45,296.76,46,Goalie,2024
Patrik Laine,2.5,45.0,18,Right Wing,2024
Philip Tomasino,2.45,100.30000000000001,41,Center,2024
Lukas Reichel,1.04,67.80000000000001,65,Left Wing,2024
Alexander Romanov,3.41,276.1,81,Defense,2024
Connor Brown,1.09,77.3,71,Right Wing,2024
Mario Ferraro,2.72,212.1,78,Defense,2024
Logan Couture,1.95,11.700000000000001,6,Center,2024
Mason McTavish,3.58,229.10000000000002,64,Center,2024
Kaiden Guhle,3.48,243.6,70,Defense,2024
Nick Schmaltz,3.68,291.1,79,Right Wing,2024
Dmitry Orlov,2.7,221.5,82,Defense,2024
Spencer Knight,0,0,0,Goalie,2024
Andrew Peeke,3.09,117.5,38,Defense,2024
Cam York,3.39,277.8,82,Defense,2024
Ryan Pulock,3.76,217.8,58,Defense,2024
Joel Farabee,3.2,262.1,82,Left Wing,2024
Marcus Pettersson,3.67,300.79999999999995,82,Defense,2024
Michael Bunting,3.43,277.7,81,Left Wing,2024
Owen Power,3.39,257.5,76,Defense,2024
Adam Fantilli,2.7,132.1,49,Center,2024
John Klingberg,2.25,31.5,14,Defense,2024
Jake Middleton,3.18,254.6,80,Defense,2024
Tyler Seguin,4.07,277.0,68,Right Wing,2024
Alex Lyon,6.15,264.56,43,Goalie,2024
Oliver Ekman-Larsson,3.47,277.6,80,Defense,2024
Marc-Andre Fleury,5.66,203.9,36,Goalie,2024
Nick Seeler,3.53,250.4,71,Defense,2024
Joseph Woll,6.3,145.0,23,Goalie,2024
Nicholas Paul,3.16,259.0,82,Center,2024
Semyon Varlamov,7.33,197.96,27,Goalie,2024
Rasmus Sandin,2.74,186.3,68,Defense,2024
Anthony Duclair,3.14,229.0,73,Left Wing,2024
Alex Nedeljkovic,6.97,230.14000000000001,33,Goalie,2024
Dylan DeMelo,3.87,317.3,82,Defense,2024
Chris Tanev,3.12,234.2,75,Defense,2024
Tyler Myers,3.65,281.2,77,Defense,2024
Philipp Kurashev,3.11,233.3,75,Left Wing,2024
Jamie Oleksiak,2.58,211.6,82,Defense,2024
JJ Peterka,3.36,275.40000000000003,82,Right Wing,2024
Samuel Girard,2.79,164.6,59,Defense,2024
Sean Walker,3.55,287.5,81,Defense,2024
Fabian Zetterlund,3.25,266.70000000000005,82,Right Wing,2024
Ville Husso,5.9,106.12,18,Goalie,2024
Erik Gudbranson,3.19,248.70000000000002,78,Defense,2024
Calvin Pickard,6.7,133.94,20,Goalie,2024
Darcy Kuemper,5.24,157.14000000000001,30,Goalie,2024
Jonas Johansson,6.26,150.18,24,Goalie,2024
Devon Levi,5.89,123.78,21,Goalie,2024
Kirby Dach,4.75,9.5,2,Center,2024
Petr Mrazek,5.21,276.3,53,Goalie,2024
Anders Lee,3.41,276.5,81,Left Wing,2024
Jesperi Kotkaniemi,2.05,162.1,79,Center,2024
Jaden Schwartz,2.61,162.0,62,Left Wing,2024
Samuel Ersson,5.22,255.84,49,Goalie,2024
Torey Krug,3.44,264.5,77,Defense,2024
Taylor Hall,2.17,21.7,10,Left Wing,2024
Ryan McDonagh,3.57,264.5,74,Defense,2024
Cam Atkinson,2.33,163.1,70,Right Wing,2024
Anthony Cirelli,3.4,268.6,79,Center,2024
John Gibson,3.87,170.24,44,Goalie,2024
Philipp Grubauer,5.09,173.12,34,Goalie,2024
Warren Foegele,3.04,249.60000000000002,82,Left Wing,2024
Jake Neighbours,3.25,249.9,77,Left Wing,2024
Leo Carlsson,2.89,158.9,55,Center,2024
Scott Laughton,3.33,272.79999999999995,82,Center,2024
Erik Gustafsson,2.98,226.4,76,Defense,2024
Evan Rodrigues,3.28,262.7,80,Center,2024
Cole Perfetti,3.08,218.4,71,Left Wing,2024
Daniel Sprong,2.85,216.7,76,Right Wing,2024
Alexandre Carrier,2.9,212.0,73,Defense,2024
Josh Manson,3.75,285.0,76,Defense,2024
Kevin Shattenkirk,3.24,197.5,61,Defense,2024
Martin Jones,6.52,123.96,19,Goalie,2024
Andrew Mangiapane,3.04,228.2,75,Right Wing,2024
Luke Evangelista,2.61,209.0,80,Right Wing,2024
Brenden Dillon,3.57,274.9,77,Defense,2024
Colton Sissons,2.98,241.10000000000002,81,Center,2024
Pavel Mintyukov,3.0,188.9,63,Defense,2024
Jason Dickinson,3.21,262.90000000000003,82,Center,2024
Nick Bjugstad,3.96,300.7,76,Center,2024
Josh Doan,4.47,49.2,11,Right Wing,2024
Jeremy Lauzon,3.45,272.2,79,Defense,2024
Anthony Stolarz,7.84,188.26,24,Goalie,2024
Reilly Smith,2.85,216.3,76,Right Wing,2024
Dominik Kubalik,1.14,84.30000000000001,74,Left Wing,2024
Erik Haula,3.01,228.6,76,Left Wing,2024
Nick Foligno,3.33,246.20000000000002,74,Left Wing,2024
Shane Wright,3.77,30.2,8,Center,2024
Jake Allen,5.0,165.06,33,Goalie,2024
Lukas Dostal,5.31,201.82,38,Goalie,2024
Jamie Drysdale,2.05,69.69999999999999,34,Defense,2024
David Perron,3.54,268.9,76,Right Wing,2024
Connor Murphy,2.68,123.4,46,Defense,2024
Mark Giordano,2.91,133.9,46,Defense,2024
Trent Frederic,3.39,277.59999999999997,82,Left Wing,2024
Scott Mayfield,2.47,101.1,41,Defense,2024
Jani Hakanpaa,3.08,197.0,64,Defense,2024
Filip Chytil,2.83,28.3,10,Center,2024
Alex Killorn,3.28,206.79999999999998,63,Right Wing,2024
James van Riemsdyk,2.97,210.70000000000002,71,Left Wing,2024
Scott Wedgewood,6.64,185.98,28,Goalie,2024
Dustin Wolf,5.32,79.74,15,Goalie,2024
Drew O'Connor,2.75,217.4,79,Left Wing,2024
Mikael Backlund,2.73,223.7,82,Center,2024
Damon Severson,3.09,207.20000000000002,67,Defense,2024
Jordan Eberle,2.98,232.6,78,Right Wing,2024
Evgeny Kuznetsov,1.99,125.4,63,Center,2024
Michael Rasmussen,3.12,234.3,75,Center,2024
Jonas Siegenthaler,2.09,119.0,57,Defense,2024
Nils Hoglander,2.96,236.70000000000002,80,Left Wing,2024
Marco Rossi,2.74,224.6,82,Center,2024
Sam Montembeault,6.02,240.60000000000002,40,Goalie,2024
Adam Lowry,3.3,267.4,81,Center,2024
Anthony Mantha,3.25,240.7,74,Right Wing,2024
Elvis Merzlikins,5.25,209.92,40,Goalie,2024
TJ Brodie,3.02,235.3,78,Defense,2024
Jean-Gabriel Pageau,2.86,234.60000000000002,82,Center,2024
Karel Vejmelka,5.09,167.94,33,Goalie,2024
Adam Boqvist,2.07,72.3,35,Defense,2024
Max Pacioretty,2.9,136.2,47,Left Wing,2024
Niko Mikkola,2.91,238.4,82,Defense,2024
Adam Pelech,2.79,161.8,58,Defense,2024
Joel Hofer,6.59,177.98,27,Goalie,2024
Mikey Anderson,3.0,222.0,74,Defense,2024
Ross Colton,3.08,246.5,80,Left Wing,2024
J.J. Moser,2.77,221.70000000000002,80,Defense,2024
Artem Zub,3.46,238.7,69,Defense,2024
Andrew Copp,2.38,187.90000000000003,79,Center,2024
Mattias Samuelsson,2.89,118.5,41,Defense,2024
Simon Nemec,2.65,158.7,60,Defense,2024
Alex Kerfoot,3.05,250.1,82,Center,2024
Nick Jensen,1.84,143.8,78,Defense,2024
Nikita Zadorov,3.0,225.0,75,Defense,2024
Robby Fabbri,2.78,189.3,68,Left Wing,2024
Jack Roslovic,2.56,151.1,59,Center,2024
Morgan Frost,3.32,235.7,71,Center,2024
Ryan Johansen,2.23,140.70000000000002,63,Center,2024
Martin Fehervary,2.85,187.8,66,Defense,2024
Tanner Jeannot,2.63,144.9,55,Right Wing,2024
Ryan Strome,2.74,216.5,79,Center,2024
Eetu Luostarinen,2.35,192.9,82,Left Wing,2024
Arturs Silovs,6.82,27.28,4,Goalie,2024
Corey Perry,2.45,132.2,54,Right Wing,2024
Rasmus Ristolainen,1.92,59.5,31,Defense,2024
Arber Xhekaj,3.29,144.8,44,Defense,2024
Mathieu Joseph,2.93,211.3,72,Left Wing,2024
Brandon Carlo,2.86,217.2,76,Defense,2024
Barrett Hayton,1.71,56.5,33,Center,2024
Nicolas Roy,3.25,227.79999999999998,70,Center,2024
Brian Dumoulin,1.91,152.5,80,Defense,2024
Tyson Foerster,3.0,231.0,77,Right Wing,2024
Justus Annunen,8.87,106.48,12,Goalie,2024
Yanni Gourde,2.84,227.3,80,Center,2024
Martin Pospisil,3.64,229.6,63,Left Wing,2024
Vladislav Gavrikov,2.77,213.5,77,Defense,2024
Connor Clifton,3.07,242.4,79,Defense,2024
Alex Iafallo,2.3,188.60000000000002,82,Left Wing,2024
Gabriel Landeskog,0,0,0,Left Wing,2024
Bobby McMann,3.44,192.6,56,Center,2024
Alex Newhook,3.06,168.20000000000002,55,Center,2024
Morgan Geekie,3.52,267.6,76,Center,2024
Jack McBain,2.96,198.1,67,Center,2024
Ian Cole,2.45,190.8,78,Defense,2024
Luke Schenn,2.46,155.0,63,Defense,2024
Anton Lundell,2.97,231.6,78,Left Wing,2024
Garnet Hathaway,2.93,240.59999999999997,82,Right Wing,2024
Kent Johnson,1.88,78.80000000000001,42,Center,2024
Antti Raanta,5.23,104.6,20,Goalie,2024
Ilya Lyubushkin,2.42,179.2,74,Defense,2024
Will Borgen,3.02,247.6,82,Defense,2024
Matthew Poitras,2.37,78.3,33,Center,2024
Blake Wheeler,2.28,122.9,54,Right Wing,2024
Taylor Raddysh,1.42,103.39999999999999,73,Right Wing,2024
Ilya Mikheyev,2.05,159.79999999999998,78,Left Wing,2024
Trevor van Riemsdyk,1.85,129.2,70,Defense,2024
Darren Raddysh,3.03,248.6,82,Defense,2024
Pheonix Copley,5.49,43.88,8,Goalie,2024
Olen Zellweger,2.55,66.2,26,Defense,2024
Jack Campbell,2.43,12.14,5,Goalie,2024
Brandon Saad,2.58,211.70000000000002,82,Left Wing,2024
Matt Dumba,2.45,185.89999999999998,76,Defense,2024
Brett Pesce,2.24,156.8,70,Defense,2024
Josh Anderson,2.19,170.6,78,Right Wing,2024
Nicolas Hague,2.42,176.5,73,Defense,2024
Brendan Smith,2.73,172.2,63,Defense,2024
Andre Burakovsky,1.84,90.2,49,Right Wing,2024
Patrice Bergeron,0,0,0,Center,2024
Vincent Desharnais,2.22,173.2,78,Defense,2024
Nick Leddy,2.85,233.7,82,Defense,2024
Paul Cotter,2.47,187.8,76,Center,2024
Kaapo Kakko,1.99,121.30000000000001,61,Right Wing,2024
Brandt Clarke,2.94,47.0,16,Defense,2024
Keegan Kolesar,2.36,186.7,79,Right Wing,2024
Mackenzie Blackwood,4.6,188.45999999999998,41,Goalie,2024
Alexander Nylander,3.45,96.5,28,Left Wing,2024
Jordan Staal,2.41,192.60000000000002,80,Center,2024
Jesper Wallstedt,7.39,22.16,3,Goalie,2024
Dillon Dube,0.98,42.1,43,Center,2024
Justin Schultz,2.45,171.6,70,Defense,2024
Connor Zary,2.93,184.7,63,Center,2024
Erik Cernak,2.89,199.7,69,Defense,2024
Jason Zucker,3.0,207.3,69,Left Wing,2024
Jack Quinn,3.65,98.50000000000001,27,Right Wing,2024
Simon Benoit,2.74,175.5,64,Defense,2024
Braden Schneider,2.66,218.1,82,Defense,2024
Logan O'Connor,3.24,184.6,57,Right Wing,2024
Marcus Foligno,3.37,185.5,55,Right Wing,2024
Zach Benson,2.24,158.9,71,Left Wing,2024
Akira Schmid,4.4,65.98,15,Goalie,2024
Jacob Peterson,0.37,2.2,6,Center,2024
Mason Appleton,2.81,230.8,82,Right Wing,2024
Michael Carcone,2.52,186.39999999999998,74,Right Wing,2024
Zach Whitecloud,2.71,165.4,61,Defense,2024
Daniil Miromanov,2.61,62.7,24,Defense,2024
Fabian Lysell,0,0,0,Right Wing,2024
Henry Thrun,1.74,88.5,51,Defense,2024
Lane Hutson,3.45,6.8999999999999995,2,Defense,2024
Arthur Kaliyev,1.88,95.7,51,Right Wing,2024
Ryan McLeod,2.21,179.39999999999998,81,Center,2024
Matt Rempe,2.95,50.2,17,Center,2024
Josh Brown,2.99,152.5,51,Defense,2024
Ryan Lindgren,2.61,198.5,76,Defense,2024
John Marino,2.37,177.4,75,Defense,2024
Sam Lafferty,2.38,188.39999999999998,79,Center,2024
Ondrej Palat,2.59,184.2,71,Left Wing,2024
Alex Wennberg,2.4,189.79999999999998,79,Center,2024
Kyle Burroughs,2.19,160.1,73,Defense,2024
Anton Forsberg,5.39,150.82,28,Goalie,2024
Nico Daws,4.74,94.76,20,Goalie,2024
Calen Addison,1.93,138.79999999999998,72,Defense,2024
Matt Tomkins,5.88,35.3,6,Goalie,2024
Robin Lehner,0,0,0,Goalie,2024
Ty Smith,0,0,0,Defense,2024
Yegor Chinakhov,2.94,155.70000000000002,53,Right Wing,2024
Kevin Lankinen,7.58,128.88,17,Goalie,2024
Frank Nazar,0.3,0.9,3,Center,2024
Simon Edvinsson,2.07,33.099999999999994,16,Defense,2024
Connor McMichael,2.28,182.5,80,Center,2024
Stefan Noesen,2.92,236.60000000000002,81,Left Wing,2024
Dmitri Voronkov,2.97,222.7,75,Left Wing,2024
Ryan Reaves,1.68,82.4,49,Right Wing,2024
David Jiricek,1.86,80.1,43,Defense,2024
Anthony Beauvillier,1.83,109.7,60,Right Wing,2024
Kevin Korchinski,1.46,111.0,76,Defense,2024
Alex Vlasic,2.38,181.2,76,Defense,2024
Dmitry Kulikov,2.79,211.7,76,Defense,2024
Tyler Johnson,2.42,162.29999999999998,67,Center,2024
Nicholas Robertson,2.61,146.4,56,Left Wing,2024
Justin Holl,1.87,71.0,38,Defense,2024
Cole Sillinger,3.04,233.7,77,Center,2024
Kailer Yamamoto,1.6,94.60000000000001,59,Right Wing,2024
Brendan Gallagher,2.35,181.1,77,Right Wing,2024
Brett Kulak,2.0,164.1,82,Defense,2024
Alexander Holtz,1.71,140.3,82,Right Wing,2024
Ryan Suter,2.36,193.8,82,Defense,2024
Shakir Mukhamadullin,4.7,14.1,3,Defense,2024
Pius Suter,2.85,191.20000000000002,67,Center,2024
Liam O'Brien,2.51,188.0,75,Left Wing,2024
Kasperi Kapanen,1.74,127.3,73,Right Wing,2024
Ridly Greig,2.84,204.4,72,Center,2024
Phil Kessel,0,0,0,Right Wing,2024
Ryan Donato,2.19,171.1,78,Right Wing,2024
Calle Jarnkrok,2.73,141.70000000000002,52,Left Wing,2024
Teddy Blueger,2.66,180.89999999999998,68,Center,2024
Vladislav Kolyachonok,5.5,27.5,5,Defense,2024
Yaroslav Askarov,11.26,11.26,1,Goalie,2024
Cayden Primeau,6.54,137.3,21,Goalie,2024
Sebastian Aho,6.31,492.3,78,Center,2024
Adam Edstrom,2.0,22.0,11,Center,2024
Cutter Gauthier,4.6,4.6,1,Left Wing,2024
Victor Olofsson,1.62,82.7,51,Right Wing,2024
Tomas Tatar,1.95,136.3,70,Left Wing,2024
Tanner Pearson,1.65,89.19999999999999,54,Left Wing,2024
Justin Barron,2.48,119.1,48,Defense,2024
Jesse Ylonen,1.23,72.3,59,Right Wing,2024
Arvid Soderblom,2.84,82.38,29,Goalie,2024
Cole Smith,2.67,213.70000000000002,80,Left Wing,2024
Kiefer Sherwood,3.23,219.5,68,Left Wing,2024
Will Cuylle,2.44,197.8,81,Left Wing,2024
Mike Reilly,3.2,189.0,59,Defense,2024
Jacob Bernard-Docker,2.33,167.5,72,Defense,2024
Jordan Greenway,3.36,224.79999999999998,67,Left Wing,2024
Vladislav Namestnikov,2.94,229.7,78,Center,2024
Lars Eller,2.5,204.9,82,Center,2024
Daniil Tarasov,5.79,133.06,23,Goalie,2024
Brett Leason,2.26,153.7,68,Right Wing,2024
Michael McLeod,2.85,128.2,45,Center,2024
Carson Soucy,2.49,99.5,40,Defense,2024
Noah Cates,1.77,104.5,59,Left Wing,2024
Connor Mackey,4.5,4.5,1,Defense,2024
Nicklas Backstrom,0.76,6.1000000000000005,8,Center,2024
Beck Malenstyn,2.61,211.5,81,Left Wing,2024
Kevin Hayes,2.07,163.29999999999998,79,Center,2024
Barclay Goodrow,1.91,152.6,80,Center,2024
Olli Maatta,2.32,167.10000000000002,72,Defense,2024
Kaapo Kahkonen,4.18,138.06,33,Goalie,2024
Danton Heinen,3.22,238.60000000000002,74,Center,2024
Cal Clutterbuck,2.3,188.6,82,Right Wing,2024
Ivan Fedotov,0.46,0.46000000000000085,1,Goalie,2024
Alexander Barabanov,1.15,52.8,46,Left Wing,2024
Jarred Tinordi,2.51,130.7,52,Defense,2024
Joe Veleno,2.01,160.9,80,Center,2024
Brandon Tanev,2.44,161.2,66,Left Wing,2024
Matt Grzelcyk,2.12,133.7,63,Defense,2024
Marc McLaughlin,7.1,7.1000000000000005,1,Center,2024
Ryan Poehling,2.47,189.9,77,Center,2024
Henri Jokiharju,2.72,201.6,74,Defense,2024
Zach Parise,2.1,62.9,30,Left Wing,2024
Juuso Parssinen,1.86,81.9,44,Center,2024
Miles Wood,2.52,186.70000000000002,74,Left Wing,2024
Nic Dowd,2.72,173.9,64,Center,2024
Bobby Brink,2.3,131.3,57,Right Wing,2024
Mads Sogaard,2.1,10.52,5,Goalie,2024
Zack Bolduc,2.04,51.0,25,Center,2024
Matvei Michkov,0,0,0,Right Wing,2024
Wade Allison,0,0,0,Right Wing,2024
Danil Gushchin,2.47,9.899999999999999,4,Right Wing,2024
Andreas Athanasiou,1.75,49.10000000000001,28,Left Wing,2024
Carey Price,0,0,0,Goalie,2024
Marcus Johansson,1.93,150.4,78,Left Wing,2024
Louis Domingue,10.5,10.5,1,Goalie,2024
Matt Coronato,1.03,35.1,34,Right Wing,2024
Dante Fabbro,2.5,139.9,56,Defense,2024
Casey Cizikas,2.53,177.0,70,Center,2024
Travis Hamonic,1.87,89.6,48,Defense,2024
Tye Kartye,2.25,173.5,77,Left Wing,2024
Michael Eyssimont,2.66,215.4,81,Right Wing,2024
Milan Lucic,2.3,9.2,4,Left Wing,2024
Frederick Gaudreau,1.41,94.19999999999999,67,Center,2024
Marc-Edouard Vlasic,1.98,112.9,57,Defense,2024
Egor Zamula,2.72,179.8,66,Defense,2024
Nick Perbix,2.59,199.7,77,Defense,2024
Hendrix Lapierre,2.18,111.4,51,Center,2024
Jalen Chatfield,2.59,186.2,72,Defense,2024
Erik Johnson,1.84,123.0,67,Defense,2024
Jordan Harris,2.13,119.1,56,Defense,2024
Matt Murray,14.06,14.059999999999999,1,Goalie,2024
Michael Amadio,2.27,165.7,73,Right Wing,2024
Michael Pezzetta,2.43,148.5,61,Left Wing,2024
Thomas Bordeleau,2.31,62.3,27,Center,2024
Sonny Milano,2.73,133.9,49,Left Wing,2024
Pat Maroon,1.94,98.9,51,Left Wing,2024
Derek Forbort,2.38,83.4,35,Defense,2024
P.K. Subban,0,0,0,Defense,2024
Jakob Silfverberg,1.61,130.60000000000002,81,Right Wing,2024
Jackson LaCombe,2.1,148.8,71,Defense,2024
Michael McCarron,2.86,200.3,70,Right Wing,2024
Jordan Martinook,2.29,187.6,82,Left Wing,2024
Carl Grundstrom,2.15,107.39999999999999,50,Left Wing,2024
Sam Gagner,2.22,62.1,28,Center,2024
Justin Brazeau,3.19,60.7,19,Right Wing,2024
Curtis Lazar,2.83,200.8,71,Right Wing,2024
Joel Armia,2.69,177.3,66,Right Wing,2024
Nate Schmidt,2.4,151.3,63,Defense,2024
Pierre-Olivier Joseph,1.77,92.1,52,Defense,2024
Sam Carrick,2.11,162.3,77,Center,2024
Jimmy Vesey,1.95,156.1,80,Left Wing,2024
Will Smith,0,0,0,Center,2024
Jake Bean,1.86,134.2,72,Defense,2024
Luke Kunin,2.1,161.9,77,Center,2024
Mason Lohrei,2.78,113.9,41,Defense,2024
Yakov Trenin,2.48,188.4,76,Left Wing,2024
Josh Archibald,0,0,0,Right Wing,2024
Jack Johnson,2.18,174.4,80,Defense,2024
Jonathan Toews,0,0,0,Center,2024
Oliver Kylington,2.23,73.7,33,Defense,2024
Brandon Duhaime,1.95,155.7,80,Left Wing,2024
Nicolas Aube-Kubel,2.22,133.3,60,Right Wing,2024
Jet Greaves,5.79,46.34,8,Goalie,2024
Marat Khusnutdinov,1.52,24.3,16,Center,2024
Matt Benning,2.06,28.8,14,Defense,2024
Zdeno Chara,0,0,0,Defense,2024
Dan Vladar,4.65,88.32000000000001,19,Goalie,2024
Nils Lundkvist,2.45,144.7,59,Defense,2024
Scott Perunovich,2.26,121.89999999999999,54,Defense,2024
Kyle Okposo,2.36,158.1,67,Right Wing,2024
Zach Bogosian,2.75,178.5,65,Defense,2024
Alexey Toropchenko,2.26,185.0,82,Right Wing,2024
Caleb Jones,2.06,51.6,25,Defense,2024
Jake Evans,2.12,173.6,82,Center,2024
Marc Staal,1.77,61.9,35,Defense,2024
Justin Danforth,2.17,154.3,71,Right Wing,2024
Malcolm Subban,3.04,3.04,1,Goalie,2024
Ty Dellandrea,1.48,62.099999999999994,42,Right Wing,2024
Peyton Krebs,1.7,136.0,80,Center,2024
Tuukka Rask,0,0,0,Goalie,2024
Noel Acciari,2.0,110.19999999999999,55,Center,2024
Simon Holmstrom,2.15,161.0,75,Right Wing,2024
Ryker Evans,2.55,91.89999999999999,36,Defense,2024
Alex Laferriere,1.99,161.4,81,Right Wing,2024
Jordan Spence,2.5,177.3,71,Defense,2024
Nick Bonino,1.19,53.7,45,Center,2024
Noah Juulsen,2.38,128.4,54,Defense,2024
Jeff Carter,1.76,127.0,72,Center,2024
Luke Glendening,1.59,128.8,81,Right Wing,2024
Wayne Simmonds,0,0,0,Right Wing,2024
David Kampf,1.54,120.2,78,Center,2024
Oliver Wahlstrom,1.48,47.2,32,Right Wing,2024
Sammy Blais,1.68,88.9,53,Left Wing,2024
Ivan Prosvetov,5.86,46.84,8,Goalie,2024
Chris Driedger,6.05,12.1,2,Goalie,2024
Kevin Bahl,2.13,175.0,82,Defense,2024
Nicolas Deslauriers,1.68,100.69999999999999,60,Right Wing,2024
Jack Drury,2.17,160.60000000000002,74,Center,2024
Brandon Biro,1.88,9.4,5,Left Wing,2024
Connor Dewar,2.0,147.9,74,Center,2024
Jakob Pelletier,1.45,18.9,13,Left Wing,2024
Brayden Pachal,2.51,125.6,50,Defense,2024
Declan Chisholm,2.4,74.30000000000001,31,Defense,2024
Nikita Zaitsev,2.34,89.0,38,Defense,2024
Dylan Samberg,2.5,194.9,78,Defense,2024
Cal Foote,4.3,17.200000000000003,4,Defense,2024
Noah Gregor,1.93,121.29999999999998,63,Center,2024
Evgenii Dadonov,2.21,112.8,51,Right Wing,2024
Michael Kesselring,3.02,196.2,65,Defense,2024
Alexandre Texier,2.21,172.60000000000002,78,Center,2024
David Reinbacher,0,0,0,Defense,2024
Nico Sturm,1.23,77.5,63,Center,2024
Liam Ohgren,2.55,10.2,4,Left Wing,2024
Vasily Podkolzin,1.64,31.200000000000003,19,Right Wing,2024
Andreas Englund,2.03,166.2,82,Defense,2024
Sean Kuraly,2.39,147.9,62,Center,2024
Nick Blankenburg,1.89,22.7,12,Defense,2024
Pierre Engvall,2.16,159.5,74,Left Wing,2024
Ryan Leonard,0,0,0,Right Wing,2024
Jesper Fast,1.59,115.8,73,Right Wing,2024
Zemgus Girgensons,2.06,129.9,63,Center,2024
Pavel Francouz,0,0,0,Goalie,2024
Devin Cooley,3.96,23.740000000000002,6,Goalie,2024
Brett Howden,1.88,135.2,72,Left Wing,2024
Calvin de Haan,2.02,118.9,59,Defense,2024
Cody Glass,2.14,87.80000000000001,41,Center,2024
Johnny Beecher,1.71,88.7,52,Center,2024
Conor Timmins,3.48,87.0,25,Defense,2024
William Lagesson,2.04,81.5,40,Defense,2024
Nick Cousins,2.14,147.5,69,Center,2024
Matt Martin,1.97,112.5,57,Left Wing,2024
Radim Zohorna,1.58,52.3,33,Left Wing,2024
Kaedan Korczak,3.3,85.9,26,Defense,2024
Mike Hoffman,1.66,109.5,66,Left Wing,2024
Klim Kostin,1.94,101.1,52,Right Wing,2024
Marco Kasper,0,0,0,Center,2024
Ivan Miroshnichenko,2.04,42.8,21,Left Wing,2024
Erik Brannstrom,2.43,184.60000000000002,76,Defense,2024
Matt Savoie,0.0,0.0,1,Center,2024
Kurtis MacDermid,1.59,71.5,45,Defense,2024
Radek Faksa,1.93,143.0,74,Center,2024
Alex Goligoski,2.06,74.19999999999999,36,Defense,2024
Blake Lizotte,2.04,126.2,62,Center,2024
Braden Holtby,0,0,0,Goalie,2024
Zac Jones,2.18,67.69999999999999,31,Defense,2024
Nathan Bastian,1.86,100.69999999999999,54,Right Wing,2024
Brayden Yager,0,0,0,Center,2024
Jan Rutta,2.34,161.7,69,Defense,2024
David Krejci,0,0,0,Center,2024
Ryan Lomberg,1.64,123.29999999999998,75,Left Wing,2024
Jacob MacDonald,2.08,70.7,34,Defense,2024
Urho Vaakanainen,1.99,135.3,68,Defense,2024
Joel Edmundson,1.75,92.9,53,Defense,2024
Sam Steel,1.92,147.5,77,Center,2024
Valtteri Puustinen,2.28,118.6,52,Left Wing,2024
Eric Comrie,2.28,22.840000000000003,10,Goalie,2024
Nikita Okhotiuk,2.21,115.1,52,Defense,2024
Jesse Puljujarvi,1.8,39.6,22,Right Wing,2024
Oskar Sundqvist,2.07,147.1,71,Center,2024
Filip Zadina,1.51,108.5,72,Right Wing,2024
Austin Watson,2.55,76.39999999999999,30,Right Wing,2024
Ross Johnston,1.42,96.80000000000001,68,Left Wing,2024
Jon Merrill,1.62,105.0,65,Defense,2024
Chad Ruhwedel,1.28,66.7,52,Defense,2024
Vasily Ponomarev,4.35,8.7,2,Center,2024
Alex Turcotte,1.49,29.700000000000003,20,Center,2024
Tyson Jost,1.04,44.6,43,Center,2024
Aliaksei Protas,1.94,151.5,78,Center,2024
Philip Broberg,1.13,13.6,12,Defense,2024
Andrew Cogliano,1.72,129.3,75,Center,2024
Joe Thornton,0,0,0,Center,2024
Mavrik Bourque,0.7,0.7,1,Center,2024
Jonatan Berggren,2.21,26.500000000000004,12,Right Wing,2024
Vinnie Hinostroza,1.39,19.5,14,Right Wing,2024
Isac Lundestrom,1.65,76.1,46,Center,2024
Joel Ward,0,0,0,Right Wing,2024
Sebastian Cossa,0,0,0,Goalie,2024
Colin Miller,2.47,113.6,46,Defense,2024
Phillip Di Giuseppe,1.82,92.89999999999999,51,Left Wing,2024
Conor Sheary,1.45,82.5,57,Left Wing,2024
Kevin Stenlund,1.7,138.0,81,Right Wing,2024
Dominic Toninato,2.64,39.6,15,Center,2024
Jonny Brodzinski,1.88,107.0,57,Center,2024
David Gustafsson,1.27,49.699999999999996,39,Center,2024
Wyatt Kaiser,2.1,67.2,32,Defense,2024
Johnathan Kovacevic,2.45,151.8,62,Defense,2024
Derek Ryan,1.28,89.3,70,Right Wing,2024
Matthew Wood,0,0,0,Left Wing,2024
Ben Hutton,2.56,104.9,41,Defense,2024
Travis Boyd,2.51,40.1,16,Center,2024
Rutger McGroarty,0,0,0,Right Wing,2024
Jiri Kulich,-0.8,-0.8,1,Center,2024
Pierre-Edouard Bellemare,1.44,57.7,40,Right Wing,2024
Craig Smith,1.82,136.4,75,Right Wing,2024
Gabriel Perreault,0,0,0,Right Wing,2024
Jakub Lauko,1.75,105.1,60,Right Wing,2024
Morgan Barron,2.04,163.4,80,Center,2024
William Carrier,2.12,82.5,39,Left Wing,2024
Jaycob Megna,1.52,67.0,44,Defense,2024
Nate Danielson,0,0,0,Center,2024
Joshua Roy,2.17,49.9,23,Left Wing,2024
Dakota Mermis,1.97,92.5,47,Defense,2024
Jiri Patera,4.7,23.5,5,Goalie,2024
Parker Kelly,2.1,167.9,80,Center,2024
Trevor Lewis,1.93,157.9,82,Center,2024
Akil Thomas,3.19,22.3,7,Center,2024
Jaroslav Halak,0,0,0,Goalie,2024
Axel Sandin Pellikka,0,0,0,Defense,2024
Parker Wotherspoon,2.7,110.89999999999999,41,Defense,2024
Ethan Bear,1.7,40.8,24,Defense,2024
Ben Meyers,0.93,21.299999999999997,23,Right Wing,2024
Mattias Janmark,1.29,91.4,71,Right Wing,2024
Easton Cowan,0,0,0,Right Wing,2024
Jimmy Snuggerud,0,0,0,Right Wing,2024
Oliver Moore,0,0,0,Center,2024
Christian Fischer,1.83,144.4,79,Right Wing,2024
Tom Willander,0,0,0,Defense,2024
Robert Bortuzzo,1.69,45.7,27,Defense,2024
Gustav Lindstrom,2.56,117.8,46,Defense,2024
Joel Kiviranta,1.39,78.1,56,Left Wing,2024
Christian Dvorak,1.67,50.0,30,Left Wing,2024
Alex Barre-Boulet,1.42,51.1,36,Left Wing,2024
Logan Stanley,2.49,62.199999999999996,25,Defense,2024
Dalibor Dvorsky,0,0,0,Center,2024
Duncan Keith,0,0,0,Defense,2024
Colin Blackwell,2.29,100.8,44,Center,2024
Eric Robinson,1.68,79.0,47,Left Wing,2024
Gavin Brindley,0.0,0.0,1,Center,2024
Artyom Zagidulin,0,0,0,Goalie,2024
Pontus Holmberg,2.25,121.3,54,Center,2024
Adam Ruzicka,1.17,49.0,42,Center,2024
Bradly Nadeau,-1.9,-1.9,1,Center,2024
Cal Petersen,4.27,17.080000000000002,4,Goalie,2024
Matthew Kessel,2.11,82.4,39,Defense,2024
Jordie Benn,0,0,0,Defense,2024
Bokondji Imama,1.73,10.4,6,Left Wing,2024
Mike Smith,0,0,0,Goalie,2024
Ville Heinola,0,0,0,Defense,2024
Travis Dermott,1.55,77.5,50,Defense,2024
MacKenzie Entwistle,1.36,91.1,67,Right Wing,2024
Tomas Nosek,1.06,38.300000000000004,36,Center,2024
Eric Staal,0,0,0,Center,2024
Marco Scandella,1.49,96.9,65,Defense,2024
Emil Bemstrom,1.92,107.69999999999999,56,Center,2024
Jesper Boqvist,2.17,101.8,47,Center,2024
Cole Guttman,1.43,38.6,27,Center,2024
Quentin Musty,0,0,0,Left Wing,2024
Tyler Motte,1.51,104.3,69,Center,2024
Mathieu Olivier,2.55,137.5,54,Center,2024
Tyler Pitlick,1.24,42.199999999999996,34,Right Wing,2024
Craig Anderson,0,0,0,Goalie,2024
Hunter Shepard,6.3,25.2,4,Goalie,2024
Ian Mitchell,2.05,26.599999999999998,13,Defense,2024
Reese Johnson,1.29,54.2,42,Right Wing,2024
Givani Smith,1.28,46.099999999999994,36,Right Wing,2024
Samuel Fagemo,1.32,10.6,8,Left Wing,2024
Brendan Lemieux,1.98,63.5,32,Left Wing,2024
Felix Sandstrom,1.46,4.379999999999999,3,Goalie,2024
Josh Mahura,2.37,71.0,30,Defense,2024
Haydn Fleury,2.75,66.0,24,Defense,2024
Hudson Fasching,1.62,72.7,45,Right Wing,2024
Tyler Tucker,2.19,56.9,26,Defense,2024
Ryan Johnson,1.54,63.2,41,Defense,2024
Mason Morelli,2.79,25.1,9,Left Wing,2024
Jake Muzzin,0,0,0,Defense,2024
John Ludvig,2.02,66.6,33,Defense,2024
Jayden Struble,2.26,126.6,56,Defense,2024
Nick DeSimone,2.05,69.6,34,Defense,2024
Jonathan Lekkerimaki,0,0,0,Right Wing,2024
Conor Geekie,0,0,0,Center,2024
Max Willman,1.68,30.2,18,Center,2024
Michael DiPietro,0,0,0,Goalie,2024
Dennis Wideman,0,0,0,Defense,2024
Denton Mateychuk,0,0,0,Defense,2024
Max Jones,2.1,109.1,52,Left Wing,2024
Mark Jankowski,2.76,88.4,32,Center,2024
Jean-Luc Foudy,1.35,5.4,4,Right Wing,2024
Nathan Walker,2.31,104.1,45,Center,2024
Sammy Walker,-0.32,-1.2999999999999998,4,Left Wing,2024
Mackie Samoskevich,0.31,2.2,7,Left Wing,2024
Jonah Gadjovich,2.0,78.1,39,Left Wing,2024
Brian Elliott,0,0,0,Goalie,2024
Michael Stone,0,0,0,Defense,2024
Lukas Cormier,4.2,8.399999999999999,2,Defense,2024
Mark Friedman,1.89,43.4,23,Defense,2024
Joel Hanley,1.76,73.8,42,Defense,2024
Kevin Labanc,1.02,46.8,46,Right Wing,2024
Joakim Kemell,0,0,0,Right Wing,2024
Matt Nieto,1.36,29.9,22,Left Wing,2024
Anton Khudobin,0,0,0,Goalie,2024
Isaak Phillips,1.34,44.099999999999994,33,Defense,2024
Dmitriy Simashev,0,0,0,Defense,2024
Brendan Brisson,2.4,36.0,15,Center,2024
Georgi Romanov,0,0,0,Goalie,2024
Dylan Wells,0,0,0,Goalie,2024
Adam Gajan,0,0,0,Goalie,2024
Drew Commesso,0,0,0,Goalie,2024
Oliver Bonk,0,0,0,Defense,2024
Daniil But,0,0,0,Left Wing,2024
Magnus Chrona,1.94,15.5,8,Goalie,2024
Victor Soderstrom,1.03,3.0999999999999996,3,Defense,2024
Ryan Getzlaf,0,0,0,Center,2024
Colby Barlow,0,0,0,Left Wing,2024
Magnus Hellberg,13.98,13.98,1,Goalie,2024
Robert Hagg,1.46,7.300000000000001,5,Defense,2024
Alexander Yelesin,0,0,0,Defense,2024
Nick Ritchie,0,0,0,Left Wing,2024
Julien Gauthier,2.29,61.8,27,Right Wing,2024
Jason Spezza,0,0,0,Center,2024
Steven Lorentz,0.96,36.599999999999994,38,Center,2024
Jansen Harkins,1.03,46.5,45,Center,2024
Alexander Edler,0,0,0,Defense,2024
Egor Yakovlev,0,0,0,Defense,2024
Jacob Bryson,1.9,68.5,36,Defense,2024
Alexander Alexeyev,1.39,54.099999999999994,39,Defense,2024
Rasmus Kupari,0.59,16.4,28,Center,2024
Danil  Yurtaykin,0,0,0,Left Wing,2024
Adam Erne,1.32,31.6,24,Left Wing,2024
Calle Rosen,1.45,8.7,6,Defense,2024
Ty Emberson,2.98,89.3,30,Defense,2024
Alex Galchenyuk,0,0,0,Left Wing,2024
Brad Lambert,4.9,4.9,1,Center,2024
Vinni Lettieri,1.54,70.8,46,Center,2024
Tristan Luneau,2.99,20.9,7,Defense,2024
Danila Yurov,0,0,0,Right Wing,2024
Mason Shaw,1.8,36.099999999999994,20,Center,2024
Luke Witkowski,0,0,0,Left Wing,2024
Zack MacEwen,1.54,46.1,30,Center,2024
A.J. Greer,1.66,97.9,59,Left Wing,2024
Thomas Greiss,0,0,0,Goalie,2024
Trey Augustine,0,0,0,Goalie,2024
Jordan Oesterle,1.29,28.4,22,Defense,2024
Justin Bailey,1.44,85.1,59,Right Wing,2024
Gemel Smith,0,0,0,Center,2024
Chris Wideman,0,0,0,Defense,2024
Aatu Raty,0,0,0,Center,2024
Fraser Minten,0.65,2.6,4,Center,2024
Boris Katchouk,1.52,89.5,59,Left Wing,2024
Michael Hrabal,0,0,0,Goalie,2024
Emil Martinsen Lilleberg,1.87,69.1,37,Defense,2024
Joey Anderson,1.75,96.39999999999999,55,Right Wing,2024
Andrew Cristall,0,0,0,Left Wing,2024
Alex Formenton,0,0,0,Left Wing,2024
Dysin Mayo,0,0,0,Defense,2024
Patrick Wiercioch,0,0,0,Defense,2024
Ryan Ellis,0,0,0,Defense,2024
Collin Graf,1.41,9.9,7,Left Wing,2024
Carl Hagelin,0,0,0,Left Wing,2024
Brennan Othmann,1.07,3.2,3,Left Wing,2024
Matthew Phillips,0.85,26.2,31,Center,2024
Eetu Makiniemi,0,0,0,Goalie,2024
Jack LaFontaine,0,0,0,Goalie,2024
Anton Stralman,0,0,0,Defense,2024
Jakub Voracek,0,0,0,Right Wing,2024
Zack Kassian,0,0,0,Right Wing,2024
Hunter Miska,0,0,0,Goalie,2024
Jonathan Bernier,0,0,0,Goalie,2024
Nick Holden,0,0,0,Defense,2024
Madison Bowey,0,0,0,Defense,2024
Louie Belpedio,3.38,40.599999999999994,12,Defense,2024
Tobias Bjornfot,0.8,3.2,4,Defense,2024
Fredrik Olofsson,1.11,63.3,57,Left Wing,2024
Ryan Suzuki,0,0,0,Center,2024
Oskar Steen,1.02,34.599999999999994,34,Center,2024
Antti Niemi,0,0,0,Goalie,2024
Hugo Alnefelt,0,0,0,Goalie,2024
Sam Malinski,3.19,73.4,23,Defense,2024
Riley Stillman,0,0,0,Defense,2024
Keith Yandle,0,0,0,Defense,2024
Nolan Patrick,0,0,0,Center,2024
Nils Aman,1.11,47.8,43,Center,2024
Arshdeep Bains,0.09,0.6999999999999997,8,Left Wing,2024
Jasper Weatherby,0,0,0,Center,2024
Adam Beckman,1.36,15.0,11,Center,2024
Elmer Soderblom,0,0,0,Left Wing,2024
Mikko Koskinen,0,0,0,Goalie,2024
Jaxson Stauber,0,0,0,Goalie,2024
Ryan Shea,0.95,29.5,31,Defense,2024
Dryden Hunt,2.21,62.0,28,Left Wing,2024
Sean Farrell,0,0,0,Left Wing,2024
Nolan Foote,1.52,6.1,4,Left Wing,2024
Tyce Thompson,0,0,0,Right Wing,2024
Noah Ostlund,0,0,0,Center,2024
Collin Delia,0,0,0,Goalie,2024
Cory Schneider,0,0,0,Goalie,2024
Dennis Gilbert,2.12,72.1,34,Defense,2024
Kevan Miller,0,0,0,Defense,2024
Dylan McIlrath,3.3,9.9,3,Defense,2024
Evgeny Svechnikov,0,0,0,Left Wing,2024
Jack Studnicka,0.57,12.599999999999998,22,Center,2024
Jujhar Khaira,0.7,0.7,1,Left Wing,2024
Landon Slaggert,1.61,25.8,16,Left Wing,2024
Niklas Svedberg,0,0,0,Goalie,2024
Alex Stalock,0,0,0,Goalie,2024
Colton White,0,0,0,Defense,2024
Oskar Lindblom,-0.2,-0.19999999999999996,1,Left Wing,2024
Samuel Honzek,0,0,0,Center,2024
Calum Ritchie,0,0,0,Center,2024
Eduard Sale,0,0,0,Right Wing,2024
Colin White,0.43,12.0,28,Center,2024
Patric Hornqvist,0,0,0,Right Wing,2024
Justin Dowling,1.7,3.4,2,Center,2024
Mitchell Chaffee,2.33,70.0,30,Right Wing,2024
Sam Poulin,1.0,3.0,3,Left Wing,2024
Max Comtois,3.2,3.2,1,Left Wing,2024
Olle Eriksson Ek,0,0,0,Goalie,2024
Radim Simek,0,0,0,Defense,2024
Justin Braun,0,0,0,Defense,2024
Kale Clague,1.77,5.3,3,Defense,2024
Victor Mete,0.5,0.5,1,Defense,2024
Ronnie Attard,2.27,27.200000000000003,12,Defense,2024
Patrick Brown,0.81,8.899999999999999,11,Center,2024
Mark Kastelic,1.76,110.9,63,Center,2024
Jett Alexander,0,0,0,Goalie,2024
Zach Fucale,0,0,0,Goalie,2024
Jordan Gross,0,0,0,Defense,2024
Matt Irwin,0,0,0,Defense,2024
Tucker Poolman,0,0,0,Defense,2024
Reilly Walsh,0,0,0,Defense,2024
Samuel Bolduc,1.71,58.1,34,Defense,2024
Igor Ozhiganov,0,0,0,Defense,2024
Paul Stastny,0,0,0,Center,2024
Felix Unger Sorum,0,0,0,Right Wing,2024
Kasimir Kaskisuo,0,0,0,Goalie,2024
Jeff Glass,0,0,0,Goalie,2024
Kenneth Appleby,0,0,0,Goalie,2024
Scott Harrington,0,0,0,Defense,2024
Brad Hunt,0,0,0,Defense,2024
Owen Pickering,0,0,0,Defense,2024
Dan Girardi,0,0,0,Defense,2024
Dustin Brown,0,0,0,Right Wing,2024
Alex Chiasson,0,0,0,Right Wing,2024
Chris Tierney,1.26,65.6,52,Center,2024
Eddie Lack,0,0,0,Goalie,2024
Erik Kallgren,0,0,0,Goalie,2024
Patrik Nemeth,0,0,0,Defense,2024
Nikolai Knyzhov,1.22,12.2,10,Defense,2024
Jakub Zboril,0,0,0,Defense,2024
Devin Shore,1.4,29.5,21,Center,2024
Loui Eriksson,0,0,0,Left Wing,2024
Derick Brassard,0,0,0,Center,2024
Zach Aston-Reese,0.57,1.7,3,Center,2024
Kyle MacLean,2.03,64.9,32,Center,2024
Josh Bailey,0,0,0,Left Wing,2024
Denis Gurianov,1.27,22.799999999999997,18,Left Wing,2024
Alexei Melnichuk,0,0,0,Goalie,2024
Leevi Merilainen,0,0,0,Goalie,2024
Mike Condon,0,0,0,Goalie,2024
Dylan Ferguson,0,0,0,Goalie,2024
Danny Taylor,0,0,0,Goalie,2024
Andrew Hammond,0,0,0,Goalie,2024
Slater Koekkoek,0,0,0,Defense,2024
Mikhail Gulyayev,0,0,0,Defense,2024
Philippe Myers,1.04,5.2,5,Defense,2024
Lucas Carlsson,0,0,0,Defense,2024
Jake Christiansen,1.24,14.9,12,Defense,2024
Andy Greene,0,0,0,Defense,2024
Nathan Beaulieu,0,0,0,Defense,2024
Ryan Carpenter,1.08,66.80000000000001,62,Center,2024
Bo Groulx,1.14,51.4,45,Center,2024
Riley Heidt,0,0,0,Center,2024
Walker Duehr,1.28,51.2,40,Right Wing,2024
Austin Czarnik,0.6,20.3,34,Right Wing,2024
Par  Lindholm,0,0,0,Center,2024
Zach Sawchenko,0,0,0,Goalie,2024
Harri Sateri,0,0,0,Goalie,2024
Adam Huska,0,0,0,Goalie,2024
Dustin Tokarski,0,0,0,Goalie,2024
Connor Carrick,0,0,0,Defense,2024
Akito Hirose,1.47,4.4,3,Defense,2024
Cole McWard,0.2,0.2,1,Defense,2024
Tanner Molendyk,0,0,0,Defense,2024
Dylan Coghlan,0.4,0.40000000000000013,1,Defense,2024
Greg McKegg,0,0,0,Center,2024
Nikita Alexandrov,0.76,17.5,23,Center,2024
Jacob Lucchini,0.98,39.199999999999996,40,Left Wing,2024
Alex Burrows,0,0,0,Right Wing,2024
Matthew Berlin,0,0,0,Goalie,2024
Garret Sparks,0,0,0,Goalie,2024
Troy Grosenick,0,0,0,Goalie,2024
Dennis Hildeby,0,0,0,Goalie,2024
Michael Hutchinson,3.26,3.26,1,Goalie,2024
Maxime Lagace,0,0,0,Goalie,2024
Aaron Dell,0,0,0,Goalie,2024
Keith Kinkaid,0,0,0,Goalie,2024
Ryan Murray,0,0,0,Defense,2024
Mark Borowiecki,0,0,0,Defense,2024
Michael Del Zotto,0,0,0,Defense,2024
Olli Juolevi,0,0,0,Defense,2024
Andrej Sekera,0,0,0,Defense,2024
Marc Del Gaizo,2.99,26.9,9,Defense,2024
Cale Fleury,2.1,2.0999999999999996,1,Defense,2024
Marcus Bjork,0,0,0,Defense,2024
Sami Niku,0,0,0,Defense,2024
Uvis Balinskis,1.36,35.4,26,Defense,2024
Jaret Anderson-Dolan,1.43,44.4,31,Center,2024
Oskar Olausson,1.7,1.7,1,Right Wing,2024
Jonas Rondbjerg,1.21,24.1,20,Right Wing,2024
Andrew Poturalski,-0.5,-1.0,2,Center,2024
Darren Archibald,0,0,0,Left Wing,2024
Isaac Howard,0,0,0,Left Wing,2024
Filip Mesar,0,0,0,Right Wing,2024
Owen Beck,0,0,0,Center,2024
Shane Starrett,0,0,0,Goalie,2024
Keith Petruzzelli,0,0,0,Goalie,2024
Michael McNiven,0,0,0,Goalie,2024
Markus Nutivaara,0,0,0,Defense,2024
Brinson Pasichnuk,0,0,0,Defense,2024
Santeri Hatakka,2.23,26.8,12,Defense,2024
Jake Chelios,0,0,0,Defense,2024
Mark Streit,0,0,0,Defense,2024
Derek Grant,0,0,0,Center,2024
Darren Helm,0,0,0,Center,2024
Brock McGinn,1.03,24.6,24,Left Wing,2024
Jan Jenik,1.84,9.2,5,Center,2024
Nikita Nesterenko,2.5,7.5,3,Left Wing,2024
Zachary L'Heureux,0,0,0,Left Wing,2024
Chris Kunitz,0,0,0,Left Wing,2024
Andrew Ladd,0,0,0,Left Wing,2024
Brian Boyle,0,0,0,Center,2024
Anthony Richard,2.52,22.700000000000003,9,Center,2024
Josiah Slavin,0,0,0,Left Wing,2024
Landon Bow,0,0,0,Goalie,2024
Damian Clara,0,0,0,Goalie,2024
Jared Coreau,0,0,0,Goalie,2024
Carson Bjarnason,0,0,0,Goalie,2024
Jon Gillies,0,0,0,Goalie,2024
Michael Houser,0,0,0,Goalie,2024
Jason Demers,0,0,0,Defense,2024
Lukas Dragicevic,0,0,0,Defense,2024
Lian Bichsel,0,0,0,Defense,2024
Sam Rinzel,0,0,0,Defense,2024
Nicolas Beaudin,0,0,0,Defense,2024
Tyler Kleven,1.32,11.9,9,Defense,2024
John Leonard,1.13,6.8,6,Left Wing,2024
Otto Stenberg,0,0,0,Center,2024
Carson Rehkopf,0,0,0,Left Wing,2024
Riley Tufte,2.22,11.1,5,Left Wing,2024
Connor Bunnaman,0,0,0,Left Wing,2024
Paul Byron,0,0,0,Left Wing,2024
Michael Sgarbossa,1.6,40.1,25,Center,2024
Olle Lycksell,1.47,26.5,18,Right Wing,2024
Joe Snively,-0.23,-0.7,3,Right Wing,2024
Gracyn Sawchyn,0,0,0,Center,2024
Logan Brown,0,0,0,Center,2024
Rem Pitlick,0.14,1.2999999999999998,9,Center,2024
Tom Hodges,0,0,0,Goalie,2024
Carter Hutton,0,0,0,Goalie,2024
Ilya Solovyov,2.58,15.5,6,Defense,2024
Ben Lovejoy,0,0,0,Defense,2024
Libor Hajek,0,0,0,Defense,2024
Jacob Larsson,0,0,0,Defense,2024
Thomas Hickey,0,0,0,Defense,2024
Jack St. Ivany,1.63,22.8,14,Defense,2024
Lucas Johansen,1.8,10.8,6,Defense,2024
Denis Malgin,0,0,0,Center,2024
Chris Wagner,2.13,27.699999999999996,13,Right Wing,2024
Max McCormick,0.0,0.0,1,Left Wing,2024
Martin Frk,0,0,0,Right Wing,2024
Gage Quinney,0,0,0,Left Wing,2024
Vladimir Tkachev,0,0,0,Left Wing,2024
Filip Bystedt,0,0,0,Center,2024
Derek Stepan,0,0,0,Center,2024
Isak Rosen,-0.06,-0.3999999999999999,7,Left Wing,2024
Anton Wahlberg,0,0,0,Center,2024
Lukas Rousek,0.72,10.8,15,Right Wing,2024
William Lockwood,1.2,31.1,26,Right Wing,2024
Mackenzie MacEachern,0.81,6.5,8,Left Wing,2024
Jacob Perreault,0,0,0,Right Wing,2024
Josef Korenar,0,0,0,Goalie,2024
Kaden Fulcher,0,0,0,Goalie,2024
Kevin  Boyle,0,0,0,Goalie,2024
Maveric Lamoureux,0,0,0,Defense,2024
Maxime Lajoie,2.01,14.1,7,Defense,2024
Andrew Gibson,0,0,0,Defense,2024
Zach Sanford,1.42,41.3,29,Left Wing,2024
Alexander Radulov,0,0,0,Right Wing,2024
Cody McLeod,0,0,0,Left Wing,2024
Cole Schwindt,0.45,1.8,4,Right Wing,2024
Sampo Ranta,0,0,0,Left Wing,2024
James Hamblin,1.01,31.400000000000002,31,Right Wing,2024
Aidan McDonough,0,0,0,Left Wing,2024
Zac Dalpe,0,0,0,Right Wing,2024
David Desharnais,0,0,0,Center,2024
Waltteri Merela,1.13,21.400000000000002,19,Right Wing,2024
Kyle Capobianco,0,0,0,Defense,2024
John Moore,0,0,0,Defense,2024
Alex Biega,0,0,0,Defense,2024
Danny DeKeyser,0,0,0,Defense,2024
Kevin Czuczman,0,0,0,Defense,2024
Patrik Koch,4.9,4.9,1,Defense,2024
Kyle Quincey,0,0,0,Defense,2024
Brogan Rafferty,0,0,0,Defense,2024
Zachary Hayes,0,0,0,Defense,2024
David Schlemko,0,0,0,Defense,2024
Josh Gorges,0,0,0,Defense,2024
Emil Andrae,0.65,2.6,4,Defense,2024
Joonas Donskoi,0,0,0,Right Wing,2024
John Hayden,0.3,0.5999999999999999,2,Right Wing,2024
Drake Caggiula,0,0,0,Left Wing,2024
Adam Gaudette,1.45,2.9,2,Center,2024
Axel Jonsson-Fjallby,1.56,40.5,26,Left Wing,2024
David Edstrom,0,0,0,Center,2024
Egor Afanasyev,1.4,2.8,2,Left Wing,2024
James Neal,0,0,0,Right Wing,2024
Jackson Cates,0,0,0,Center,2024
Justin Sourdif,0.97,2.9,3,Right Wing,2024
Cole Koepke,1.49,13.399999999999999,9,Left Wing,2024
Alex Steeves,1.0,0.9999999999999998,1,Right Wing,2024
Marshall Rifai,1.6,3.2,2,Defense,2024
Danny Nelson,0,0,0,Center,2024
Angus Crookshank,1.84,23.9,13,Left Wing,2024
Lukas Vejdemo,0,0,0,Center,2024
Rourke Chartier,0.92,34.1,37,Center,2024
Kevin Mandolese,0,0,0,Goalie,2024
Yaniv Perets,0,0,0,Goalie,2024
Jean-Francois Berube,0,0,0,Goalie,2024
Christian Wolanin,0,0,0,Defense,2024
Louis Crevier,0.88,9.7,11,Defense,2024
Tristan Bertucci,0,0,0,Defense,2024
Beau Akey,0,0,0,Defense,2024
Mason Geertsen,0,0,0,Defense,2024
Filip Roos,-0.12,-0.5,4,Defense,2024
Kris Russell,0,0,0,Defense,2024
Mikko Lehtonen,0,0,0,Defense,2024
Mark Pysyk,0,0,0,Defense,2024
Nate Prosser,0,0,0,Defense,2024
Juuso Riikola,0,0,0,Defense,2024
Fredrik Claesson,0,0,0,Defense,2024
Vincent Iorio,0.77,4.6,6,Defense,2024
Paul Postma,0,0,0,Defense,2024
Paul LaDue,0,0,0,Defense,2024
Jonathan Dahlen,0,0,0,Right Wing,2024
Sheldon Rempal,1.88,16.9,9,Right Wing,2024
Ryan Winterton,0.6,5.4,9,Center,2024
Matej Blumel,0,0,0,Left Wing,2024
Raphael Lavoie,0.46,3.2,7,Center,2024
CJ Suess,0,0,0,Left Wing,2024
Dylan Gambrell,0,0,0,Center,2024
Rudolfs Balcers,0,0,0,Left Wing,2024
Riley Nash,0.2,0.2,1,Center,2024
Mike Vecchione,0,0,0,Center,2024
William Dufour,0,0,0,Right Wing,2024
Mikael Pyyhtia,1.06,18.1,17,Left Wing,2024
James Malatesta,2.75,30.199999999999996,11,Left Wing,2024
P.A. Parenteau,0,0,0,Right Wing,2024
Greg Pateryn,0,0,0,Defense,2024
Cam Dineen,0,0,0,Defense,2024
Jacob Moverare,0.98,23.5,24,Defense,2024
Gustav Olofsson,1.5,1.5,1,Defense,2024
Derrick Pouliot,0.74,3.7,5,Defense,2024
Cody Franson,0,0,0,Defense,2024
Adam Ginning,1.79,16.1,9,Defense,2024
Logan Mailloux,6.2,6.2,1,Defense,2024
Grant Hutton,1.35,2.7,2,Defense,2024
Anders Bjork,0,0,0,Left Wing,2024
Kevin Rooney,1.55,51.0,33,Center,2024
Vitali Kravtsov,0,0,0,Left Wing,2024
Pavol Regenda,1.36,6.8,5,Center,2024
Linus Karlsson,0.68,2.7,4,Center,2024
Martin Misiak,0,0,0,Right Wing,2024
Carey Terrance,0,0,0,Center,2024
Melker  Karlsson,0,0,0,Right Wing,2024
Jeffrey Viel,0,0,0,Left Wing,2024
Reid Schaefer,0,0,0,Left Wing,2024
Hugh McGing,-0.18,-0.9000000000000004,5,Center,2024
Adam Klapka,2.63,15.8,6,Right Wing,2024
Max Veronneau,0,0,0,Right Wing,2024
Antoine Roussel,0,0,0,Left Wing,2024
Jonathan Gruden,1.36,17.7,13,Center,2024
Egor Sokolov,0,0,0,Left Wing,2024
Joona Koppanen,0.68,2.7,4,Left Wing,2024
Tyler Ennis,0,0,0,Left Wing,2024
Marc Johnstone,-0.4,-0.4,1,Right Wing,2024
Trey Fix-Wolansky,1.94,21.3,11,Right Wing,2024
Curtis Valk,0,0,0,Center,2024
Jake Leschyshyn,-0.5,-0.5,1,Center,2024
Rasmus Asplund,0,0,0,Center,2024
Liam Foudy,0.96,12.5,13,Right Wing,2024
Matt Villalta,-0.72,-0.7199999999999998,1,Goalie,2024
Matt Tennyson,0,0,0,Defense,2024
Daemon Hunt,1.28,15.3,12,Defense,2024
Jack Ahcan,0,0,0,Defense,2024
Trevor Carrick,0,0,0,Defense,2024
Markus Niemelainen,0,0,0,Defense,2024
Drew Helleson,0,0,0,Defense,2024
Spencer Stastney,2.33,46.5,20,Defense,2024
Guillaume Brisebois,0,0,0,Defense,2024
Ryan Merkley,0,0,0,Defense,2024
Dean Kukan,0,0,0,Defense,2024
Brennan Menell,0,0,0,Defense,2024
Mattias Norlinder,0,0,0,Defense,2024
Jack Thompson,0,0,0,Defense,2024
Maxence Guenette,0.8,5.6,7,Defense,2024
Billy Sweezey,0,0,0,Defense,2024
Brady Cleveland,0,0,0,Defense,2024
Gabriel Carlsson,0,0,0,Defense,2024
Brian Lashoff,0,0,0,Defense,2024
Joey Keane,0,0,0,Defense,2024
Ben Harpur,0,0,0,Defense,2024
Austin Strand,0,0,0,Defense,2024
Jack Rathbone,0,0,0,Defense,2024
Brett Connolly,0,0,0,Right Wing,2024
Kyle Turris,0,0,0,Center,2024
Austin Poganski,0,0,0,Right Wing,2024
Nick Swaney,0,0,0,Right Wing,2024
J.T.  Brown,0,0,0,Right Wing,2024
Mike Hardman,0,0,0,Right Wing,2024
Milos Kelemen,0.77,7.7,10,Left Wing,2024
Zach Dean,0.59,5.3,9,Center,2024
Kasper Halttunen,0,0,0,Right Wing,2024
Andreas Martinsen,0,0,0,Left Wing,2024
Charles Hudon,0,0,0,Left Wing,2024
Marian Studenic,0.5,1.0,2,Right Wing,2024
Fredrik Karlstrom,0,0,0,Center,2024
Luke Philp,0,0,0,Center,2024
Brayden Tracey,0,0,0,Left Wing,2024
Kole Lind,0.6,0.6,1,Right Wing,2024
Isaac Ratcliffe,0,0,0,Left Wing,2024
Gerry Mayhew,0,0,0,Right Wing,2024
Johan Larsson,0,0,0,Left Wing,2024
Elliot Desnoyers,0,0,0,Left Wing,2024
Georgii Merkulov,1.05,4.2,4,Center,2024
Zack Ostapchuk,0.99,6.9,7,Center,2024
Lenni Hameenaho,0,0,0,Right Wing,2024
Brett Murray,0.5,1.0,2,Left Wing,2024
Brandon Gignac,1.06,7.4,7,Center,2024
Alexander True,0,0,0,Center,2024
Shane Bowers,0.56,4.5,8,Center,2024
C.J. Smith,0,0,0,Left Wing,2024
Brett Ritchie,0,0,0,Right Wing,2024
Grigori Denisenko,0.63,3.8000000000000003,6,Left Wing,2024
Nicolas Meloche,0,0,0,Defense,2024
Mike Liambas,0,0,0,Defense,2024
Brady Keeper,0,0,0,Defense,2024
Tim Berni,0,0,0,Defense,2024
Hardy Haman Aktell,1.42,8.5,6,Defense,2024
Petteri Lindbohm,0,0,0,Defense,2024
Will O'Neill,0,0,0,Defense,2024
Matt Kiersted,0,0,0,Defense,2024
Gavin Bayreuther,0,0,0,Defense,2024
Kevin Connauton,0,0,0,Defense,2024
Will Butcher,0,0,0,Defense,2024
Josh Leivo,0,0,0,Left Wing,2024
Kurtis Gabriel,0,0,0,Right Wing,2024
Patrick Russell,0,0,0,Right Wing,2024
Nate Thompson,0,0,0,Center,2024
Tyler Bozak,0,0,0,Center,2024
Scott Sabourin,2.27,6.8,3,Right Wing,2024
Vadim Shipachyov,0,0,0,Left Wing,2024
Jack Dugan,0,0,0,Right Wing,2024
Nathan Smith,0,0,0,Left Wing,2024
Andrei  Chibisov,0,0,0,Right Wing,2024
Charlie Stramel,0,0,0,Center,2024
Nico Myatovic,0,0,0,Left Wing,2024
Oscar Fisker Molgaard,0,0,0,Center,2024
Alexander Burmistrov,0,0,0,Center,2024
Matthew Peca,0,0,0,Left Wing,2024
Glenn Gawdin,1.3,1.2999999999999998,1,Center,2024
Brett Seney,1.77,7.1,4,Left Wing,2024
Jason Polin,1.56,10.899999999999999,7,Right Wing,2024
Jayson Megna,0.0,0.0,1,Center,2024
Matthew Highmore,1.26,8.8,7,Center,2024
Taro Hirose,0,0,0,Left Wing,2024
Rhett Gardner,0.8,0.8,1,Center,2024
Joel L'Esperance,0,0,0,Center,2024
Mathias Brome,0,0,0,Left Wing,2024
Leo Komarov,0,0,0,Left Wing,2024
Lucas Condotta,1.03,3.0999999999999996,3,Center,2024
Frederik Tiffels,0,0,0,Left Wing,2024
Ethan Gauthier,0,0,0,Right Wing,2024
Nick Abruzzese,0,0,0,Center,2024
Kyle Criscuolo,0,0,0,Center,2024
Roby Jarventie,0.63,4.4,7,Left Wing,2024
Andreas Johnsson,0,0,0,Left Wing,2024
Ryan Dzingel,0,0,0,Center,2024
Lane Pederson,0,0,0,Center,2024
Maksymilian Szuber,0.9,0.8999999999999999,1,Defense,2024
Michal Kempny,0,0,0,Defense,2024
Cameron Crotty,1.2,1.2,1,Defense,2024
Brandon Manning,0,0,0,Defense,2024
Wyatt Kalynuk,0,0,0,Defense,2024
Joel Persson,0,0,0,Defense,2024
Hunter Drew,0,0,0,Defense,2024
Etienne Morin,0,0,0,Defense,2024
Joe Hicketts,0,0,0,Defense,2024
Andreas Borgman,0,0,0,Defense,2024
Steven Santini,0,0,0,Defense,2024
Oscar  Fantenberg,0,0,0,Defense,2024
Casey Nelson,0,0,0,Defense,2024
Stanislav Svozil,0,0,0,Defense,2024
Sean Day,0,0,0,Defense,2024
Cameron  Schilling,0,0,0,Defense,2024
Maxim Strbak,0,0,0,Defense,2024
Mac Hollowell,0,0,0,Defense,2024
Casey Fitzgerald,0,0,0,Defense,2024
Otto Leskinen,0,0,0,Defense,2024
Chase Priskie,0,0,0,Defense,2024
Andrew Agozzino,0,0,0,Left Wing,2024
Saku Maenalanen,0,0,0,Right Wing,2024
Sheldon Dries,0,0,0,Center,2024
Michael Raffl,0,0,0,Left Wing,2024
Mark  Letestu,0,0,0,Center,2024
Derek Dorsett,0,0,0,Right Wing,2024
Damien Giroux,0,0,0,Center,2024
Roman Kantserov,0,0,0,Right Wing,2024
Brad Malone,0,0,0,Left Wing,2024
Justin Kirkland,1.1,2.2,2,Left Wing,2024
Anthony Angello,0,0,0,Center,2024
Zack Mitchell,0,0,0,Right Wing,2024
Brooks Laich,0,0,0,Center,2024
T.J. Tynan,0,0,0,Center,2024
Kyle Clifford,0,0,0,Left Wing,2024
Ondrej Kase,0,0,0,Right Wing,2024
Mitchell Stephens,0.99,22.7,23,Center,2024
Henrik Borgstrom,0,0,0,Center,2024
Cole Reinhardt,0,0,0,Left Wing,2024
Tanner Fritz,0,0,0,Center,2024
Josh Currie,0,0,0,Right Wing,2024
Josh Dunne,0,0,0,Center,2024
Gustav Rydahl,0,0,0,Center,2024
Alex Belzile,0,0,0,Center,2024
Danny O'Regan,0,0,0,Center,2024
Lukas Sedlak,0,0,0,Center,2024
Chase Pearson,0,0,0,Center,2024
Semyon Der-Arguchintsev,0,0,0,Right Wing,2024
Brian Gibbons,0,0,0,Left Wing,2024
Gage Goncalves,1.2,2.4,2,Center,2024
Jimmy Huntington,0,0,0,Left Wing,2024
Joel Teasdale,0,0,0,Left Wing,2024
Nic Petan,1.62,9.700000000000001,6,Center,2024
Yohann Auvitu,0,0,0,Defense,2024
Brendan Guhle,0,0,0,Defense,2024
Jason Garrison,0,0,0,Defense,2024
Kristians Rubins,0,0,0,Defense,2024
Andrei Mironov,0,0,0,Defense,2024
Bogdan Kiselevich,0,0,0,Defense,2024
Andrej Sustr,0,0,0,Defense,2024
Filip Johansson,0,0,0,Defense,2024
Olle Alsing,0,0,0,Defense,2024
Victor Antipin,0,0,0,Defense,2024
Frederic Allard,0,0,0,Defense,2024
Maxwell Crozier,1.59,20.7,13,Defense,2024
Taylor Fedun,0,0,0,Defense,2024
Carl Dahlstrom,0,0,0,Defense,2024
Dillon Heatherington,0,0,0,Defense,2024
Lassi Thomson,0,0,0,Defense,2024
Mikhail Maltsev,0,0,0,Left Wing,2024
Byron Froese,0.99,15.9,16,Center,2024
Kristian Vesalainen,0,0,0,Left Wing,2024
Dominik Simon,0,0,0,Left Wing,2024
Dominik Kahun,0,0,0,Center,2024
Jared Boll,0,0,0,Right Wing,2024
Adam Raska,0.76,3.8,5,Left Wing,2024
Logan Morrison,1.2,4.8,4,Center,2024
William Bitten,0,0,0,Right Wing,2024
Lean  Bergmann,0,0,0,Left Wing,2024
Brandon Baddock,0,0,0,Left Wing,2024
Scott Reedy,0,0,0,Center,2024
Jacob Nilsson,0,0,0,Center,2024
Tim  Schaller,0,0,0,Left Wing,2024
Dylan Sikura,0,0,0,Right Wing,2024
Kole Sherwood,0,0,0,Right Wing,2024
Ryan Kuffner,0,0,0,Left Wing,2024
David Gust,0,0,0,Right Wing,2024
Joseph Cramarossa,0,0,0,Center,2024
Sam Colangelo,2.63,7.9,3,Right Wing,2024
Tristen Robins,0,0,0,Right Wing,2024
Justin Kloos,0,0,0,Center,2024
Anton Blidh,0.1,0.09999999999999998,1,Left Wing,2024
Otto Koivula,0,0,0,Left Wing,2024
Aleksi Heponiemi,0,0,0,Center,2024
Victor Rask,0,0,0,Center,2024
Janne Kuokkanen,0,0,0,Left Wing,2024
Micheal Haley,0,0,0,Center,2024
Daniel Carr,0,0,0,Left Wing,2024
Joseph Gambardella,0,0,0,Left Wing,2024
Stephen Gionta,0,0,0,Right Wing,2024
Gabriel Fortier,0,0,0,Left Wing,2024
Tim Gettinger,0,0,0,Left Wing,2024
Anthony Greco,0,0,0,Right Wing,2024
Nick Merkley,0,0,0,Right Wing,2024
Filip Hallander,0,0,0,Center,2024
Pierrick Dube,1.43,4.300000000000001,3,Right Wing,2024
Tanner Laczynski,0,0,0,Center,2024
Linus Sandin,0,0,0,Right Wing,2024
Cory Conacher,0,0,0,Left Wing,2024
Tyler Angle,0.5,1.0,2,Center,2024
Frederik Gauthier,0,0,0,Center,2024
Andy Andreoff,0,0,0,Left Wing,2024
Logan Shaw,0,0,0,Right Wing,2024
Brendan Gaunce,1.32,31.700000000000003,24,Center,2024
Emil Heineman,0.93,3.7,4,Left Wing,2024
Jayden Halbgewachs,0,0,0,Left Wing,2024
Callahan Burke,0.3,0.3,1,Center,2024
Vladislav Provolnev,0,0,0,Defense,2024
Philip Holm,0,0,0,Defense,2024
Jake Livingstone,0,0,0,Defense,2024
Jakub Galvas,0,0,0,Defense,2024
Jakub Dvorak,0,0,0,Defense,2024
Corey Schueneman,0,0,0,Defense,2024
Kevin Gravel,0,0,0,Defense,2024
Samuel Knazko,0,0,0,Defense,2024
Libor Sulak,0,0,0,Defense,2024
Lawrence Pilut,0,0,0,Defense,2024
Scott Morrow,-0.25,-0.4999999999999998,2,Defense,2024
Nikolas Matinpalo,0.75,3.0,4,Defense,2024
Stefan Elliott,0,0,0,Defense,2024
Christian Jaros,0,0,0,Defense,2024
Josh Teves,0,0,0,Defense,2024
Ethan Prow,0,0,0,Defense,2024
Robin Salo,0,0,0,Defense,2024
Dmitri Samorukov,0,0,0,Defense,2024
Jay Beagle,0,0,0,Center,2024
Cody Eakin,0,0,0,Center,2024
Blake Comeau,0,0,0,Left Wing,2024
Gaetan Haas,0,0,0,Center,2024
Sasha Chmelevski,0,0,0,Center,2024
Joel Kellman,0,0,0,Center,2024
Juho Lammikko,0,0,0,Right Wing,2024
Bryce Kindopp,0,0,0,Right Wing,2024
Clark Bishop,0,0,0,Center,2024
Tyler Benson,0,0,0,Left Wing,2024
Chase De Leo,0,0,0,Center,2024
Ondrej Pavel,0.1,0.20000000000000007,2,Center,2024
Rasmus Kumpulainen,0,0,0,Center,2024
Kalan Lind,0,0,0,Left Wing,2024
Fredrik  Handemark,0,0,0,Center,2024
Andrew Crescenzi,0,0,0,Center,2024
Seth Griffith,0,0,0,Center,2024
Teemu Pulkkinen,0,0,0,Left Wing,2024
Riley Damiani,0,0,0,Center,2024
Kalle Kossila,0,0,0,Left Wing,2024
Laurent Dauphin,0,0,0,Center,2024
Dmitrij Jaskin,0,0,0,Right Wing,2024
Kieffer Bellows,0,0,0,Left Wing,2024
Carter Rowney,0,0,0,Right Wing,2024
Mathieu Perreault,0,0,0,Center,2024
Richard Panik,0,0,0,Right Wing,2024
Philippe Maillet,0,0,0,Center,2024
Justin Richards,0,0,0,Center,2024
Jiri Smejkal,0.97,19.4,20,Left Wing,2024
Alexandre Fortin,0,0,0,Left Wing,2024
Maxim Mamin,0,0,0,Center,2024
Brian Halonen,0.5,1.0,2,Right Wing,2024
Jack Rodewald,0,0,0,Right Wing,2024
Carson Meyer,1.41,19.7,14,Right Wing,2024
Graeme Clarke,0.27,0.7999999999999999,3,Right Wing,2024
Zach Senyshyn,0,0,0,Right Wing,2024
Hunter McKown,0,0,0,Center,2024
Matt Read,0,0,0,Right Wing,2024
Anton Levtchi,0,0,0,Left Wing,2024
Cole Bardreau,0,0,0,Right Wing,2024
Ben Street,0,0,0,Center,2024
Kasper Bjorkqvist,0,0,0,Right Wing,2024
Remi Elie,0,0,0,Left Wing,2024
Antti Suomela,0,0,0,Center,2024
Kirill Semyonov,0,0,0,Center,2024
Ben McCartney,0,0,0,Left Wing,2024
Michael Blunden,0,0,0,Right Wing,2024
Stefan Matteau,0,0,0,Center,2024
Hayden Hodgson,0,0,0,Right Wing,2024
Turner Elson,0,0,0,Left Wing,2024
Ashton Sautner,0,0,0,Defense,2024
Nick Cicek,0,0,0,Defense,2024
David Farrance,0,0,0,Defense,2024
Alexander Petrovic,0.0,0.0,1,Defense,2024
Ben Gleason,0,0,0,Defense,2024
Artemi Kniazev,0,0,0,Defense,2024
Daniel Brickley,0,0,0,Defense,2024
Yan Kuznetsov,-0.1,-0.09999999999999998,1,Defense,2024
Jakub Jerabek,0,0,0,Defense,2024
Declan Carlile,2.3,2.3,1,Defense,2024
Erik Burgdoerfer,0,0,0,Defense,2024
Linus Hogberg,0,0,0,Defense,2024
Filip Kral,0,0,0,Defense,2024
Brandon Scanlin,0.3,0.3,1,Defense,2024
Christian  Folin,0,0,0,Defense,2024
Alec Regula,0,0,0,Defense,2024
Jon Lizotte,0,0,0,Defense,2024
Jimmy Schuldt,0,0,0,Defense,2024
Buddy Robinson,0,0,0,Right Wing,2024
Steven Fogarty,0,0,0,Center,2024
Colton Sceviour,0,0,0,Right Wing,2024
Joakim Nygard,0,0,0,Left Wing,2024
Kyle Rau,0,0,0,Center,2024
Brad Richardson,0,0,0,Right Wing,2024
Nick Lappin,0,0,0,Right Wing,2024
Jesper Froden,0,0,0,Right Wing,2024
Jean-Sebastien Dea,0,0,0,Center,2024
Felix Nilsson,0,0,0,Center,2024
Chris DiDomenico,0,0,0,Left Wing,2024
Riley Barber,0,0,0,Right Wing,2024
Kristian Reichel,0,0,0,Center,2024
Blake Speers,0,0,0,Right Wing,2024
Ben Jones,0,0,0,Center,2024
Victor Ejdsell,0,0,0,Center,2024
Sven Baertschi,0,0,0,Left Wing,2024
Dennis Rasmussen,0,0,0,Center,2024
Marc Michaelis,0,0,0,Left Wing,2024
Markus  Hannikainen,0,0,0,Left Wing,2024
Karson Kuhlman,0,0,0,Center,2024
Matt Luff,0,0,0,Right Wing,2024
Joona Luoto,0,0,0,Right Wing,2024
Nikita Soshnikov,0,0,0,Right Wing,2024
Cedric Paquette,0,0,0,Center,2024
Michael Dal Colle,0,0,0,Left Wing,2024
Pierre-Cedric Labrie,0,0,0,Left Wing,2024
Samuel Laberge,0.45,0.8999999999999999,2,Left Wing,2024
Chasen Balisy,0,0,0,Center,2024
Cameron Hillis,0,0,0,Center,2024
Cameron Butler,0.0,0.0,1,Right Wing,2024
Jakob  Lilja,0,0,0,Left Wing,2024
Luca Del Bel Belluz,5.4,5.4,1,Center,2024
Ryan MacInnis,0,0,0,Center,2024
Arnaud Durandeau,0,0,0,Left Wing,2024
Viktor Lodin,0,0,0,Left Wing,2024
Josh Jooris,0,0,0,Center,2024
Daniel Catenacci,0,0,0,Center,2024
Ethan Del Mastro,0.3,0.6,2,Defense,2024
Philip Kemp,0.0,0.0,1,Defense,2024
Roland McKeown,0,0,0,Defense,2024
Dennis Cholowski,0,0,0,Defense,2024
Tyler Lewington,0,0,0,Defense,2024
Martin Kaut,0,0,0,Center,2024
Rocco Grimaldi,0,0,0,Left Wing,2024
Anton Wedin,0,0,0,Left Wing,2024
Tanner Kero,0,0,0,Center,2024
Marek Hrivik,0,0,0,Left Wing,2024
Giovanni Fiore,0,0,0,Left Wing,2024
Jeff Malott,0,0,0,Left Wing,2024
Lukas Radil,0,0,0,Left Wing,2024
Brendan Perlini,0,0,0,Left Wing,2024
Riley Sheahan,0,0,0,Center,2024
Lias Andersson,0,0,0,Center,2024
Adam Brooks,0,0,0,Center,2024
Henrik Haapala,0,0,0,Left Wing,2024
Garrett Pilon,0,0,0,Center,2024
Jackson Blake,-1.6,-1.6,1,Right Wing,2024
Gregory Hofmann,0,0,0,Left Wing,2024
Wade Megan,0,0,0,Center,2024
Cooper Marody,0,0,0,Center,2024
Arttu Ruotsalainen,0,0,0,Center,2024
Matthew Maggio,0,0,0,Right Wing,2024
Austin Wagner,0,0,0,Left Wing,2024
Dan Renouf,0,0,0,Defense,2024
Danick Martel,0,0,0,Center,2024
Aku Raty,3.6,3.6,1,Right Wing,2024
Ruslan Iskhakov,4.9,4.9,1,Left Wing,2024
Nikita Chibrikov,7.1,7.1,1,Right Wing,2024
Cale Makar,7.97,613.5,77,Defense,2024
J.T. Miller,7.58,613.8,81,Center,2024
Roope Hintz,4.78,382.1,80,Center,2024
Kyle Connor,4.94,321.4,65,Left Wing,2024
Zach Hyman,6.48,518.5999999999999,80,Right Wing,2024
Vince Dunn,5.43,320.6,59,Defense,2024
Brandon Hagel,4.48,367.0,82,Left Wing,2024
MacKenzie Weegar,5.85,480.00000000000006,82,Defense,2024
Jordan Binnington,6.81,374.38,55,Goalie,2024
Valeri Nichushkin,5.76,311.2,54,Right Wing,2024
Mattias Ekholm,4.82,380.6,79,Defense,2024
Jack Eichel,6.17,388.70000000000005,63,Center,2024
Jonathan Drouin,3.71,293.40000000000003,79,Left Wing,2024
Dylan Guenther,4.56,204.99999999999997,45,Right Wing,2024
Conor Garland,3.32,272.0,82,Right Wing,2024
Nikolaj Ehlers,4.09,335.7,82,Left Wing,2024
Timothy Liljegren,3.86,212.2,55,Defense,2024
Dylan Holloway,2.27,86.4,38,Center,2024
Cody Ceci,2.8,221.10000000000002,79,Defense,2024
Troy Stecher,2.14,115.5,54,Defense,2024
Logan Cooley,2.9,237.60000000000002,82,Center,2024
Brayden Schenn,3.58,293.6,82,Center,2024
William Eklund,2.88,230.6,80,Left Wing,2024
Connor McDavid,8.6,653.4,76,Center,2024
John Carlson,5.04,413.59999999999997,82,Defense,2024
Mitch Marner,6.36,438.7,69,Right Wing,2024
Sidney Crosby,6.06,496.6,82,Center,2024
Brayden Point,5.85,473.90000000000003,81,Center,2024
Zach Werenski,5.37,376.0,70,Defense,2024
Ryan Nugent-Hopkins,4.52,361.40000000000003,80,Center,2024
Clayton Keller,4.74,370.1,78,Left Wing,2024
Bowen Byram,3.29,240.20000000000002,73,Defense,2024
Tristan Jarry,5.42,259.92,48,Goalie,2024
Jared McCann,4.14,331.3,80,Right Wing,2024
Noah Hanifin,4.55,364.1,80,Defense,2024
Johnny Gaudreau,3.04,246.2,81,Left Wing,2024
Juraj Slafkovsky,3.79,311.1,82,Left Wing,2024
Jeff Petry,3.15,229.7,73,Defense,2024
Carter Hart,6.12,152.98,25,Goalie,2024
Jake DeBrusk,3.27,261.6,80,Right Wing,2024
Juuso Valimaki,2.49,169.6,68,Defense,2024
Joonas Korpisalo,4.9,239.88,49,Goalie,2024
Lawson Crouse,3.52,285.1,81,Right Wing,2024
Colton Parayko,3.74,306.70000000000005,82,Defense,2024
Boone Jenner,4.41,256.0,58,Center,2024
Jason Robertson,5.22,428.40000000000003,82,Left Wing,2024
Nikita Kucherov,8.44,683.3000000000001,81,Right Wing,2024
Aleksander Barkov,6.11,446.3,73,Center,2024
Mika Zibanejad,5.18,419.5,81,Center,2024
Darnell Nurse,4.28,347.0,81,Defense,2024
Vitek Vanecek,6.06,175.74,29,Goalie,2024
Kris Letang,4.82,395.4,82,Defense,2024
Bo Horvat,4.65,376.90000000000003,81,Center,2024
Mark Scheifele,5.25,388.40000000000003,74,Center,2024
Shea Theodore,5.66,266.0,47,Defense,2024
Pavel Buchnevich,4.56,364.49999999999994,80,Right Wing,2024
Logan Thompson,6.96,292.38,42,Goalie,2024
Brock Boeser,5.38,436.0,81,Right Wing,2024
Teuvo Teravainen,3.95,300.29999999999995,76,Right Wing,2024
Frank Vatrano,5.39,442.09999999999997,82,Right Wing,2024
Ivan Provorov,3.13,256.3,82,Defense,2024
Drake Batherson,4.31,353.1,82,Right Wing,2024
Mikael Granlund,4.15,286.5,69,Left Wing,2024
Jake McCabe,4.17,304.4,73,Defense,2024
Owen Tippett,4.15,323.5,78,Right Wing,2024
Dylan Strome,4.03,330.20000000000005,82,Center,2024
Brock Faber,4.25,348.9,82,Defense,2024
Jonathan Quick,7.66,199.22,26,Goalie,2024
Nathan MacKinnon,9.33,764.8000000000001,82,Center,2024
Erik Karlsson,4.71,386.2,82,Defense,2024
Adam Fox,6.99,503.59999999999997,72,Defense,2024
Alex Ovechkin,4.75,375.2,79,Left Wing,2024
Artemi Panarin,7.5,614.8000000000001,82,Left Wing,2024
Linus Ullmark,7.41,289.1,39,Goalie,2024
Jacob Trouba,4.09,281.9,69,Defense,2024
Anze Kopitar,4.63,374.90000000000003,81,Center,2024
Filip Forsberg,7.0,574.1999999999999,82,Left Wing,2024
Vincent Trocheck,5.69,466.9,82,Center,2024
Jesper Bratt,4.98,408.30000000000007,82,Right Wing,2024
Radko Gudas,4.37,288.5,66,Defense,2024
Charlie Coyle,4.34,355.5,82,Center,2024
Gustav Forsling,4.46,352.7,79,Defense,2024
Nazem Kadri,4.77,390.99999999999994,82,Center,2024
Jacob Markstrom,5.64,270.56,48,Goalie,2024
Jake Oettinger,7.0,370.92,53,Goalie,2024
Adam Henrique,4.08,334.90000000000003,82,Left Wing,2024
Sean Monahan,3.92,325.40000000000003,83,Center,2024
Brady Skjei,4.47,357.5,80,Defense,2024
Nino Niederreiter,3.24,249.5,77,Right Wing,2024
Gustav Nyquist,4.48,362.9,81,Right Wing,2024
Leon Draisaitl,6.92,560.4000000000001,81,Center,2024
Connor Bedard,4.04,274.90000000000003,68,Center,2024
Evan Bouchard,7.03,569.4000000000001,81,Defense,2024
Juuse Saros,6.33,404.84,64,Goalie,2024
Dylan Larkin,5.66,385.09999999999997,68,Center,2024
Cole Caufield,4.34,355.90000000000003,82,Left Wing,2024
Mathew Barzal,5.02,401.59999999999997,80,Center,2024
Trevor Moore,4.36,357.5,82,Left Wing,2024
Patrick Kane,4.63,231.4,50,Right Wing,2024
Ryan O'Reilly,4.57,374.7,82,Center,2024
Bryan Rust,5.0,310.0,62,Right Wing,2024
Robert Thomas,5.17,423.59999999999997,82,Center,2024
Stuart Skinner,6.72,383.32,57,Goalie,2024
Thomas Harley,4.7,371.3,79,Defense,2024
Morgan Rielly,5.71,411.09999999999997,72,Defense,2024
Seth Jones,3.99,267.4,67,Defense,2024
Andrei Kuzmenko,3.28,236.5,72,Left Wing,2024
Kyle Palmieri,3.96,324.50000000000006,82,Right Wing,2024
Evander Kane,4.47,344.3,77,Left Wing,2024
Jonas Brodin,3.94,244.39999999999998,62,Defense,2024
Laurent Brossoit,8.25,181.5,22,Goalie,2024
Pavel Dorofeyev,2.87,134.8,47,Right Wing,2024
Mikko Rantanen,7.08,566.2,80,Right Wing,2024
Miro Heiskanen,5.28,375.09999999999997,71,Defense,2024
Charlie McAvoy,5.44,402.7,74,Defense,2024
Josh Morrissey,5.91,478.7,81,Defense,2024
Devon Toews,4.45,364.6,82,Defense,2024
Brad Marchand,5.05,414.4,82,Left Wing,2024
Evgeni Malkin,4.32,354.6,82,Center,2024
Matt Boldy,5.0,374.69999999999993,75,Left Wing,2024
Filip Hronek,4.46,361.4,81,Defense,2024
Jake Sanderson,4.01,316.4,79,Defense,2024
Cam Talbot,6.49,337.42,52,Goalie,2024
Quinton Byfield,3.81,304.90000000000003,80,Center,2024
Connor Ingram,6.26,300.5,48,Goalie,2024
Sean Durzi,4.44,337.8,76,Defense,2024
Tomas Hertl,3.85,208.1,54,Center,2024
Viktor Arvidsson,5.08,91.4,18,Right Wing,2024
Dakota Joshua,4.11,259.0,63,Center,2024
Martin Necas,3.95,304.0,77,Right Wing,2024
Spencer Martin,5.14,82.28,16,Goalie,2024
James Reimer,7.18,143.54,20,Goalie,2024
Gabriel Vilardi,4.79,225.0,47,Center,2024
Matthew Knies,2.91,232.4,80,Left Wing,2024
Auston Matthews,8.58,695.3,81,Center,2024
Jack Hughes,6.05,375.1,62,Center,2024
Jakob Chychrun,4.05,332.5,82,Defense,2024
Igor Shesterkin,7.25,398.52,55,Goalie,2024
Brent Burns,4.05,332.4,82,Defense,2024
Moritz Seider,4.92,403.6,82,Defense,2024
Noah Dobson,6.35,501.40000000000003,79,Defense,2024
Vladimir Tarasenko,3.92,298.2,76,Right Wing,2024
Shayne Gostisbehere,4.23,342.70000000000005,81,Defense,2024
Sam Bennett,4.53,312.5,69,Center,2024
Matt Duchene,4.26,341.19999999999993,80,Center,2024
Shane Pinto,4.0,164.1,41,Center,2024
Jonathan Huberdeau,3.08,249.2,81,Left Wing,2024
T.J. Oshie,3.74,194.29999999999998,52,Right Wing,2024
Brandon Montour,4.21,277.9,66,Defense,2024
Tyler Toffoli,4.09,323.2,79,Right Wing,2024
Alexis Lafreniere,3.76,308.4,82,Left Wing,2024
Tom Wilson,4.23,312.70000000000005,74,Right Wing,2024
Ryan Hartman,4.03,298.4,74,Center,2024
David Rittich,7.58,166.84,22,Goalie,2024
Casey DeSmith,5.69,153.6,27,Goalie,2024
Tyler Bertuzzi,3.42,273.6,80,Left Wing,2024
Matthew Tkachuk,6.41,512.5999999999999,80,Right Wing,2024
Roman Josi,7.21,590.9000000000001,82,Defense,2024
Brady Tkachuk,6.56,531.5,81,Left Wing,2024
Quinn Hughes,6.97,571.9,82,Defense,2024
Connor Hellebuyck,7.54,452.32,60,Goalie,2024
Victor Hedman,6.53,509.70000000000005,78,Defense,2024
Steven Stamkos,5.83,460.8,79,Center,2024
Rasmus Andersson,4.12,321.1,78,Defense,2024
Jake Guentzel,6.04,404.6,67,Left Wing,2024
Joe Pavelski,4.65,381.2,82,Right Wing,2024
Drew Doughty,4.99,408.9,82,Defense,2024
Sam Reinhart,7.05,578.4,82,Right Wing,2024
Andrei Vasilevskiy,6.08,316.38,52,Goalie,2024
Thatcher Demko,7.75,395.18,51,Goalie,2024
Mats Zuccarello,4.7,324.5,69,Right Wing,2024
Claude Giroux,3.77,308.90000000000003,82,Right Wing,2024
Chris Kreider,5.56,455.8,82,Left Wing,2024
Aaron Ekblad,3.85,196.2,51,Defense,2024
Adin Hill,6.37,222.8,35,Goalie,2024
William Karlsson,4.78,334.6,70,Center,2024
Jonathan Marchessault,5.07,415.5,82,Right Wing,2024
Mason Marchment,4.03,326.3,81,Left Wing,2024
Artturi Lehkonen,4.41,198.6,45,Left Wing,2024
Ukko-Pekka Luukkonen,6.42,327.36,51,Goalie,2024
Elias Pettersson,6.2,508.8,82,Center,2024
Tim Stutzle,4.49,336.90000000000003,75,Center,2024
William Nylander,6.16,504.9,82,Right Wing,2024
Alex Pietrangelo,4.32,276.20000000000005,64,Defense,2024
Nick Suzuki,4.79,392.7,82,Center,2024
Alex DeBrincat,4.46,365.90000000000003,82,Left Wing,2024
Kevin Fiala,4.83,396.20000000000005,82,Left Wing,2024
Jeremy Swayman,7.54,324.38,43,Goalie,2024
Chandler Stephenson,3.35,251.5,75,Center,2024
Neal Pionk,3.99,327.20000000000005,82,Defense,2024
Brock Nelson,4.49,367.79999999999995,82,Center,2024
Lucas Raymond,4.26,349.2,82,Left Wing,2024
Brayden McNabb,3.7,303.29999999999995,82,Defense,2024
Phillip Danault,3.7,288.9,78,Center,2024
Esa Lindell,3.11,254.9,82,Defense,2024
Filip Gustavsson,5.79,248.88,43,Goalie,2024
J.T. Compher,3.33,256.29999999999995,77,Right Wing,2024
Oliver Bjorkstrand,3.59,294.5,82,Right Wing,2024
Casey Mittelstadt,3.39,271.5,80,Center,2024
Yegor Sharangovich,3.68,302.0,82,Center,2024
Charlie Lindgren,6.93,332.88,48,Goalie,2024
Pierre-Luc Dubois,2.94,241.0,82,Center,2024
Ivan Barbashev,3.5,287.1,82,Left Wing,2024
David Pastrnak,7.32,600.4,82,Right Wing,2024
Ilya Sorokin,6.71,369.1,55,Goalie,2024
Kirill Kaprizov,7.39,554.2,75,Left Wing,2024
Alexandar Georgiev,6.43,398.36,62,Goalie,2024
John Tavares,4.83,386.40000000000003,80,Center,2024
Jordan Kyrou,4.39,359.8,82,Right Wing,2024
Carter Verhaeghe,5.23,397.5,76,Left Wing,2024
Travis Konecny,5.16,391.90000000000003,76,Right Wing,2024
Joel Eriksson Ek,5.69,438.5,77,Center,2024
Adrian Kempe,5.74,441.7,77,Right Wing,2024
Justin Faulk,4.12,247.2,60,Defense,2024
Jake Walman,3.6,226.9,63,Defense,2024
Jaccob Slavin,3.6,291.3,81,Defense,2024
Blake Coleman,4.66,363.4,78,Right Wing,2024
Thomas Chabot,4.38,223.2,51,Defense,2024
Jeff Skinner,3.52,260.5,74,Left Wing,2024
Matt Roy,3.85,311.7,81,Defense,2024
Pyotr Kochetkov,6.59,263.58000000000004,40,Goalie,2024
Travis Sanheim,4.06,328.8,81,Defense,2024
Logan Stankoven,3.52,84.4,24,Center,2024
Pavel Zacha,4.12,321.1,78,Center,2024
Frederik Andersen,8.88,142.04000000000002,16,Goalie,2024
Jamie Benn,4.31,353.8,82,Left Wing,2024
K'Andre Miller,3.37,269.4,80,Defense,2024
Nikita Kucherov,7.74,603.9,78,Right Wing,2025
Quinn Hughes,6.69,455.0,68,Defense,2025
Jake Guentzel,5.78,462.5,80,Left Wing,2025
Vincent Trocheck,4.96,407.0,82,Center,2025
Brandon Hagel,6.05,496.2,82,Left Wing,2025
Sebastian Aho,0,0,0,Defense,2025
Nico Hischier,5.53,414.79999999999995,75,Center,2025
Filip Gustavsson,6.83,396.34,58,Goalie,2025
Steven Stamkos,3.62,296.5,82,Center,2025
Cale Makar,7.87,629.2,80,Defense,2025
Drake Batherson,4.8,393.79999999999995,82,Right Wing,2025
Jakob Chychrun,4.98,368.59999999999997,74,Defense,2025
Timo Meier,4.49,358.8,80,Left Wing,2025
Jacob Trouba,3.16,243.6,77,Defense,2025
Travis Sanheim,3.4,279.0,82,Defense,2025
Adin Hill,6.86,342.84,50,Goalie,2025
Mikael Granlund,4.18,347.3,83,Left Wing,2025
Elias Pettersson,3.98,254.9,64,Center,2025
Jared McCann,4.01,328.90000000000003,82,Right Wing,2025
Tyler Toffoli,3.6,280.5,78,Right Wing,2025
Alex Pietrangelo,3.75,266.20000000000005,71,Defense,2025
Patrick Kane,4.07,293.3,72,Right Wing,2025
Owen Tippett,3.35,257.9,77,Right Wing,2025
Jacob Markstrom,5.93,290.46000000000004,49,Goalie,2025
JJ Peterka,4.35,334.8,77,Right Wing,2025
Juraj Slafkovsky,4.08,322.5,79,Left Wing,2025
Brock Nelson,3.82,305.7,80,Center,2025
Colton Parayko,4.89,312.8,64,Defense,2025
Mats Zuccarello,4.1,282.90000000000003,69,Right Wing,2025
Claude Giroux,3.26,263.7,81,Right Wing,2025
Dylan Cozens,3.71,304.5,82,Center,2025
Mackenzie Blackwood,6.58,348.86,53,Goalie,2025
Elias Lindholm,3.59,294.0,82,Right Wing,2025
Alexander Romanov,3.81,243.6,64,Defense,2025
Artturi Lehkonen,4.25,293.2,69,Left Wing,2025
Gustav Forsling,3.61,288.70000000000005,80,Defense,2025
Blake Coleman,3.49,285.90000000000003,82,Right Wing,2025
Charlie McAvoy,4.23,211.6,50,Defense,2025
Jack Hughes,6.0,372.0,62,Center,2025
Ryan O'Reilly,3.54,279.4,79,Center,2025
Thatcher Demko,4.97,114.32000000000001,23,Goalie,2025
Tyson Foerster,3.27,264.6,81,Right Wing,2025
Brady Skjei,2.93,240.60000000000002,82,Defense,2025
Miro Heiskanen,3.89,194.7,50,Defense,2025
Radko Gudas,3.44,279.0,81,Defense,2025
Kyle Palmieri,3.06,251.0,82,Right Wing,2025
Kaiden Guhle,3.79,208.5,55,Defense,2025
Marc-Andre Fleury,6.52,143.44,22,Goalie,2025
Kevin Lankinen,6.34,310.86,49,Goalie,2025
Cam Talbot,5.9,253.74,43,Goalie,2025
Matt Roy,3.36,232.0,69,Defense,2025
Ivan Barbashev,4.05,283.4,70,Left Wing,2025
Joel Farabee,2.09,169.6,81,Left Wing,2025
Mikael Backlund,2.8,212.6,76,Center,2025
Nick Seeler,3.36,258.7,77,Defense,2025
Joey Daccord,5.96,327.78000000000003,55,Goalie,2025
Cam York,2.53,166.8,66,Defense,2025
Leo Carlsson,3.1,235.7,76,Center,2025
Yegor Sharangovich,2.35,171.2,73,Center,2025
Gabriel Vilardi,4.65,330.0,71,Center,2025
Michael Bunting,2.99,227.6,76,Left Wing,2025
Oliver Bjorkstrand,3.23,254.9,79,Right Wing,2025
Mathew Barzal,3.98,119.50000000000001,30,Center,2025
Ilya Samsonov,5.88,170.4,29,Goalie,2025
Sean Durzi,3.32,99.5,30,Defense,2025
Charlie Coyle,2.7,224.1,83,Center,2025
Matty Beniers,3.07,251.7,82,Center,2025
Jaccob Slavin,2.96,236.70000000000002,80,Defense,2025
Jeff Skinner,2.35,169.29999999999998,72,Left Wing,2025
Ian Cole,2.96,242.6,82,Defense,2025
Kiefer Sherwood,4.53,353.7,78,Left Wing,2025
Eeli Tolvanen,3.45,279.8,81,Left Wing,2025
Anton Lundell,3.65,288.4,79,Left Wing,2025
Alex Vlasic,2.95,241.89999999999998,82,Defense,2025
Tyler Seguin,5.5,109.9,20,Right Wing,2025
Yegor Chinakhov,2.98,89.4,30,Right Wing,2025
Viktor Arvidsson,2.39,159.9,67,Right Wing,2025
Lawson Crouse,2.27,183.8,81,Right Wing,2025
Zach Benson,2.22,166.5,75,Left Wing,2025
Simon Edvinsson,3.63,283.1,78,Defense,2025
Chris Tanev,2.99,224.3,75,Defense,2025
Morgan Geekie,4.03,310.6,77,Center,2025
Ivan Provorov,3.21,263.20000000000005,82,Defense,2025
Esa Lindell,3.36,269.0,80,Defense,2025
Dmitri Voronkov,4.04,294.6,73,Left Wing,2025
Ryan Pulock,3.23,239.2,74,Defense,2025
Stefan Noesen,3.55,276.9,78,Left Wing,2025
Tristan Jarry,5.56,194.74,35,Goalie,2025
Bowen Byram,3.54,290.3,82,Defense,2025
Ryan Hartman,2.78,191.5,69,Center,2025
Ukko-Pekka Luukkonen,4.81,264.62,55,Goalie,2025
Ross Colton,3.49,212.9,61,Left Wing,2025
Jared Spurgeon,3.95,261.0,66,Defense,2025
Philipp Kurashev,1.09,55.4,51,Left Wing,2025
Gabriel Landeskog,0,0,0,Left Wing,2025
Trevor Zegras,2.85,162.5,57,Center,2025
Samuel Ersson,5.04,226.72,45,Goalie,2025
Dante Fabbro,3.79,257.4,68,Defense,2025
Cole Perfetti,3.63,297.4,82,Left Wing,2025
Jake Neighbours,3.72,305.40000000000003,82,Left Wing,2025
Phillip Danault,3.22,257.8,80,Center,2025
Casey Mittelstadt,2.27,183.7,81,Center,2025
Aaron Ekblad,4.72,264.3,56,Defense,2025
Ryan McDonagh,3.5,286.6,82,Defense,2025
Matt Coronato,3.58,275.8,77,Right Wing,2025
Damon Severson,2.99,209.2,70,Defense,2025
Martin Fehervary,3.29,266.4,81,Defense,2025
Nick Bjugstad,2.1,138.5,66,Center,2025
Shane Pinto,3.52,246.60000000000002,70,Center,2025
Marco Kasper,3.26,251.0,77,Center,2025
Ivan Demidov,4.8,9.6,2,Right Wing,2025
Connor Murphy,3.32,225.5,68,Defense,2025
Logan Stankoven,2.82,220.10000000000002,78,Center,2025
Rasmus Sandin,3.12,256.1,82,Defense,2025
Jonathan Quick,6.66,133.14000000000001,20,Goalie,2025
Brandon Carlo,2.25,187.0,83,Defense,2025
Marcus Pettersson,3.23,252.2,78,Defense,2025
Vladislav Gavrikov,3.28,268.8,82,Defense,2025
Mario Ferraro,2.43,189.9,78,Defense,2025
Jonas Brodin,3.53,176.7,50,Defense,2025
Matias Maccelli,1.45,79.89999999999999,55,Left Wing,2025
Ben Chiarot,2.41,195.1,81,Defense,2025
Trent Frederic,2.27,131.8,58,Left Wing,2025
Evander Kane,0,0,0,Left Wing,2025
Pavel Zacha,2.88,236.10000000000002,82,Center,2025
Nikita Zadorov,3.76,304.7,81,Defense,2025
Paul Cotter,2.47,195.5,79,Center,2025
Ryker Evans,2.86,208.7,73,Defense,2025
Warren Foegele,3.63,297.7,82,Left Wing,2025
Calvin Pickard,6.65,206.08,31,Goalie,2025
Ryan McLeod,3.4,268.8,79,Center,2025
Nick Paul,3.21,244.0,76,Center,2025
Gustav Nyquist,1.71,134.8,79,Right Wing,2025
Vladimir Tarasenko,2.19,175.3,80,Right Wing,2025
Cutter Gauthier,3.21,262.9,82,Left Wing,2025
Jake Allen,5.61,162.68,29,Goalie,2025
Jaden Schwartz,3.47,280.9,81,Left Wing,2025
Ryan Poehling,2.59,175.8,68,Center,2025
Adam Henrique,2.43,196.5,81,Left Wing,2025
Connor Ingram,4.6,101.24,22,Goalie,2025
Craig Anderson,0,0,0,Goalie,2025
Alexandre Carrier,2.92,230.4,79,Defense,2025
Jean-Gabriel Pageau,3.34,263.9,79,Center,2025
Casey DeSmith,7.34,176.12,24,Goalie,2025
Mason Lohrei,2.61,200.7,77,Defense,2025
Adam Lowry,3.35,244.20000000000002,73,Center,2025
Spencer Knight,5.6,201.64000000000001,36,Goalie,2025
Jake McCabe,3.77,248.7,66,Defense,2025
Chandler Stephenson,3.17,247.6,78,Center,2025
Jordan Eberle,3.09,129.8,42,Right Wing,2025
Brian Elliott,0,0,0,Goalie,2025
Samuel Girard,2.83,206.5,73,Defense,2025
Brandon Tanev,2.42,191.2,79,Left Wing,2025
Brenden Dillon,2.64,216.1,82,Defense,2025
Sean Couturier,3.18,251.5,79,Center,2025
Matt Grzelcyk,3.23,264.5,82,Defense,2025
Connor Clifton,2.9,211.79999999999998,73,Defense,2025
Jaroslav Halak,0,0,0,Goalie,2025
Shane Wright,3.17,250.79999999999998,79,Center,2025
Dawson Mercer,2.77,227.3,82,Right Wing,2025
Scott Wedgewood,6.94,145.68,21,Goalie,2025
James Reimer,5.7,119.68,21,Goalie,2025
Tyler Myers,3.36,238.4,71,Defense,2025
Jeff Glass,0,0,0,Goalie,2025
Brendan Gallagher,2.81,230.6,82,Right Wing,2025
Jordan Staal,3.25,243.8,75,Center,2025
Scott Laughton,2.75,220.0,80,Center,2025
Jakub Dobes,6.6,99.0,15,Goalie,2025
Yaroslav Askarov,4.78,57.400000000000006,12,Goalie,2025
Braden Schneider,3.07,245.7,80,Defense,2025
Morgan Frost,2.71,219.6,81,Center,2025
John Gibson,5.56,155.8,28,Goalie,2025
Thomas Greiss,0,0,0,Goalie,2025
Mikey Anderson,3.14,241.9,77,Defense,2025
Darren Raddysh,3.41,248.7,73,Defense,2025
David Savard,2.4,179.9,75,Defense,2025
Sean Walker,2.16,176.89999999999998,82,Defense,2025
Evan Rodrigues,2.61,214.00000000000003,82,Center,2025
Brett Howden,3.38,270.1,80,Left Wing,2025
Joel Hofer,6.41,179.46,28,Goalie,2025
Michael Kesselring,3.04,249.0,82,Defense,2025
Hampus Lindholm,2.81,47.7,17,Defense,2025
Yanni Gourde,3.22,183.79999999999998,57,Center,2025
Luke Schenn,2.58,195.9,76,Defense,2025
Trevor van Riemsdyk,2.56,209.7,82,Defense,2025
J.T. Compher,2.45,186.5,76,Right Wing,2025
David Rittich,4.82,149.48,31,Goalie,2025
Danny Taylor,0,0,0,Goalie,2025
Jack McBain,3.19,261.7,82,Center,2025
Jack Roslovic,2.23,181.0,81,Center,2025
Torey Krug,0,0,0,Defense,2025
Brett Pesce,2.41,173.7,72,Defense,2025
Kaapo Kakko,2.9,229.20000000000002,79,Right Wing,2025
Zack Bolduc,3.53,254.0,72,Center,2025
Nick Foligno,2.93,228.60000000000002,78,Left Wing,2025
Reilly Smith,2.95,232.9,79,Right Wing,2025
Cody Ceci,2.77,235.2,85,Defense,2025
Alex Nedeljkovic,5.24,183.24,35,Goalie,2025
Ridly Greig,3.05,237.70000000000002,78,Center,2025
Semyon Varlamov,4.53,45.26,10,Goalie,2025
Victor Olofsson,3.25,181.90000000000003,56,Right Wing,2025
Simon Holmstrom,3.19,239.20000000000002,75,Right Wing,2025
Mark Kastelic,2.85,173.8,61,Center,2025
Artem Zub,2.88,161.2,56,Defense,2025
Seamus Casey,3.89,54.4,14,Defense,2025
Erik Haula,2.3,159.0,69,Left Wing,2025
Pavel Mintyukov,2.52,171.6,68,Defense,2025
Josh Anderson,2.7,218.8,81,Right Wing,2025
Marcus Foligno,3.24,249.79999999999998,77,Right Wing,2025
Garnet Hathaway,3.37,226.0,67,Right Wing,2025
Johnathan Kovacevic,2.42,196.3,81,Defense,2025
Luke Evangelista,2.37,161.3,68,Right Wing,2025
Jamie Oleksiak,2.38,194.89999999999998,82,Defense,2025
Joonas Korpisalo,5.67,136.18,24,Goalie,2025
Martin Pospisil,2.96,239.8,81,Left Wing,2025
Dan Vladar,5.58,161.94,29,Goalie,2025
Philipp Grubauer,3.08,80.12,26,Goalie,2025
Jamie Drysdale,2.04,143.10000000000002,70,Defense,2025
Erik Cernak,3.21,244.1,76,Defense,2025
Max Domi,2.56,189.20000000000002,74,Center,2025
Nic Dowd,2.74,224.4,82,Center,2025
Jason Dickinson,2.09,123.1,59,Center,2025
Nils Hoglander,2.09,150.79999999999998,72,Left Wing,2025
Alex Iafallo,2.7,221.70000000000002,82,Left Wing,2025
Nikita Chibrikov,4.85,19.4,4,Right Wing,2025
Connor Zary,2.78,150.20000000000002,54,Center,2025
Jack Quinn,2.58,191.2,74,Right Wing,2025
Blake Wheeler,0,0,0,Right Wing,2025
Jake Evans,2.78,228.2,82,Center,2025
Anton Forsberg,5.53,149.24,27,Goalie,2025
Adam Klapka,3.07,95.1,31,Right Wing,2025
Keegan Kolesar,2.92,239.1,82,Right Wing,2025
J.J. Moser,2.66,143.89999999999998,54,Defense,2025
Niko Mikkola,3.1,235.29999999999998,76,Defense,2025
Luke Kunin,2.27,170.5,75,Center,2025
Joe Pavelski,0,0,0,Right Wing,2025
Matt Rempe,2.43,102.19999999999999,42,Center,2025
Kevin Shattenkirk,0,0,0,Defense,2025
Filip Chytil,2.45,137.2,56,Center,2025
Olen Zellweger,2.82,175.1,62,Defense,2025
Timothy Liljegren,2.39,162.5,68,Defense,2025
Ryan Leonard,1.57,14.1,9,Right Wing,2025
Justus Annunen,4.8,139.18,29,Goalie,2025
Max Pacioretty,2.7,100.0,37,Left Wing,2025
David Perron,2.48,106.6,43,Right Wing,2025
Daniel Sprong,1.66,49.7,30,Right Wing,2025
Nicolas Roy,2.72,193.10000000000002,71,Center,2025
Ryan Strome,2.73,224.0,82,Center,2025
Simon Benoit,2.55,199.0,78,Defense,2025
Ryan Lindgren,2.9,208.6,72,Defense,2025
Alexander Wennberg,2.36,182.1,77,Center,2025
Conor Geekie,2.13,110.89999999999999,52,Center,2025
Leevi Merilainen,8.55,94.06,11,Goalie,2025
Rasmus Ristolainen,3.01,189.8,63,Defense,2025
Kirby Dach,2.4,136.8,57,Center,2025
Joel Edmundson,3.05,222.3,73,Defense,2025
Eetu Luostarinen,2.67,213.20000000000002,80,Left Wing,2025
Arber Xhekaj,2.1,146.7,70,Defense,2025
Anthony Duclair,1.46,64.3,44,Left Wing,2025
Dakota Joshua,2.4,136.7,57,Center,2025
Jordan Spence,2.92,231.0,79,Defense,2025
Noah Cates,2.77,216.29999999999998,78,Left Wing,2025
Jordan Martinook,2.82,223.0,79,Left Wing,2025
Evgenii Dadonov,2.83,226.29999999999998,80,Right Wing,2025
Nicholas Robertson,2.24,154.4,69,Left Wing,2025
Jesperi Kotkaniemi,2.49,194.3,78,Center,2025
Alec Martinez,2.24,98.7,44,Defense,2025
Lian Bichsel,3.19,121.1,38,Defense,2025
Connor Brown,2.11,172.79999999999998,82,Right Wing,2025
Arturs Silovs,2.34,21.1,9,Goalie,2025
Brett Kulak,2.44,199.8,82,Defense,2025
Frederick Gaudreau,2.54,208.0,82,Center,2025
Artyom Levshunov,2.02,36.3,18,Defense,2025
Alexander Kerfoot,2.15,173.8,81,Center,2025
Frank Nazar,2.72,144.4,53,Center,2025
Vitek Vanecek,3.7,88.80000000000001,24,Goalie,2025
Eric Comrie,5.8,116.0,20,Goalie,2025
Jeff Petry,2.24,98.69999999999999,44,Defense,2025
Ville Husso,3.98,43.78,11,Goalie,2025
Kevin Bahl,2.69,196.6,73,Defense,2025
Lars Eller,1.73,138.39999999999998,80,Center,2025
Ryan Graves,1.27,77.5,61,Defense,2025
Drew O'Connor,1.98,166.5,84,Left Wing,2025
Michael Rasmussen,2.19,168.8,77,Center,2025
Cole Sillinger,2.84,187.70000000000002,66,Center,2025
Maxim Tsyplakov,2.88,221.59999999999997,77,Right Wing,2025
Will Borgen,2.24,187.9,84,Defense,2025
Josh Manson,2.94,140.9,48,Defense,2025
Alex Newhook,1.89,155.0,82,Center,2025
Anton Khudobin,0,0,0,Goalie,2025
Mason Appleton,2.15,152.8,71,Right Wing,2025
Adam Pelech,3.1,186.0,60,Defense,2025
Tommy Novak,2.16,116.4,54,Center,2025
Alexander Holtz,1.44,76.5,53,Right Wing,2025
Jeremy Lauzon,2.52,70.6,28,Defense,2025
Zayne Parekh,9.8,9.8,1,Defense,2025
Colton Sissons,2.02,145.3,72,Center,2025
Nathan Walker,2.75,201.10000000000002,73,Center,2025
Scott Mayfield,2.39,157.5,66,Defense,2025
Jonas Siegenthaler,2.52,138.8,55,Defense,2025
Juuso Parssinen,2.14,102.5,48,Center,2025
Erik Gudbranson,2.39,38.2,16,Defense,2025
Andrew Mangiapane,2.14,173.39999999999998,81,Right Wing,2025
Declan Carlile,2.97,8.899999999999999,3,Defense,2025
Anthony Beauvillier,2.35,190.2,81,Right Wing,2025
Devon Levi,2.56,20.5,8,Goalie,2025
Ondrej Palat,2.54,195.70000000000002,77,Left Wing,2025
Kevin Stenlund,2.14,175.1,82,Right Wing,2025
Adam Gaudette,2.16,175.0,81,Center,2025
Rutger McGroarty,2.29,18.299999999999997,8,Right Wing,2025
Johnny Beecher,1.34,104.3,78,Center,2025
Ilya Mikheyev,2.35,188.1,80,Left Wing,2025
Marcus Johansson,2.42,174.5,72,Left Wing,2025
Zeev Buium,0,0,0,Defense,2025
Justin Danforth,2.59,158.0,61,Right Wing,2025
Vasily Podkolzin,2.56,209.7,82,Right Wing,2025
James van Riemsdyk,2.35,166.70000000000002,71,Left Wing,2025
Michael McCarron,2.01,148.79999999999998,74,Right Wing,2025
Brandon Saad,2.11,151.8,72,Left Wing,2025
Nico Daws,9.13,36.54,4,Goalie,2025
Logan O'Connor,1.79,143.0,80,Right Wing,2025
Denton Mateychuk,2.54,114.1,45,Defense,2025
Arvid Soderblom,4.99,164.72,33,Goalie,2025
T.J. Oshie,0,0,0,Right Wing,2025
Corey Perry,2.46,199.60000000000002,81,Right Wing,2025
Alexander Nikishin,0,0,0,Defense,2025
Andre Burakovsky,2.29,181.0,79,Right Wing,2025
Jalen Chatfield,2.47,195.2,79,Defense,2025
Kevin Hayes,1.96,125.6,64,Center,2025
Robby Fabbri,2.28,100.3,44,Left Wing,2025
Brandon Duhaime,2.51,206.0,82,Left Wing,2025
Jimmy Snuggerud,2.84,19.9,7,Right Wing,2025
Jack Thompson,2.62,81.30000000000001,31,Defense,2025
Nick Jensen,2.62,185.9,71,Defense,2025
Ville Koivunen,4.25,34.0,8,Right Wing,2025
Jaxson Stauber,7.75,31.02,4,Goalie,2025
Ivan Fedotov,3.41,81.78,24,Goalie,2025
Marc Gatcomb,2.56,99.69999999999999,39,Left Wing,2025
Jiri Kulich,2.39,148.2,62,Center,2025
Joel Blomqvist,4.14,49.72,12,Goalie,2025
Nick Blankenburg,2.57,154.4,60,Defense,2025
A.J. Greer,2.51,203.6,81,Left Wing,2025
Cole Koepke,2.08,152.2,73,Left Wing,2025
Logan Mailloux,3.36,23.5,7,Defense,2025
Andrew Copp,2.24,125.50000000000001,56,Center,2025
Dennis Gilbert,2.58,74.7,29,Defense,2025
Lucas Carlsson,2.42,31.4,13,Defense,2025
Bobby Brink,2.59,204.7,79,Right Wing,2025
Danton Heinen,2.19,172.8,79,Center,2025
Bradly Nadeau,2.85,5.699999999999999,2,Center,2025
Adam Boqvist,2.43,84.9,35,Defense,2025
Anthony Mantha,3.98,51.8,13,Right Wing,2025
John Klingberg,2.84,31.2,11,Defense,2025
Tanner Jeannot,2.49,166.7,67,Right Wing,2025
Casey Cizikas,2.18,178.5,82,Center,2025
Noel Acciari,1.79,141.8,79,Center,2025
Simon Nemec,1.3,35.0,27,Defense,2025
Michael Eyssimont,1.97,151.8,77,Right Wing,2025
Sam Colangelo,2.64,84.4,32,Right Wing,2025
Mattias Samuelsson,2.58,160.2,62,Defense,2025
Gabe Perreault,0.16,0.8,5,Right Wing,2025
Brian Dumoulin,2.32,185.7,80,Defense,2025
Dmitry Kulikov,2.33,163.4,70,Defense,2025
Anthony Richard,1.91,28.7,15,Center,2025
Evgeny Kuznetsov,0,0,0,Center,2025
Erik Gustafsson,2.07,115.7,56,Defense,2025
Ryan Reaves,1.43,50.1,35,Right Wing,2025
Sam Rinzel,3.94,35.5,9,Defense,2025
Emil Lilleberg,2.43,184.4,76,Defense,2025
Zach Whitecloud,2.36,174.8,74,Defense,2025
Alexey Toropchenko,2.21,176.89999999999998,80,Right Wing,2025
Eric Robinson,2.38,194.9,82,Left Wing,2025
Marcus Hogberg,3.52,38.68000000000001,11,Goalie,2025
Dominik Kubalik,0,0,0,Left Wing,2025
Jordan Greenway,2.57,87.3,34,Left Wing,2025
Justin Robidas,4.6,9.2,2,Center,2025
Jesper Wallstedt,-0.27,-0.5399999999999991,2,Goalie,2025
Joel Armia,2.22,179.7,81,Right Wing,2025
Teddy Blueger,1.98,162.2,82,Center,2025
Andrew Peeke,2.36,179.0,76,Defense,2025
Jack Drury,1.84,132.2,72,Center,2025
Akira Schmid,9.57,28.7,3,Goalie,2025
Jonatan Berggren,1.64,123.10000000000001,75,Right Wing,2025
Mavrik Bourque,2.04,148.70000000000002,73,Center,2025
Brayden Pachal,2.44,185.5,76,Defense,2025
Olli Maatta,2.21,169.9,77,Defense,2025
Drew Helleson,2.82,157.89999999999998,56,Defense,2025
Justin Sourdif,6.4,6.4,1,Right Wing,2025
Michael Amadio,2.57,184.8,72,Right Wing,2025
Matthew Poitras,1.42,46.800000000000004,33,Center,2025
Philip Tomasino,2.4,146.1,61,Center,2025
TJ Brodie,1.26,67.8,54,Defense,2025
Fraser Minten,1.92,40.3,21,Center,2025
Joel Kiviranta,2.41,190.1,79,Left Wing,2025
Peyton Krebs,2.35,190.2,81,Center,2025
Justin Barron,2.07,128.2,62,Defense,2025
Josh Doan,2.18,111.0,51,Right Wing,2025
Aatu Raty,2.39,79.0,33,Center,2025
Joe Veleno,1.62,119.8,74,Center,2025
Matt Dumba,1.87,117.9,63,Defense,2025
Zac Jones,2.07,95.30000000000001,46,Defense,2025
Steven Lorentz,2.3,184.1,80,Center,2025
Gage Goncalves,2.12,127.2,60,Center,2025
Erik Portillo,11.16,11.16,1,Goalie,2025
Jani Hakanpaa,0.85,1.7,2,Defense,2025
Chad Ruhwedel,2.22,11.1,5,Defense,2025
Daniil Tarasov,4.28,81.38,19,Goalie,2025
Michael Carcone,1.99,105.69999999999999,53,Right Wing,2025
Logan Stanley,2.6,163.6,63,Defense,2025
Juuso Valimaki,1.41,60.599999999999994,43,Defense,2025
Miles Wood,1.95,72.3,37,Left Wing,2025
Alex Turcotte,2.13,144.6,68,Center,2025
Shakir Mukhamadullin,2.51,75.4,30,Defense,2025
Justin Brazeau,2.1,159.6,76,Right Wing,2025
Jesse Puljujarvi,2.6,80.5,31,Right Wing,2025
Joel Hanley,2.4,127.19999999999999,53,Defense,2025
Kevin Korchinski,1.05,16.8,16,Defense,2025
Jani Nyman,3.04,36.5,12,Right Wing,2025
Patrice Bergeron,0,0,0,Center,2025
David Jiricek,1.98,23.700000000000003,12,Defense,2025
Lukas Reichel,1.45,101.7,70,Left Wing,2025
Ilya Lyubushkin,2.19,175.0,80,Defense,2025
Cody Glass,1.99,129.4,65,Center,2025
Zach Bogosian,1.91,155.0,81,Defense,2025
Jayden Struble,2.59,145.2,56,Defense,2025
Carson Soucy,2.19,163.9,75,Defense,2025
Jimmy Vesey,1.11,47.800000000000004,43,Left Wing,2025
Henry Thrun,1.54,92.3,60,Defense,2025
Sam Dickinson,0,0,0,Defense,2025
Pat Maroon,1.92,130.5,68,Left Wing,2025
Jonathan Lekkerimaki,1.35,32.400000000000006,24,Right Wing,2025
Yakov Trenin,2.36,179.6,76,Left Wing,2025
John Marino,2.58,90.30000000000001,35,Defense,2025
Emil Heineman,2.4,148.8,62,Left Wing,2025
Beckett Sennecke,0,0,0,Right Wing,2025
Jesper Boqvist,2.25,175.4,78,Center,2025
Nikolai Kovalenko,2.04,116.19999999999999,57,Right Wing,2025
Sam Carrick,2.19,168.5,77,Center,2025
Tyson Barrie,1.77,23.0,13,Defense,2025
William Carrier,2.45,105.19999999999999,43,Left Wing,2025
Malcolm Subban,0,0,0,Goalie,2025
Nick Leddy,1.53,47.3,31,Defense,2025
Cayden Lindstrom,0,0,0,Center,2025
Mark Jankowski,1.95,116.7,60,Center,2025
Pontus Holmberg,1.98,134.5,68,Center,2025
Aleksei Kolosov,3.5,45.44,13,Goalie,2025
Conor Timmins,2.33,158.3,68,Defense,2025
Mathieu Joseph,1.99,119.5,60,Left Wing,2025
Sam Malinski,2.27,172.89999999999998,76,Defense,2025
Ryan Suter,1.93,158.10000000000002,82,Defense,2025
Connor Dewar,2.2,105.4,48,Center,2025
Carter Yakemchuk,0,0,0,Defense,2025
Kasperi Kapanen,1.19,79.4,67,Right Wing,2025
Luca Del Bel Belluz,2.69,40.300000000000004,15,Center,2025
Taylor Raddysh,1.74,139.2,80,Right Wing,2025
Calvin de Haan,2.01,94.60000000000001,47,Defense,2025
Zachary L'Heureux,2.45,151.9,62,Left Wing,2025
Henri Jokiharju,1.92,115.2,60,Defense,2025
Alexandre Texier,2.1,65.0,31,Center,2025
Martin Jones,0,0,0,Goalie,2025
Tomas Tatar,1.37,101.5,74,Left Wing,2025
Scott Morrow,3.04,42.5,14,Defense,2025
Cole Hutson,0,0,0,Defense,2025
Jonny Brodzinski,2.16,110.4,51,Center,2025
Luke Glendening,1.23,94.7,77,Right Wing,2025
Parker Kelly,2.29,183.5,80,Center,2025
Blake Lizotte,2.09,123.5,59,Center,2025
Colin Miller,2.54,152.7,60,Defense,2025
Jakub Vrana,2.08,81.10000000000001,39,Right Wing,2025
Justin Holl,1.23,89.5,73,Defense,2025
Landon Slaggert,1.26,41.7,33,Left Wing,2025
Egor Zamula,1.78,111.89999999999999,63,Defense,2025
Brendan Smith,1.82,58.099999999999994,32,Defense,2025
Alexander Nylander,0.2,1.0,5,Left Wing,2025
Matt Savoie,0.4,1.6,4,Center,2025
Marat Khusnutdinov,1.17,87.7,75,Center,2025
Robin Lehner,0,0,0,Goalie,2025
Dennis Hildeby,4.19,25.14,6,Goalie,2025
Tyler Tucker,2.73,103.9,38,Defense,2025
Berkly Catton,0,0,0,Center,2025
Tij Iginla,0,0,0,Center,2025
David Reinbacher,0,0,0,Defense,2025
Liam O'Brien,2.3,64.3,28,Left Wing,2025
Nick Cousins,2.29,114.4,50,Center,2025
Easton Cowan,0,0,0,Right Wing,2025
Axel Sandin Pellikka,0,0,0,Defense,2025
Justin Schultz,0,0,0,Defense,2025
Sebastian Cossa,0,0,0,Goalie,2025
Dustin Tokarski,6.36,38.18,6,Goalie,2025
Jacob Fowler,0,0,0,Goalie,2025
Connor Mackey,1.7,3.4,2,Defense,2025
Uvis Balinskis,2.02,153.9,76,Defense,2025
Albert Johansson,1.82,111.1,61,Defense,2025
Tyler Motte,1.47,80.6,55,Center,2025
Jakub Lauko,1.93,108.0,56,Right Wing,2025
Daniil Miromanov,2.01,88.5,44,Defense,2025
Rafael Harvey-Pinard,0.3,0.3,1,Left Wing,2025
Curtis Lazar,1.26,60.6,48,Right Wing,2025
Cayden Primeau,2.57,17.979999999999997,7,Goalie,2025
Pierre Engvall,1.48,91.5,62,Left Wing,2025
Beck Malenstyn,1.7,128.9,76,Left Wing,2025
Nicolas Hague,2.06,140.1,68,Defense,2025
Jakob Pelletier,2.23,109.39999999999999,49,Left Wing,2025
Erik Johnson,1.88,67.6,36,Defense,2025
Laurent Brossoit,0,0,0,Goalie,2025
Mark Giordano,0,0,0,Defense,2025
Matt Murray,0,0,0,Goalie,2025
Dalibor Dvorsky,0.2,0.4,2,Center,2025
Nick Perbix,2.14,158.7,74,Defense,2025
Parker Wotherspoon,1.56,86.0,55,Defense,2025
Wayne Simmonds,0,0,0,Right Wing,2025
Alexander Barabanov,0,0,0,Left Wing,2025
Cole Eiserman,0,0,0,Left Wing,2025
Jett Luchanko,0.0,0.0,4,Center,2025
Wyatt Kaiser,2.03,115.80000000000001,57,Defense,2025
Brett Berard,2.03,71.1,35,Right Wing,2025
Oliver Moore,1.78,16.0,9,Center,2025
Tanner Pearson,2.27,177.2,78,Left Wing,2025
Ty Emberson,2.04,155.2,76,Defense,2025
Radek Faksa,1.88,131.39999999999998,70,Center,2025
Tyler Johnson,1.47,13.2,9,Center,2025
Louis Domingue,9.5,9.5,1,Goalie,2025
Danila Yurov,0,0,0,Right Wing,2025
Victor Mancini,2.17,67.3,31,Defense,2025
Declan Chisholm,1.68,110.7,66,Defense,2025
Nicolas Deslauriers,1.34,41.5,31,Right Wing,2025
Travis Hamonic,1.71,101.0,59,Defense,2025
Ivan Miroshnichenko,1.71,30.700000000000003,18,Left Wing,2025
Fabian Lysell,1.46,17.5,12,Right Wing,2025
Tyson Jost,1.9,74.0,39,Center,2025
P.O Joseph,0.87,40.7,47,Defense,2025
Nils Lundkvist,1.65,64.3,39,Defense,2025
Kailer Yamamoto,1.78,21.4,12,Right Wing,2025
Tyler Kleven,1.76,138.9,79,Defense,2025
Elmer Soderblom,2.63,68.3,26,Left Wing,2025
Sam Steel,1.78,140.8,79,Center,2025
Isac Lundestrom,1.3,102.6,79,Center,2025
Nate Schmidt,2.18,174.1,80,Defense,2025
Barclay Goodrow,1.39,106.8,77,Center,2025
Jacob Bernard-Docker,2.11,84.5,40,Defense,2025
Jonah Gadjovich,2.05,85.9,42,Left Wing,2025
Urho Vaakanainen,2.31,118.0,51,Defense,2025
Calum Ritchie,0.29,2.0,7,Center,2025
Arthur Kaliyev,1.78,24.900000000000002,14,Right Wing,2025
Nathan Bastian,1.84,108.69999999999999,59,Right Wing,2025
Matt Villalta,9.16,9.16,1,Goalie,2025
Jan Rutta,2.0,107.9,54,Defense,2025
Adam Edstrom,1.77,90.3,51,Center,2025
Kaedan Korczak,2.5,100.10000000000001,40,Defense,2025
Ivan Ivan,1.07,42.800000000000004,40,Center,2025
Calle Jarnkrok,1.95,37.0,19,Left Wing,2025
Erik Brannstrom,2.46,68.9,28,Defense,2025
Liam Ohgren,1.42,34.0,24,Left Wing,2025
Ty Smith,2.39,19.1,8,Defense,2025
Brennan Othmann,1.55,34.0,22,Left Wing,2025
Cam Atkinson,1.31,51.199999999999996,39,Right Wing,2025
Vincent Desharnais,1.76,89.7,51,Defense,2025
Craig Smith,2.03,119.5,59,Right Wing,2025
Ryan Lomberg,1.41,112.8,80,Left Wing,2025
Georgi Romanov,1.54,9.240000000000002,6,Goalie,2025
Jon Merrill,1.26,87.9,70,Defense,2025
Joshua Brown,2.24,22.4,10,Defense,2025
Tye Kartye,1.99,125.1,63,Left Wing,2025
Mattias Janmark,1.3,103.8,80,Right Wing,2025
Emil Andrae,1.96,82.5,42,Defense,2025
Colin Blackwell,1.98,124.60000000000001,63,Center,2025
Zemgus Girgensons,1.49,121.9,82,Center,2025
Brayden Yager,0,0,0,Center,2025
Matthew Wood,1.13,6.8,6,Left Wing,2025
Sean Kuraly,1.88,154.0,82,Center,2025
Zachary Aston-Reese,1.95,154.0,79,Center,2025
Bokondji Imama,2.19,35.0,16,Left Wing,2025
Dillon Dube,0,0,0,Center,2025
David Kampf,1.51,89.2,59,Center,2025
Sonny Milano,-0.63,-1.9000000000000001,3,Left Wing,2025
Jack Campbell,0,0,0,Goalie,2025
Ty Dellandrea,1.41,96.1,68,Right Wing,2025
Jake Bean,1.17,74.7,64,Defense,2025
Scott Perunovich,1.85,64.6,35,Defense,2025
Maveric Lamoureux,2.86,42.9,15,Defense,2025
Owen Pickering,1.05,26.200000000000003,25,Defense,2025
Jack Johnson,0.98,40.0,41,Defense,2025
Nate Danielson,0,0,0,Center,2025
Joshua Roy,0.93,11.2,12,Left Wing,2025
Vladislav Kolyachonok,1.41,49.3,35,Defense,2025
Michael Hutchinson,0,0,0,Goalie,2025
Eric Staal,0,0,0,Center,2025
Hendrix Lapierre,1.36,36.7,27,Center,2025
Fedor Svechkov,1.75,91.1,52,Center,2025
Wyatt Aamodt,6.45,12.899999999999999,2,Defense,2025
Cale Fleury,2.23,31.2,14,Defense,2025
Marc-Edouard Vlasic,1.14,30.8,27,Defense,2025
Philippe Myers,2.21,79.5,36,Defense,2025
Mikhail Yegorov,0,0,0,Goalie,2025
Andreas Englund,1.86,65.19999999999999,35,Defense,2025
Givani Smith,0.92,11.899999999999999,13,Right Wing,2025
Elias N. Pettersson,1.34,37.6,28,Defense,2025
Collin Graf,2.07,68.4,33,Left Wing,2025
Jacob Moverare,1.7,83.3,49,Defense,2025
Chris Kunitz,0,0,0,Left Wing,2025
Andrew Cristall,0,0,0,Left Wing,2025
Jeff Carter,0,0,0,Center,2025
Nico Sturm,1.83,113.3,62,Center,2025
Tom Willander,0,0,0,Defense,2025
Justin Kirkland,2.81,56.3,20,Left Wing,2025
Dylan McIlrath,2.47,24.7,10,Defense,2025
Mitchell Chaffee,2.17,143.3,66,Right Wing,2025
Michael Pezzetta,1.34,33.4,25,Left Wing,2025
Sam Lafferty,1.05,62.8,60,Center,2025
Derek Forbort,2.24,120.8,54,Defense,2025
Morgan Barron,1.97,145.8,74,Center,2025
Brock McGinn,2.58,67.0,26,Left Wing,2025
Brett Leason,1.95,121.1,62,Right Wing,2025
Alexander Alexeyev,1.64,13.1,8,Defense,2025
Michael McLeod,0,0,0,Center,2025
Trey Augustine,0,0,0,Goalie,2025
Trevor Connelly,0,0,0,Left Wing,2025
Oliver Bonk,0,0,0,Defense,2025
Joona Koppanen,1.5,16.5,11,Left Wing,2025
Konsta Helenius,0,0,0,Center,2025
Louis Crevier,2.1,67.1,32,Defense,2025
Wade Allison,0,0,0,Right Wing,2025
Jordie Benn,0,0,0,Defense,2025
Luca Cagnoni,2.35,14.100000000000001,6,Defense,2025
Samuel Honzek,0.72,3.6,5,Center,2025
Klim Kostin,2.08,72.7,35,Right Wing,2025
Marc Staal,0,0,0,Defense,2025
Jett Alexander,0,0,0,Goalie,2025
Haydn Fleury,1.74,67.8,39,Defense,2025
Thomas Bordeleau,0.2,0.2,1,Center,2025
Anton Silayev,0,0,0,Defense,2025
Mike Reilly,1.09,19.700000000000003,18,Defense,2025
Quentin Musty,0,0,0,Left Wing,2025
Oskar Sundqvist,2.15,144.0,67,Center,2025
Cole Smith,1.75,124.3,71,Left Wing,2025
Kyle Okposo,0,0,0,Right Wing,2025
Noah Ostlund,-0.35,-2.8000000000000007,8,Center,2025
Kyle MacLean,1.05,85.3,81,Center,2025
Spencer Martin,3.51,24.560000000000002,7,Goalie,2025
Robert Hagg,2.15,4.3,2,Defense,2025
Akil Thomas,1.23,30.7,25,Center,2025
Matt Martin,1.3,41.5,32,Left Wing,2025
Hunter Shepard,-3.82,-3.8200000000000003,1,Goalie,2025
Troy Stecher,1.39,91.6,66,Defense,2025
Dennis Wideman,0,0,0,Defense,2025
Rasmus Kupari,1.41,83.0,59,Center,2025
Michael Hage,0,0,0,Center,2025
Michael Brandsegg-Nygard,0,0,0,Right Wing,2025
Kaapo Kahkonen,-1.48,-1.48,1,Goalie,2025
Carl Grundstrom,1.68,93.8,56,Left Wing,2025
Ross Johnston,1.99,85.6,43,Left Wing,2025
Kurtis MacDermid,0.83,19.0,23,Defense,2025
Gavin Brindley,0,0,0,Center,2025
P.A. Parenteau,0,0,0,Right Wing,2025
Matthew Kessel,1.14,33.2,29,Defense,2025
Kyle Burroughs,1.44,47.5,33,Defense,2025
Brad Lambert,1.46,7.300000000000001,5,Center,2025
Brooks Laich,0,0,0,Center,2025
Noah Juulsen,1.71,59.8,35,Defense,2025
Daniil But,0,0,0,Left Wing,2025
Colton Dach,2.49,62.3,25,Center,2025
Joakim Kemell,1.65,3.3,2,Right Wing,2025
Liam Greentree,0,0,0,Right Wing,2025
Jack St. Ivany,1.71,32.4,19,Defense,2025
Radim Zohorna,0,0,0,Left Wing,2025
Austin Watson,2.5,32.5,13,Left Wing,2025
Max Jones,1.08,28.1,26,Left Wing,2025
Brendan Brisson,0.12,1.0999999999999999,9,Center,2025
Andreas Athanasiou,1.17,9.399999999999999,8,Left Wing,2025
Trevor Lewis,1.72,103.1,60,Center,2025
Jordan Harris,1.49,49.2,33,Defense,2025
Cole Reinhardt,1.31,22.2,17,Left Wing,2025
Kyle Quincey,0,0,0,Defense,2025
Jacob Bryson,1.17,56.0,48,Defense,2025
Isaac Howard,0,0,0,Left Wing,2025
Oliver Wahlstrom,1.5,64.60000000000001,43,Right Wing,2025
Olivier Rodrigue,0.5,0.5,1,Goalie,2025
Artyom Zagidulin,0,0,0,Goalie,2025
Arshdeep Bains,0.78,10.2,13,Left Wing,2025
Tomas Nosek,1.45,85.3,59,Center,2025
Carter Hutton,0,0,0,Goalie,2025
Nikita Zaitsev,0,0,0,Defense,2025
Michael Stone,0,0,0,Defense,2025
Jesper Fast,0,0,0,Right Wing,2025
Valtteri Puustinen,1.48,19.299999999999997,13,Left Wing,2025
Ethen Frank,2.01,48.199999999999996,24,Right Wing,2025
Alex Stalock,0,0,0,Goalie,2025
Ville Heinola,1.33,24.0,18,Defense,2025
Derek Ryan,1.13,40.6,36,Right Wing,2025
Jesse Ylonen,0,0,0,Right Wing,2025
Isaak Phillips,2.83,8.5,3,Defense,2025
Dmitriy Simashev,0,0,0,Defense,2025
Samuel Helenius,1.87,93.3,50,Center,2025
Jakub Zboril,0,0,0,Defense,2025
Ryan Shea,1.38,54.0,39,Defense,2025
Owen Beck,1.16,13.899999999999999,12,Center,2025
Drew Commesso,-0.16,-0.16000000000000014,1,Goalie,2025
Joshua Mahura,1.75,112.3,64,Defense,2025
Oliver Kylington,1.71,32.5,19,Defense,2025
Filip Zadina,0,0,0,Right Wing,2025
William Lagesson,1.5,10.5,7,Defense,2025
Dennis Cholowski,1.79,70.0,39,Defense,2025
Oliver Kapanen,0.59,10.600000000000001,18,Center,2025
Vinni Lettieri,1.82,47.2,26,Center,2025
Magnus Chrona,0,0,0,Goalie,2025
Danil  Yurtaykin,0,0,0,Left Wing,2025
Vinnie Hinostroza,1.97,74.9,38,Right Wing,2025
Ryan Johansen,0,0,0,Center,2025
Patrick Brown,1.69,25.4,15,Center,2025
Josiah Slavin,0,0,0,Left Wing,2025
Isak Rosen,0.44,3.5,8,Left Wing,2025
Christian Fischer,1.36,62.599999999999994,46,Right Wing,2025
Jeffrey Viel,1.68,8.4,5,Left Wing,2025
Carson Bjarnason,0,0,0,Goalie,2025
Alex Goligoski,0,0,0,Defense,2025
Ethan Del Mastro,2.13,51.1,24,Defense,2025
Marc Del Gaizo,2.27,104.3,46,Defense,2025
Nolan Allan,1.64,70.5,43,Defense,2025
Caleb Jones,1.05,6.300000000000001,6,Defense,2025
Alexander Edler,0,0,0,Defense,2025
Oskar Back,1.26,92.10000000000001,73,Right Wing,2025
Nikolas Matinpalo,1.26,51.6,41,Defense,2025
Olle Eriksson Ek,0,0,0,Goalie,2025
Devin Cooley,0,0,0,Goalie,2025
Tristan Luneau,0.47,2.8,6,Defense,2025
Jake Christiansen,1.49,101.4,68,Defense,2025
Alex Burrows,0,0,0,Right Wing,2025
Eddie Lack,0,0,0,Goalie,2025
Mads Sogaard,3.04,3.04,1,Goalie,2025
Alexander Yelesin,0,0,0,Defense,2025
Jacob Peterson,0,0,0,Center,2025
Kevan Miller,0,0,0,Defense,2025
Marc McLaughlin,1.64,23.0,14,Center,2025
Michael Hrabal,0,0,0,Goalie,2025
Mike Condon,0,0,0,Goalie,2025
Chris Driedger,0,0,0,Goalie,2025
Igor Chernyshov,0,0,0,Left Wing,2025
Nicolas Aube-Kubel,1.13,24.8,22,Right Wing,2025
Matt Nieto,1.02,32.6,32,Left Wing,2025
Joey Anderson,0.79,14.2,18,Right Wing,2025
Ethan Bear,0,0,0,Defense,2025
Tyce Thompson,0,0,0,Right Wing,2025
Michael Blunden,0,0,0,Right Wing,2025
Jordan Oesterle,2.42,89.4,37,Defense,2025
Robert Bortuzzo,1.97,33.5,17,Defense,2025
Pheonix Copley,0,0,0,Goalie,2025
Cody McLeod,0,0,0,Left Wing,2025
John Hayden,2.15,43.0,20,Right Wing,2025
Riley Stillman,0.84,4.2,5,Defense,2025
Terik Parascak,0,0,0,Right Wing,2025
Alex Barre-Boulet,-0.4,-0.7999999999999999,2,Left Wing,2025
Ilya Nabokov,0,0,0,Goalie,2025
Connor Carrick,0,0,0,Defense,2025
Ben Hutton,2.06,22.7,11,Defense,2025
Tanner Molendyk,0,0,0,Defense,2025
Tristan Bertucci,0,0,0,Defense,2025
J.T.  Brown,0,0,0,Right Wing,2025
Kevin Rooney,1.4,98.19999999999999,70,Center,2025
David Gustafsson,1.47,52.800000000000004,36,Center,2025
Ryan Winterton,0.38,4.6,12,Center,2025
Linus Karlsson,2.17,50.0,23,Center,2025
Sacha Boisvert,0,0,0,Center,2025
EJ Emery,0,0,0,Defense,2025
Ian Mitchell,1.17,17.6,15,Defense,2025
Marc Johnstone,0,0,0,Right Wing,2025
Kevin Labanc,1.92,65.3,34,Right Wing,2025
Cal Petersen,0,0,0,Goalie,2025
Cody Franson,0,0,0,Defense,2025
Nikita Nesterenko,1.99,39.9,20,Left Wing,2025
Colby Barlow,0,0,0,Left Wing,2025
Billy Sweezey,0,0,0,Defense,2025
Ryan Johnson,0.7,2.1,3,Defense,2025
Zack MacEwen,1.94,40.7,21,Center,2025
Darren Archibald,0,0,0,Left Wing,2025
Carter George,0,0,0,Goalie,2025
Kenneth Appleby,0,0,0,Goalie,2025
Adam Jiricek,0,0,0,Defense,2025
Nils Aman,1.41,26.800000000000004,19,Center,2025
Matej Blumel,1.04,7.3,7,Left Wing,2025
Pierre-Edouard Bellemare,0,0,0,Right Wing,2025
Egor Yakovlev,0,0,0,Defense,2025
Emil Bemstrom,0.76,10.7,14,Center,2025
Justin Dowling,1.0,51.9,52,Center,2025
Rodrigo Abols,1.21,26.7,22,Center,2025
Noah Gregor,1.42,74.1,52,Center,2025
Yaniv Perets,0,0,0,Goalie,2025
Patrick Wiercioch,0,0,0,Defense,2025
Maxwell Crozier,1.58,7.9,5,Defense,2025
Tobias Bjornfot,0.61,8.5,14,Defense,2025
Isaiah George,1.43,47.2,33,Defense,2025
Paul Stastny,0,0,0,Center,2025
Derick Brassard,0,0,0,Center,2025
Patric Hornqvist,0,0,0,Right Wing,2025
Conor Sheary,0.18,0.9,5,Left Wing,2025
Matt Benning,0.76,5.300000000000001,7,Defense,2025
Pavel Francouz,0,0,0,Goalie,2025
Lukas Cormier,0,0,0,Defense,2025
Beau Akey,0,0,0,Defense,2025
Stian Solberg,0,0,0,Defense,2025
Darren Helm,0,0,0,Center,2025
Rory Kerins,3.86,19.3,5,Center,2025
Jakub Voracek,0,0,0,Right Wing,2025
Vladimir Tkachev,0,0,0,Left Wing,2025
Jaret Anderson-Dolan,2.67,18.7,7,Center,2025
Justin Bailey,0,0,0,Right Wing,2025
Anton Stralman,0,0,0,Defense,2025
Nikita Artamonov,0,0,0,Left Wing,2025
Troy Grosenick,0,0,0,Goalie,2025
Hugo Alnefelt,0,0,0,Goalie,2025
Keith Kinkaid,0,0,0,Goalie,2025
Jack LaFontaine,0,0,0,Goalie,2025
Magnus Hellberg,0,0,0,Goalie,2025
Derek Dorsett,0,0,0,Right Wing,2025
Cam Lund,0.88,9.700000000000001,11,Center,2025
Andrew Poturalski,1.87,5.6,3,Center,2025
Kevin He,0,0,0,Left Wing,2025
Brendan Lemieux,0,0,0,Left Wing,2025
Dean Letourneau,0,0,0,Center,2025
Michael Sgarbossa,3.53,10.6,3,Center,2025
Matthew Berlin,0,0,0,Goalie,2025
Brinson Pasichnuk,0,0,0,Defense,2025
Danil Gushchin,0.82,9.8,12,Right Wing,2025
Devin Shore,1.08,59.3,55,Center,2025
Phillip Di Giuseppe,2.1,42.0,20,Left Wing,2025
Yegor Surin,0,0,0,Center,2025
Hudson Fasching,0.9,38.9,43,Right Wing,2025
Vasily Ponomarev,0.53,3.7,7,Center,2025
Calen Addison,0,0,0,Defense,2025
John Ludvig,1.92,15.399999999999999,8,Defense,2025
Landon Bow,0,0,0,Goalie,2025
Dylan Wells,0,0,0,Goalie,2025
Eemil Vinni,0,0,0,Goalie,2025
Antti Raanta,0,0,0,Goalie,2025
Ben Lovejoy,0,0,0,Defense,2025
Andre Lee,1.51,28.7,19,Left Wing,2025
Quinn Hutson,0.4,0.8,2,Right Wing,2025
Eduard Sale,0,0,0,Right Wing,2025
Jujhar Khaira,0,0,0,Left Wing,2025
Jake Muzzin,0,0,0,Defense,2025
Victor Mete,0,0,0,Defense,2025
Samuel Bolduc,-1.0,-1.0,1,Defense,2025
Trent Miner,1.38,1.38,1,Goalie,2025
Adam Gajan,0,0,0,Goalie,2025
Damian Clara,0,0,0,Goalie,2025
Lukas Dragicevic,0,0,0,Defense,2025
Carson Rehkopf,0,0,0,Left Wing,2025
Grigori Denisenko,2.1,2.1,1,Left Wing,2025
David Schlemko,0,0,0,Defense,2025
Chris Wideman,0,0,0,Defense,2025
Mikael Pyyhtia,1.11,52.2,47,Left Wing,2025
Dominik Shine,1.53,13.8,9,Right Wing,2025
Olle Lycksell,1.12,21.3,19,Right Wing,2025
Felix Unger Sorum,0,0,0,Right Wing,2025
Max Willman,0,0,0,Center,2025
Nolan Foote,1.11,7.8,7,Left Wing,2025
Nick DeSimone,2.25,45.0,20,Defense,2025
Evan Gardner,0,0,0,Goalie,2025
Keaton Middleton,1.57,64.4,41,Defense,2025
Dysin Mayo,0,0,0,Defense,2025
Alexander Petrovic,1.24,6.2,5,Defense,2025
Kyle Capobianco,-0.5,-0.5,1,Defense,2025
Mark  Letestu,0,0,0,Center,2025
Andrew Cogliano,0,0,0,Center,2025
Jasper Weatherby,0,0,0,Center,2025
Evgeny Svechnikov,0,0,0,Left Wing,2025
Chris Wagner,1.06,29.599999999999998,28,Right Wing,2025
Sam O'Reilly,0,0,0,Right Wing,2025
Matvei Gridin,0,0,0,Right Wing,2025
Walker Duehr,1.05,25.2,24,Right Wing,2025
Ben Danford,0,0,0,Defense,2025
Nathan Beaulieu,0,0,0,Defense,2025
Tyson Kozak,1.91,40.1,21,Center,2025
Filip Mesar,0,0,0,Right Wing,2025
Kyle Clifford,0,0,0,Left Wing,2025
Nick Abruzzese,0,0,0,Center,2025
Trey Fix-Wolansky,0,0,0,Right Wing,2025
Par  Lindholm,0,0,0,Center,2025
Riley Tufte,0.22,1.2999999999999998,6,Left Wing,2025
Ivan Prosvetov,0,0,0,Goalie,2025
Adam Wilsby,2.01,46.300000000000004,23,Defense,2025
Mikhail Gulyayev,0,0,0,Defense,2025
Spencer Stastney,1.03,23.6,23,Defense,2025
Jared Boll,0,0,0,Right Wing,2025
Riley Heidt,0,0,0,Center,2025
Drake Caggiula,1.37,9.6,7,Left Wing,2025
Max Sasson,1.49,43.1,29,Center,2025
Josh Dunne,0.6,1.2,2,Center,2025
Sam Gagner,0,0,0,Center,2025
Zack Ostapchuk,1.2,67.2,56,Center,2025
Nikke Kokko,0,0,0,Goalie,2025
Aaron Dell,0,0,0,Goalie,2025
Jiri Patera,0,0,0,Goalie,2025
Mark Borowiecki,0,0,0,Defense,2025
Dylan Coghlan,1.35,8.1,6,Defense,2025
Travis Dermott,0.47,9.0,19,Defense,2025
Cole Schwindt,1.31,55.199999999999996,42,Right Wing,2025
Kasper Halttunen,0,0,0,Right Wing,2025
Roman Kantserov,0,0,0,Right Wing,2025
Raphael Lavoie,0.38,3.4,9,Center,2025
Lucas Pettersson,0,0,0,Center,2025
Hardy Haman Aktell,0,0,0,Defense,2025
Jaycob Megna,0.62,5.0,8,Defense,2025
Igor Ozhiganov,0,0,0,Defense,2025
Rasmus Asplund,0.15,0.9,6,Center,2025
Dakota Mermis,1.68,6.7,4,Defense,2025
Niklas Svedberg,0,0,0,Goalie,2025
Kasimir Kaskisuo,0,0,0,Goalie,2025
Michael McNiven,0,0,0,Goalie,2025
Kevin  Boyle,0,0,0,Goalie,2025
Dylan Ferguson,0,0,0,Goalie,2025
Marco Scandella,0,0,0,Defense,2025
Tucker Poolman,0,0,0,Defense,2025
Jay Beagle,0,0,0,Center,2025
Filip Bystedt,0,0,0,Center,2025
Kieffer Bellows,1.73,32.900000000000006,19,Left Wing,2025
Pierre-Cedric Labrie,0,0,0,Left Wing,2025
Angus Crookshank,1.14,9.1,8,Left Wing,2025
Sam Poulin,1.17,8.2,7,Left Wing,2025
Nikita Grebenkin,0.34,2.4,7,Right Wing,2025
Brad Hunt,0,0,0,Defense,2025
Josef Korenar,0,0,0,Goalie,2025
Hunter Miska,0,0,0,Goalie,2025
Kevin Mandolese,0,0,0,Goalie,2025
Philip Kemp,0,0,0,Defense,2025
Jacob MacDonald,0,0,0,Defense,2025
Ryan Murray,0,0,0,Defense,2025
Patrik Koch,0,0,0,Defense,2025
Sammy Blais,0,0,0,Left Wing,2025
Jeff Malott,1.32,15.899999999999999,12,Left Wing,2025
Zach Dean,0,0,0,Center,2025
Jonas Rondbjerg,0.08,1.1,13,Right Wing,2025
Marek Vanacker,0,0,0,Left Wing,2025
Andrew Basha,0,0,0,Left Wing,2025
Ozzy Wiesblatt,2.04,10.2,5,Right Wing,2025
Nick Holden,0,0,0,Defense,2025
Jake Chelios,0,0,0,Defense,2025
Harrison Brunicke,0,0,0,Defense,2025
Julien Gauthier,0.6,0.6,1,Right Wing,2025
Colin White,0.1,0.29999999999999993,3,Center,2025
Jakub Skarek,1.48,1.4800000000000004,1,Goalie,2025
Maxime Lagace,0,0,0,Goalie,2025
Erik Kallgren,0,0,0,Goalie,2025
Jason Demers,0,0,0,Defense,2025
Mark Friedman,0.92,4.6,5,Defense,2025
Christian Wolanin,0,0,0,Defense,2025
Victor Soderstrom,0,0,0,Defense,2025
Kevin Gravel,2.38,14.3,6,Defense,2025
Noah Philp,1.27,19.0,15,Center,2025
Ryan Carpenter,0,0,0,Center,2025
Matt Stienburg,1.59,12.7,8,Center,2025
Mason Morelli,0.2,0.19999999999999996,1,Left Wing,2025
Jansen Harkins,1.38,85.4,62,Center,2025
Grant Hutton,1.7,22.1,13,Defense,2025
Brady Cleveland,0,0,0,Defense,2025
Colton White,0,0,0,Defense,2025
Stefan Elliott,0,0,0,Defense,2025
Casey Fitzgerald,0,0,0,Defense,2025
Zac Dalpe,0,0,0,Right Wing,2025
Pierrick Dube,0,0,0,Right Wing,2025
Tyler Pitlick,0,0,0,Right Wing,2025
Brett Murray,-0.37,-1.1,3,Left Wing,2025
Derek Stepan,0,0,0,Center,2025
Mitchell Stephens,0.61,17.1,28,Center,2025
Tanner Laczynski,0.95,7.6,8,Center,2025
Tom Hodges,0,0,0,Goalie,2025
Jared Coreau,0,0,0,Goalie,2025
Zach Sawchenko,0,0,0,Goalie,2025
Keith Petruzzelli,0,0,0,Goalie,2025
Alexei Melnichuk,0,0,0,Goalie,2025
Matt Tomkins,0,0,0,Goalie,2025
Michael Houser,0,0,0,Goalie,2025
Daemon Hunt,1.7,1.7,1,Defense,2025
Radim Simek,0,0,0,Defense,2025
Cameron Crotty,-1.0,-1.0,1,Defense,2025
Jarred Tinordi,0,0,0,Defense,2025
Nick Swaney,0,0,0,Right Wing,2025
Gage Quinney,0,0,0,Left Wing,2025
Ben Meyers,0.32,2.5999999999999996,8,Right Wing,2025
Otto Stenberg,0,0,0,Center,2025
Chris DiDomenico,0,0,0,Left Wing,2025
Reid Schaefer,0,0,0,Left Wing,2025
Jakob Silfverberg,0,0,0,Right Wing,2025
Travis Boyd,0.6,1.8,3,Center,2025
Samuel Fagemo,0,0,0,Left Wing,2025
Brady Keeper,0,0,0,Defense,2025
Vincent Iorio,0,0,0,Defense,2025
Paul Postma,0,0,0,Defense,2025
Taylor Fedun,0,0,0,Defense,2025
Leon Muggli,0,0,0,Defense,2025
Matt Kiersted,3.5,7.0,2,Defense,2025
Georgii Merkulov,1.35,8.1,6,Center,2025
Alex Steeves,2.51,17.6,7,Right Wing,2025
Jake Leschyshyn,0,0,0,Center,2025
Alec Regula,0,0,0,Defense,2025
Gustav Lindstrom,0,0,0,Defense,2025
Victor Ostman,0,0,0,Goalie,2025
Jon Gillies,0,0,0,Goalie,2025
Brandon Halverson,-1.82,-1.8200000000000003,1,Goalie,2025
Ilya Solovyov,0,0,0,Defense,2025
Jack Ahcan,1.1,2.2,2,Defense,2025
Jason Garrison,0,0,0,Defense,2025
Kevin Czuczman,0,0,0,Defense,2025
Danny DeKeyser,0,0,0,Defense,2025
Yan Kuznetsov,0,0,0,Defense,2025
Oskar Olausson,0.95,1.9000000000000001,2,Right Wing,2025
Sampo Ranta,0,0,0,Left Wing,2025
Charlie Stramel,0,0,0,Center,2025
Rasmus Kumpulainen,0,0,0,Center,2025
Nick Ritchie,0,0,0,Left Wing,2025
Dominic Toninato,0.8,4.0,5,Center,2025
Justin Hryckowian,1.4,7.0,5,Center,2025
Emil Hemming,0,0,0,Right Wing,2025
Rem Pitlick,0,0,0,Center,2025
Zachary Hayes,0,0,0,Defense,2025
Daniil Misyul,-0.2,-0.19999999999999996,1,Defense,2025
Gabriel Carlsson,0,0,0,Defense,2025
Justin Braun,0,0,0,Defense,2025
Mike Vecchione,0,0,0,Center,2025
Jackson Cates,0,0,0,Center,2025
James Malatesta,0.65,1.2999999999999998,2,Left Wing,2025
Jan Jenik,-0.2,-0.4,2,Center,2025
Danny Nelson,0,0,0,Center,2025
Ryan Suzuki,0.8,1.6,2,Center,2025
Matthew Highmore,1.22,50.1,41,Center,2025
Joseph LaBate,2.88,17.3,6,Center,2025
Dylan Duke,2.85,5.7,2,Left Wing,2025
Reese Johnson,1.17,3.5,3,Right Wing,2025
Collin Delia,0,0,0,Goalie,2025
Nikita Tolopilo,6.06,6.06,1,Goalie,2025
Kaden Fulcher,0,0,0,Goalie,2025
Felix Sandstrom,0,0,0,Goalie,2025
Vladislav Provolnev,0,0,0,Defense,2025
Mike Liambas,0,0,0,Defense,2025
Tyler Benson,0,0,0,Left Wing,2025
Anton Wedin,0,0,0,Left Wing,2025
William Bitten,0,0,0,Right Wing,2025
Brad Malone,0,0,0,Left Wing,2025
Andrew Agozzino,0,0,0,Left Wing,2025
Alexander Burmistrov,0,0,0,Center,2025
Mackenzie MacEachern,0,0,0,Left Wing,2025
Egor Afanasyev,0,0,0,Left Wing,2025
Jere Innala,0.48,8.2,17,Left Wing,2025
Adam Erne,0,0,0,Left Wing,2025
Teddy Stiga,0,0,0,Center,2025
Laurent Dauphin,0,0,0,Center,2025
CJ Suess,0,0,0,Left Wing,2025
Jake Lucchini,-0.13,-0.3999999999999999,3,Left Wing,2025
Nikita Prishchepov,0.48,4.8,10,Left Wing,2025
Nathan Clurman,1.7,1.7,1,Defense,2025
Cameron  Schilling,0,0,0,Defense,2025
Jack Rathbone,0,0,0,Defense,2025
Marshall Rifai,0,0,0,Defense,2025
Steven Santini,1.5,1.5,1,Defense,2025
Ben Harpur,0,0,0,Defense,2025
Ronnie Attard,0,0,0,Defense,2025
Otto Koivula,0,0,0,Left Wing,2025
Sean Farrell,0,0,0,Left Wing,2025
Brian Halonen,0.25,0.5,2,Right Wing,2025
Lucas Condotta,1.07,7.5,7,Center,2025
Jonathan Gruden,0,0,0,Center,2025
Ethan Gauthier,0,0,0,Right Wing,2025
Jimmy Huntington,0,0,0,Left Wing,2025
Alex Belzile,0,0,0,Center,2025
William Lockwood,0,0,0,Right Wing,2025
Shane Bowers,0.65,2.5999999999999996,4,Center,2025
Tanner Howe,0,0,0,Left Wing,2025
Anton Blidh,0,0,0,Left Wing,2025
Adam Beckman,0,0,0,Center,2025
Juha Jaaska,1.47,26.4,18,Left Wing,2025
Matthew Phillips,0,0,0,Center,2025
Liam Foudy,-0.15,-0.30000000000000004,2,Right Wing,2025
Brandon Biro,0,0,0,Left Wing,2025
Brendan Gaunce,0.94,11.3,12,Center,2025
Eetu Makiniemi,0,0,0,Goalie,2025
Ales Stezka,0.4,0.40000000000000036,1,Goalie,2025
Shane Starrett,0,0,0,Goalie,2025
Markus  Hannikainen,0,0,0,Left Wing,2025
Maksymilian Szuber,0,0,0,Defense,2025
Trevor Carrick,0,0,0,Defense,2025
Wyatt Kalynuk,0,0,0,Defense,2025
Matt Irwin,0,0,0,Defense,2025
Scott Sabourin,-0.9,-0.8999999999999999,1,Right Wing,2025
Nathan Smith,0,0,0,Left Wing,2025
Sammy Walker,0,0,0,Left Wing,2025
Egor Sokolov,0,0,0,Left Wing,2025
James Hamblin,0,0,0,Right Wing,2025
Ryan Greene,0.85,1.7,2,Center,2025
Hugh McGing,0,0,0,Center,2025
Nikita Alexandrov,0,0,0,Center,2025
Ben Jones,0.98,25.6,26,Center,2025
Jack Studnicka,0,0,0,Center,2025
Brennan Menell,0,0,0,Defense,2025
Jakub Jerabek,0,0,0,Defense,2025
Erik Burgdoerfer,0,0,0,Defense,2025
Mikko Lehtonen,0,0,0,Defense,2025
Will O'Neill,0,0,0,Defense,2025
Spencer Gill,0,0,0,Defense,2025
William Dufour,0,0,0,Right Wing,2025
Chris Tierney,0,0,0,Center,2025
Joe Snively,0,0,0,Right Wing,2025
Lenni Hameenaho,0,0,0,Right Wing,2025
Hayden Hodgson,1.25,2.5,2,Right Wing,2025
Josh Bailey,0,0,0,Left Wing,2025
Wade Megan,0,0,0,Center,2025
Karsen Dorwart,0.82,4.1,5,Left Wing,2025
Riley Sheahan,0,0,0,Center,2025
MacKenzie Entwistle,0,0,0,Right Wing,2025
Ben Street,0,0,0,Center,2025
Logan Brown,0,0,0,Center,2025
Linus Eriksson,0,0,0,Center,2025
C.J. Smith,0,0,0,Left Wing,2025
Nikolai Knyzhov,0,0,0,Defense,2025
John Leonard,0,0,0,Left Wing,2025
Boris Katchouk,0,0,0,Left Wing,2025
Jake Livingstone,0,0,0,Defense,2025
Andrej Sustr,0,0,0,Defense,2025
Guillaume Brisebois,1.0,3.0,3,Defense,2025
Gustav Olofsson,0,0,0,Defense,2025
Alfons Freij,0,0,0,Defense,2025
Leo Sahlin Wallenius,0,0,0,Defense,2025
Kirill Kudryavtsev,1.95,3.9,2,Defense,2025
Jimmy Schuldt,0.65,5.2,8,Defense,2025
Adam Raska,0,0,0,Left Wing,2025
Arttu Hyry,1.34,6.7,5,Right Wing,2025
Jack Dugan,0,0,0,Right Wing,2025
Cole Guttman,0,0,0,Center,2025
Graeme Clarke,0,0,0,Right Wing,2025
Carey Terrance,0,0,0,Center,2025
Marian Studenic,0,0,0,Right Wing,2025
Byron Froese,0,0,0,Center,2025
Anders Bjork,0,0,0,Left Wing,2025
Zack Mitchell,0,0,0,Right Wing,2025
Fredrik Olofsson,0,0,0,Left Wing,2025
Kole Sherwood,0,0,0,Right Wing,2025
Max Veronneau,0,0,0,Right Wing,2025
Kalle Kossila,0,0,0,Left Wing,2025
David Gust,0,0,0,Right Wing,2025
Callahan Burke,1.5,10.5,7,Center,2025
Kole Lind,0,0,0,Right Wing,2025
Ryder Ritchie,0,0,0,Right Wing,2025
Jacob Battaglia,0,0,0,Right Wing,2025
T.J. Tynan,0.86,7.7,9,Center,2025
Sheldon Rempal,0,0,0,Right Wing,2025
Justin Kloos,0,0,0,Center,2025
Santeri Hatakka,0,0,0,Defense,2025
Mattias Norlinder,0,0,0,Defense,2025
Kale Clague,0,0,0,Defense,2025
Adam Ginning,-0.2,-0.19999999999999996,1,Defense,2025
Dean Kukan,0,0,0,Defense,2025
Tim Berni,0,0,0,Defense,2025
Brogan Rafferty,0,0,0,Defense,2025
Nate Prosser,0,0,0,Defense,2025
Charlie Elick,0,0,0,Defense,2025
Derrick Pouliot,0,0,0,Defense,2025
Helge Grans,1.55,9.3,6,Defense,2025
Justin Richards,0,0,0,Center,2025
Joseph Gambardella,0,0,0,Left Wing,2025
Carter Mazur,0.0,0.0,1,Left Wing,2025
Mike Hardman,3.05,6.1,2,Right Wing,2025
Frederik Tiffels,0,0,0,Left Wing,2025
Anton Wahlberg,0,0,0,Center,2025
Jacob Gaucher,0.7,2.8,4,Center,2025
Jayden Halbgewachs,0,0,0,Left Wing,2025
Cory Conacher,0,0,0,Left Wing,2025
Waltteri Merela,0,0,0,Right Wing,2025
Semyon Der-Arguchintsev,0,0,0,Right Wing,2025
Josh Archibald,0,0,0,Right Wing,2025
Brian Gibbons,0,0,0,Left Wing,2025
Carter Rowney,0,0,0,Right Wing,2025
Rudolfs Balcers,0,0,0,Left Wing,2025
Daniel Carr,0,0,0,Left Wing,2025
Aleksi Heponiemi,0,0,0,Center,2025
Max Comtois,0,0,0,Left Wing,2025
Karson Kuhlman,0,0,0,Center,2025
Matthew Maggio,0,0,0,Right Wing,2025
Patrick Giles,0.81,13.8,17,Right Wing,2025
Roby Jarventie,0,0,0,Left Wing,2025
Tristan Lennox,0,0,0,Goalie,2025
Isaac Poulter,0,0,0,Goalie,2025
Nick Cicek,0,0,0,Defense,2025
Brandon Manning,0,0,0,Defense,2025
Akito Hirose,0,0,0,Defense,2025
Cole McWard,0,0,0,Defense,2025
Jakub Dvorak,0,0,0,Defense,2025
Etienne Morin,0,0,0,Defense,2025
Gavin Bayreuther,0,0,0,Defense,2025
Andreas Borgman,0,0,0,Defense,2025
Roland McKeown,0,0,0,Defense,2025
Nikita Okhotiuk,0,0,0,Defense,2025
Corey Schueneman,1.15,4.6,4,Defense,2025
Ryan Ufko,0.3,0.3,1,Defense,2025
Ian Moore,2.2,6.6,3,Defense,2025
Jean-Luc Foudy,0,0,0,Right Wing,2025
Parker Ford,2.67,8.0,3,Center,2025
Clark Bishop,1.03,6.199999999999999,6,Center,2025
Logan Morrison,0,0,0,Center,2025
Vadim Shipachyov,0,0,0,Left Wing,2025
Dryden Hunt,2.7,13.5,5,Left Wing,2025
Marek Hrivik,0,0,0,Left Wing,2025
Pavol Regenda,0,0,0,Center,2025
Lane Pederson,0,0,0,Center,2025
Damien Giroux,0,0,0,Center,2025
Nico Myatovic,0,0,0,Left Wing,2025
David Edstrom,0,0,0,Center,2025
Melker  Karlsson,0,0,0,Right Wing,2025
Josh Leivo,0,0,0,Left Wing,2025
Adam Ruzicka,0,0,0,Center,2025
Michael Raffl,0,0,0,Left Wing,2025
Dennis Rasmussen,0,0,0,Center,2025
Derek Grant,0,0,0,Center,2025
Julius Miettinen,0,0,0,Center,2025
Zach Sanford,0,0,0,Left Wing,2025
Samuel Knazko,0,0,0,Defense,2025
Olle Alsing,0,0,0,Defense,2025
Casey Nelson,0,0,0,Defense,2025
Stanislav Svozil,0,0,0,Defense,2025
Michael Callahan,0.72,12.3,17,Defense,2025
Frederic Allard,0,0,0,Defense,2025
Lawrence Pilut,0,0,0,Defense,2025
Maxim Strbak,0,0,0,Defense,2025
Dmitri Samorukov,0,0,0,Defense,2025
Louie Belpedio,0,0,0,Defense,2025
Brian Lashoff,0,0,0,Defense,2025
Mac Hollowell,0,0,0,Defense,2025
Lucas Johansen,0,0,0,Defense,2025
Jesse Pulkkinen,0,0,0,Defense,2025
Riley Duran,1.2,2.4,2,Center,2025
Bo Groulx,0,0,0,Center,2025
Ruslan Iskhakov,0,0,0,Left Wing,2025
Cameron Hillis,0,0,0,Center,2025
Cameron Butler,0,0,0,Right Wing,2025
Denis Gurianov,0,0,0,Left Wing,2025
Philippe Maillet,0,0,0,Center,2025
Riley Nash,0,0,0,Center,2025
Antoine Roussel,0,0,0,Left Wing,2025
Owen Sillinger,1.4,1.4,1,Center,2025
Mathias Brome,0,0,0,Left Wing,2025
Ondrej Kase,0,0,0,Right Wing,2025
Oskar Steen,0,0,0,Center,2025
Lias Andersson,0,0,0,Center,2025
Sheldon Dries,0,0,0,Center,2025
Henrik Borgstrom,0,0,0,Center,2025
Max Plante,0,0,0,Left Wing,2025
Kamil Bednarik,0,0,0,Center,2025
Jack Berglund,0,0,0,Center,2025
Nic Petan,0,0,0,Center,2025
Andy Andreoff,0,0,0,Left Wing,2025
Dylan Gambrell,0,0,0,Center,2025
Cam Dineen,1.23,4.9,4,Defense,2025
Markus Niemelainen,0,0,0,Defense,2025
Michal Kempny,0,0,0,Defense,2025
Philip Holm,0,0,0,Defense,2025
Jakub Galvas,0,0,0,Defense,2025
Joel Persson,0,0,0,Defense,2025
Kristians Rubins,0,0,0,Defense,2025
Matt Tennyson,0,0,0,Defense,2025
Ben Gleason,0,0,0,Defense,2025
Bogdan Kiselevich,0,0,0,Defense,2025
Lukas Fischer,0,0,0,Defense,2025
Filip Johansson,0,0,0,Defense,2025
Oscar  Fantenberg,0,0,0,Defense,2025
Jesper Froden,0,0,0,Right Wing,2025
Chase Bradley,0.4,0.8,2,Left Wing,2025
Turner Elson,0,0,0,Left Wing,2025
Jean-Sebastien Dea,0,0,0,Center,2025
Jacob Melanson,1.2,1.2,1,Right Wing,2025
Milos Kelemen,0,0,0,Left Wing,2025
Giovanni Fiore,0,0,0,Left Wing,2025
Axel Jonsson-Fjallby,0,0,0,Left Wing,2025
Ondrej Pavel,0,0,0,Center,2025
Carson Meyer,0,0,0,Right Wing,2025
Fredrik  Handemark,0,0,0,Center,2025
Lukas Radil,0,0,0,Left Wing,2025
Teemu Pulkkinen,0,0,0,Left Wing,2025
Mason Shaw,0,0,0,Center,2025
Joel Teasdale,0,0,0,Left Wing,2025
Max McCormick,0,0,0,Left Wing,2025
Victor Ejdsell,0,0,0,Center,2025
Ryan Kuffner,0,0,0,Left Wing,2025
Buddy Robinson,0,0,0,Right Wing,2025
Steven Fogarty,0,0,0,Center,2025
Donovan Sebrango,-0.5,-1.0,2,Defense,2025
Victor Antipin,0,0,0,Defense,2025
Frederic Brunet,2.2,2.2,1,Defense,2025
Libor Hajek,0,0,0,Defense,2025
Jacob Larsson,0,0,0,Defense,2025
Juuso Riikola,0,0,0,Defense,2025
Christian  Folin,0,0,0,Defense,2025
Lassi Thomson,0,0,0,Defense,2025
Ethan Prow,0,0,0,Defense,2025
Dillon Heatherington,0,0,0,Defense,2025
Adam Kleber,0,0,0,Defense,2025
Robin Salo,0,0,0,Defense,2025
Marcus Bjork,0,0,0,Defense,2025
Elliot Desnoyers,0,0,0,Left Wing,2025
Samuel Laberge,0,0,0,Left Wing,2025
Jack Rodewald,0,0,0,Right Wing,2025
Josh Currie,0,0,0,Right Wing,2025
Nathan Legare,1.23,3.6999999999999997,3,Right Wing,2025
Filip Hallander,0,0,0,Center,2025
Hunter McKown,0,0,0,Center,2025
Curtis Valk,0,0,0,Center,2025
Brandon Gignac,0,0,0,Center,2025
Matt Read,0,0,0,Right Wing,2025
Austin Czarnik,0,0,0,Right Wing,2025
Tyler Angle,0,0,0,Center,2025
Alex Chiasson,0,0,0,Right Wing,2025
Matthew Robertson,2.25,4.5,2,Left Wing,2025
Jacob Quillan,0.3,0.3,1,Center,2025
Kyle Criscuolo,0,0,0,Center,2025
Josh Jooris,0,0,0,Center,2025
Daniel Catenacci,0,0,0,Center,2025
Taro Hirose,0,0,0,Left Wing,2025
Arttu Ruotsalainen,0,0,0,Center,2025
Jack Finley,1.5,1.5,1,Center,2025
Rhett Gardner,0,0,0,Center,2025
Yohann Auvitu,0,0,0,Defense,2025
Joe Hicketts,0,0,0,Defense,2025
Calle Rosen,0,0,0,Defense,2025
Markus Nutivaara,0,0,0,Defense,2025
Patrik Nemeth,0,0,0,Defense,2025
Andrei Mironov,0,0,0,Defense,2025
Scott Harrington,0,0,0,Defense,2025
Nick Lappin,0,0,0,Right Wing,2025
Bryce Kindopp,0,0,0,Right Wing,2025
Michael Milne,0.9,0.8999999999999999,1,Left Wing,2025
Joakim Nygard,0,0,0,Left Wing,2025
Andreas Martinsen,0,0,0,Left Wing,2025
Martin Misiak,0,0,0,Right Wing,2025
Oscar Fisker Molgaard,0,0,0,Center,2025
Charles Hudon,0,0,0,Left Wing,2025
Scott Reedy,0,0,0,Center,2025
Tye Felhaber,0.3,1.5,5,Left Wing,2025
Tim  Schaller,0,0,0,Left Wing,2025
Ethan Cardwell,1.25,7.5,6,Right Wing,2025
Gaetan Haas,0,0,0,Center,2025
Joel Kellman,0,0,0,Center,2025
Martin Kaut,0,0,0,Center,2025
Nathan Villeneuve,0,0,0,Center,2025
Marc Michaelis,0,0,0,Left Wing,2025
Vitali Kravtsov,0,0,0,Left Wing,2025
Saku Maenalanen,0,0,0,Right Wing,2025
Jason Polin,0.7,1.4000000000000001,2,Right Wing,2025
Joseph Cramarossa,0,0,0,Center,2025
Ben McCartney,0,0,0,Left Wing,2025
Libor Sulak,0,0,0,Defense,2025
Dan Renouf,0,0,0,Defense,2025
Filip Kral,0,0,0,Defense,2025
Brandon Scanlin,0,0,0,Defense,2025
Josh Teves,0,0,0,Defense,2025
Dominik Badinka,0,0,0,Defense,2025
Filip Roos,0,0,0,Defense,2025
Jiri Smejkal,0,0,0,Left Wing,2025
Alexandre Fortin,0,0,0,Left Wing,2025
Henrik Haapala,0,0,0,Left Wing,2025
Anthony Greco,0,0,0,Right Wing,2025
Danick Martel,0,0,0,Center,2025
Chasen Balisy,0,0,0,Center,2025
Joona Luoto,0,0,0,Right Wing,2025
Jakob  Lilja,0,0,0,Left Wing,2025
Fredrik Karlstrom,0,0,0,Center,2025
Lukas Sedlak,0,0,0,Center,2025
Linus Sandin,0,0,0,Right Wing,2025
Adam Brooks,0,0,0,Center,2025
Rourke Chartier,0,0,0,Center,2025
Cole Bardreau,0,0,0,Right Wing,2025
Antti Suomela,0,0,0,Center,2025
Brett Ritchie,0,0,0,Right Wing,2025
Andreas Johnsson,0,0,0,Left Wing,2025
Matt Luff,0,0,0,Right Wing,2025
Kirill Semyonov,0,0,0,Center,2025
Jayson Megna,0,0,0,Center,2025
Aidan McDonough,0,0,0,Left Wing,2025
Tristen Robins,0,0,0,Right Wing,2025
Jacob Perreault,0,0,0,Right Wing,2025
Ashton Sautner,0,0,0,Defense,2025
Maxime Lajoie,0,0,0,Defense,2025
Andrew Gibson,0,0,0,Defense,2025
Austin Strand,0,0,0,Defense,2025
Colin Ralph,0,0,0,Defense,2025
Jordan Gross,0,0,0,Defense,2025
Mikhail Maltsev,0,0,0,Left Wing,2025
Aku Raty,0,0,0,Right Wing,2025
Felix Nilsson,0,0,0,Center,2025
Lean  Bergmann,0,0,0,Left Wing,2025
Jacob Nilsson,0,0,0,Center,2025
Andrew Crescenzi,0,0,0,Center,2025
Dominik Kahun,0,0,0,Center,2025
Denis Malgin,0,0,0,Center,2025
Kristian Reichel,0,0,0,Center,2025
Brett Seney,0,0,0,Left Wing,2025
Maxence Guenette,0,0,0,Defense,2025
Gabriel Eliasson,0,0,0,Defense,2025
Jon Lizotte,0,0,0,Defense,2025
Otto Leskinen,0,0,0,Defense,2025
Tanner Fritz,0,0,0,Center,2025
John Farinacci,6.1,6.1,1,Center,2025
Gabriel Fortier,0,0,0,Left Wing,2025
Gustav Rydahl,0,0,0,Center,2025
Gracyn Sawchyn,0,0,0,Center,2025
Micheal Haley,0,0,0,Center,2025
Lukas Rousek,0,0,0,Right Wing,2025
Nikita Soshnikov,0,0,0,Right Wing,2025
Luke Philp,0,0,0,Center,2025
Anton Levtchi,0,0,0,Left Wing,2025
Alexander True,0,0,0,Center,2025
Gerry Mayhew,0,0,0,Right Wing,2025
Arnaud Durandeau,0,0,0,Left Wing,2025
Austin Wagner,0,0,0,Left Wing,2025
Reilly Walsh,0,0,0,Defense,2025
Ville Ottavainen,5.6,5.6,1,Defense,2025
David Farrance,0,0,0,Defense,2025
Daniel Brickley,0,0,0,Defense,2025
Patrick Russell,0,0,0,Right Wing,2025
Andrei  Chibisov,0,0,0,Right Wing,2025
Kalan Lind,0,0,0,Left Wing,2025
Oskar Lindblom,0,0,0,Left Wing,2025
Glenn Gawdin,0,0,0,Center,2025
Tanner Kero,0,0,0,Center,2025
Ty Mueller,1.55,3.1,2,Center,2025
Joel L'Esperance,0,0,0,Center,2025
Mark Streit,0,0,0,Defense,2025
Antti Niemi,0,0,0,Goalie,2025
Josh Gorges,0,0,0,Defense,2025
Joel Ward,0,0,0,Right Wing,2025
Andrew Hammond,0,0,0,Goalie,2025
Carter Hart,0,0,0,Goalie,2025
Cal Foote,0,0,0,Defense,2025
Dan Girardi,0,0,0,Defense,2025
Zach Parise,0,0,0,Left Wing,2025
David Krejci,0,0,0,Center,2025
Alex Galchenyuk,0,0,0,Left Wing,2025
David Desharnais,0,0,0,Center,2025
Andy Greene,0,0,0,Defense,2025
Mike Hoffman,0,0,0,Left Wing,2025
Nick Bonino,0,0,0,Center,2025
Zack Kassian,0,0,0,Right Wing,2025
Tyler Bozak,0,0,0,Center,2025
Nicklas Backstrom,0,0,0,Center,2025
Jonathan Toews,0,0,0,Center,2025
Cal Clutterbuck,0,0,0,Right Wing,2025
Milan Lucic,0,0,0,Left Wing,2025
Stephen Gionta,0,0,0,Right Wing,2025
Logan Couture,0,0,0,Center,2025
Phil Kessel,0,0,0,Right Wing,2025
Leon Draisaitl,7.73,548.8000000000001,71,Center,2025
Andrei Vasilevskiy,7.19,452.82,63,Goalie,2025
Alex Ovechkin,6.71,436.1,65,Left Wing,2025
Josh Morrissey,5.35,427.7,80,Defense,2025
Nick Suzuki,5.67,464.69999999999993,82,Center,2025
MacKenzie Weegar,5.69,460.5,81,Defense,2025
Adrian Kempe,5.19,420.70000000000005,81,Right Wing,2025
Travis Konecny,4.6,377.2,82,Right Wing,2025
Evgeni Malkin,3.56,242.2,68,Center,2025
Devon Toews,4.26,323.9,76,Defense,2025
Alexandar Georgiev,3.54,166.44,47,Goalie,2025
Tomas Hertl,5.15,375.59999999999997,73,Center,2025
Alexis Lafreniere,2.95,241.5,82,Left Wing,2025
Justin Faulk,3.25,253.70000000000002,78,Defense,2025
Brent Burns,2.8,229.20000000000002,82,Defense,2025
Adam Larsson,3.4,278.9,82,Defense,2025
Charlie Lindgren,5.51,209.26,38,Goalie,2025
Jamie Benn,3.63,290.09999999999997,80,Left Wing,2025
K'Andre Miller,3.17,234.39999999999998,74,Defense,2025
Brayden Schenn,3.9,320.2,82,Center,2025
Anders Lee,3.97,325.6,82,Left Wing,2025
Alex Killorn,2.77,226.9,82,Right Wing,2025
Kirill Kaprizov,7.0,287.1,41,Left Wing,2025
William Nylander,5.51,452.1,82,Right Wing,2025
Noah Dobson,4.21,298.90000000000003,71,Defense,2025
Dougie Hamilton,4.93,315.29999999999995,64,Defense,2025
Chris Kreider,3.13,212.79999999999998,68,Left Wing,2025
John Carlson,4.65,367.4,79,Defense,2025
Jesper Bratt,5.63,456.2,81,Right Wing,2025
Jake Oettinger,6.74,391.08,58,Goalie,2025
Roope Hintz,4.9,372.4,76,Center,2025
Darnell Nurse,4.35,330.5,76,Defense,2025
Seth Jarvis,5.43,396.70000000000005,73,Right Wing,2025
Sam Bennett,4.31,327.59999999999997,76,Center,2025
Neal Pionk,4.83,333.2,69,Defense,2025
William Karlsson,3.42,181.5,53,Center,2025
Valeri Nichushkin,4.92,211.5,43,Right Wing,2025
Philip Broberg,3.51,238.6,68,Defense,2025
Josh Norris,4.5,251.89999999999998,56,Center,2025
Conor Garland,3.47,281.0,81,Right Wing,2025
Jake Middleton,3.62,242.6,67,Defense,2025
Alex Lyon,5.73,149.04,26,Goalie,2025
Jake Walman,4.93,320.70000000000005,65,Defense,2025
Aliaksei Protas,4.67,354.79999999999995,76,Center,2025
Dmitry Orlov,3.01,228.39999999999998,76,Defense,2025
Alex DeBrincat,4.59,376.4,82,Left Wing,2025
Roman Josi,4.87,258.0,53,Defense,2025
Sam Reinhart,5.98,472.80000000000007,79,Right Wing,2025
Victor Hedman,5.85,462.4,79,Defense,2025
Connor Bedard,4.08,334.6,82,Center,2025
Juuse Saros,4.6,266.72,58,Goalie,2025
Jordan Kyrou,4.86,398.8,82,Right Wing,2025
Alex Tuch,5.37,440.7,82,Right Wing,2025
Matt Boldy,5.01,410.8,82,Left Wing,2025
Mikhail Sergachev,5.0,385.3,77,Defense,2025
Seth Jones,4.41,277.7,63,Defense,2025
Nikolaj Ehlers,5.01,345.8,69,Left Wing,2025
Sean Monahan,5.54,299.1,54,Center,2025
Nino Niederreiter,3.26,267.5,82,Right Wing,2025
Thomas Chabot,4.4,352.4,80,Defense,2025
Logan Cooley,4.49,336.8,75,Center,2025
Dustin Wolf,6.81,360.98,53,Goalie,2025
Troy Terry,3.49,268.7,77,Center,2025
Will Cuylle,4.16,341.5,82,Left Wing,2025
Elvis Merzlikins,5.59,290.58,52,Goalie,2025
Jason Zucker,4.28,312.09999999999997,73,Left Wing,2025
Kent Johnson,4.08,277.3,68,Center,2025
Tony DeAngelo,3.44,120.3,35,Defense,2025
Ryan Donato,4.09,327.4,80,Right Wing,2025
Mikko Rantanen,5.93,486.29999999999995,82,Right Wing,2025
Brady Tkachuk,5.85,421.49999999999994,72,Left Wing,2025
Brayden Point,5.8,446.70000000000005,77,Center,2025
Kyle Connor,6.22,509.7,82,Left Wing,2025
Jack Eichel,6.45,496.6,77,Center,2025
Jake Sanderson,5.25,420.0,80,Defense,2025
Lucas Raymond,4.79,392.9,82,Left Wing,2025
Linus Ullmark,6.79,291.96000000000004,43,Goalie,2025
Zach Werenski,6.85,555.1,81,Defense,2025
Thomas Harley,4.84,377.9,78,Defense,2025
Marco Rossi,3.8,311.9,82,Center,2025
Macklin Celebrini,4.67,327.20000000000005,70,Center,2025
Lane Hutson,4.99,409.4,82,Defense,2025
Bryan Rust,4.77,338.70000000000005,71,Right Wing,2025
Jackson LaCombe,4.33,324.9,75,Defense,2025
Anthony Cirelli,4.34,346.9,80,Center,2025
Matvei Michkov,3.79,303.3,80,Right Wing,2025
Pius Suter,3.13,253.7,81,Center,2025
Boone Jenner,4.37,113.60000000000001,26,Center,2025
Andrei Kuzmenko,2.71,178.99999999999997,66,Left Wing,2025
Filip Hronek,3.94,240.29999999999998,61,Defense,2025
Will Smith,2.73,202.20000000000002,74,Center,2025
Jake DeBrusk,3.65,298.90000000000003,82,Right Wing,2025
Petr Mrazek,4.11,156.0,38,Goalie,2025
Adam Fox,5.43,402.1,74,Defense,2025
Mitch Marner,6.16,499.0,81,Right Wing,2025
Andrei Svechnikov,4.15,299.09999999999997,72,Left Wing,2025
Tage Thompson,5.35,406.9,76,Center,2025
Vince Dunn,4.38,271.5,62,Defense,2025
Mark Scheifele,6.0,492.4,82,Center,2025
Shea Theodore,5.38,360.70000000000005,67,Defense,2025
Stuart Skinner,5.68,284.14,50,Goalie,2025
Dylan Guenther,4.96,347.0,70,Right Wing,2025
Kirill Marchenko,5.14,406.4,79,Left Wing,2025
Pyotr Kochetkov,5.8,272.44,47,Goalie,2025
J.T. Miller,5.43,390.79999999999995,72,Center,2025
Zach Hyman,3.79,277.0,73,Right Wing,2025
Auston Matthews,6.64,444.7,67,Center,2025
Shayne Gostisbehere,4.51,315.5,70,Defense,2025
Mason Marchment,4.45,276.1,62,Left Wing,2025
William Eklund,3.87,298.09999999999997,77,Left Wing,2025
Trevor Moore,3.32,235.6,71,Left Wing,2025
Jet Greaves,9.18,100.96,11,Goalie,2025
Jackson Blake,2.57,205.89999999999998,80,Right Wing,2025
Taylor Hall,3.15,242.50000000000003,77,Left Wing,2025
Jonas Johansson,6.17,111.12,18,Goalie,2025
Artemi Panarin,5.18,414.1,80,Left Wing,2025
Evan Bouchard,5.59,458.40000000000003,82,Defense,2025
Aleksander Barkov,5.69,381.20000000000005,67,Center,2025
Erik Karlsson,3.94,323.4,82,Defense,2025
Brad Marchand,4.19,297.3,71,Left Wing,2025
Sergei Bobrovsky,6.38,344.34,54,Goalie,2025
Drew Doughty,4.65,139.5,30,Defense,2025
Patrik Laine,3.95,205.2,52,Right Wing,2025
Noah Hanifin,3.63,290.79999999999995,80,Defense,2025
Nazem Kadri,4.52,370.40000000000003,82,Center,2025
Frederik Andersen,5.86,129.01999999999998,22,Goalie,2025
Joseph Woll,6.95,285.1,41,Goalie,2025
Pierre-Luc Dubois,4.56,373.7,82,Center,2025
Nick Schmaltz,3.75,307.09999999999997,82,Right Wing,2025
Tyler Bertuzzi,2.82,231.5,82,Left Wing,2025
Barrett Hayton,3.3,270.8,82,Center,2025
Vladislav Namestnikov,3.15,245.4,78,Center,2025
Matthew Tkachuk,5.97,310.59999999999997,52,Right Wing,2025
Mark Stone,5.29,349.0,66,Right Wing,2025
Jonathan Drouin,3.97,170.7,43,Left Wing,2025
Dylan DeMelo,2.87,235.5,82,Defense,2025
Adam Fantilli,4.12,337.5,82,Center,2025
Nathan MacKinnon,7.44,587.9,79,Center,2025
Filip Forsberg,5.11,419.4,82,Left Wing,2025
Moritz Seider,5.16,422.9,82,Defense,2025
Igor Shesterkin,5.7,347.48,61,Goalie,2025
Tim Stutzle,5.15,422.09999999999997,82,Center,2025
Kris Letang,3.66,270.6,74,Defense,2025
Joel Eriksson Ek,4.69,215.7,46,Center,2025
Mike Matheson,3.62,289.29999999999995,80,Defense,2025
Kevin Fiala,4.3,348.59999999999997,81,Left Wing,2025
Robert Thomas,5.5,384.9,70,Center,2025
Ilya Sorokin,6.11,366.36,60,Goalie,2025
Rasmus Andersson,3.36,272.4,81,Defense,2025
Tom Wilson,5.76,466.2,81,Right Wing,2025
Rickard Rakell,4.63,375.1,81,Right Wing,2025
Dylan Holloway,5.06,389.3,77,Center,2025
Brayden McNabb,3.45,283.2,82,Defense,2025
Jordan Binnington,5.79,312.64,54,Goalie,2025
Pavel Buchnevich,3.84,292.09999999999997,76,Right Wing,2025
Luke Hughes,3.71,263.7,71,Defense,2025
Quinton Byfield,3.77,305.7,81,Center,2025
Karel Vejmelka,5.73,315.08,55,Goalie,2025
Mackie Samoskevich,2.96,213.1,72,Left Wing,2025
Dylan Samberg,3.79,227.10000000000002,60,Defense,2025
Mason McTavish,3.74,284.6,76,Center,2025
David Pastrnak,6.46,529.8,82,Right Wing,2025
Mika Zibanejad,3.75,307.4,82,Center,2025
Dylan Larkin,4.42,362.5,82,Center,2025
John Tavares,5.83,437.6,75,Center,2025
Jonathan Marchessault,3.7,288.40000000000003,78,Right Wing,2025
Clayton Keller,5.23,423.8,81,Left Wing,2025
Sam Montembeault,6.0,359.86,60,Goalie,2025
Brandt Clarke,3.49,271.9,78,Defense,2025
Matt Duchene,4.79,392.7,82,Center,2025
Anthony Stolarz,7.98,263.48,33,Goalie,2025
Alex Laferriere,3.65,281.3,77,Right Wing,2025
Jonathan Huberdeau,4.26,345.3,81,Left Wing,2025
Darcy Kuemper,7.38,368.96,50,Goalie,2025
Pavel Dorofeyev,4.13,338.7,82,Right Wing,2025
Connor McMichael,3.9,319.79999999999995,82,Center,2025
Owen Power,3.27,258.40000000000003,79,Defense,2025
Morgan Rielly,3.56,291.8,82,Defense,2025
Teuvo Teravainen,3.15,257.9,82,Right Wing,2025
Bobby McMann,3.29,243.7,74,Center,2025
Mathieu Olivier,3.85,315.4,82,Center,2025
Oliver Ekman-Larsson,3.31,255.1,77,Defense,2025
Brock Boeser,3.48,261.1,75,Right Wing,2025
Christian Dvorak,2.26,185.29999999999998,82,Left Wing,2025
Connor McDavid,7.03,471.3,67,Center,2025
Sidney Crosby,5.58,446.50000000000006,80,Center,2025
Rasmus Dahlin,6.47,472.2,73,Defense,2025
Jason Robertson,5.27,431.79999999999995,82,Left Wing,2025
Connor Hellebuyck,8.33,516.5799999999999,62,Goalie,2025
Wyatt Johnston,4.95,405.6,82,Center,2025
Brock Faber,3.11,242.70000000000002,78,Defense,2025
Ryan Nugent-Hopkins,3.81,297.3,78,Center,2025
Brandon Montour,4.14,335.1,81,Defense,2025
Anze Kopitar,4.37,353.6,81,Center,2025
Cole Caufield,4.65,381.7,82,Left Wing,2025
Jeremy Swayman,4.83,280.32,58,Goalie,2025
Bo Horvat,3.99,323.40000000000003,81,Center,2025
Martin Necas,5.37,424.20000000000005,79,Right Wing,2025
Dylan Strome,5.11,419.4,82,Center,2025
Matthew Knies,4.89,381.1,78,Left Wing,2025
Lukas Dostal,6.12,299.74,49,Goalie,2025
Logan Thompson,7.92,332.74,42,Goalie,2025
Mattias Ekholm,4.04,262.4,65,Defense,2025
Carter Verhaeghe,3.84,311.20000000000005,81,Left Wing,2025
Cam Fowler,3.86,262.7,68,Defense,2025
Fabian Zetterlund,3.44,289.09999999999997,84,Right Wing,2025
Frank Vatrano,3.9,316.0,81,Right Wing,2025
MacKenzie Weegar,3.66,288.8,79,Defense,2026
Jacob Trouba,3.88,313.9,81,Defense,2026
Gabriel Vilardi,4.03,330.2,82,Center,2026
Alex Laferriere,4.05,332.20000000000005,82,Right Wing,2026
Colton Parayko,2.76,212.4,77,Defense,2026
Ryan Nugent-Hopkins,4.0,287.90000000000003,72,Center,2026
Jordan Kyrou,3.21,231.2,72,Right Wing,2026
Carter Verhaeghe,3.61,277.9,77,Left Wing,2026
Dustin Wolf,4.99,274.22,55,Goalie,2026
Matt Coronato,2.75,219.9,80,Right Wing,2026
Shea Theodore,3.91,273.79999999999995,70,Defense,2026
William Eklund,3.35,261.4,78,Left Wing,2026
Simon Edvinsson,3.73,268.79999999999995,72,Defense,2026
Roope Hintz,4.77,252.8,53,Center,2026
Brock Boeser,3.07,230.3,75,Right Wing,2026
Jake Walman,2.89,153.2,53,Defense,2026
Lukas Dostal,5.45,299.68,55,Goalie,2026
Jesper Wallstedt,7.5,247.48,33,Goalie,2026
Anthony Cirelli,4.58,325.4,71,Center,2026
Kevin Fiala,3.92,219.79999999999998,56,Left Wing,2026
Jake DeBrusk,3.08,249.20000000000002,81,Right Wing,2026
Anze Kopitar,3.43,230.1,67,Center,2026
Alexander Wennberg,3.35,268.4,80,Center,2026
Esa Lindell,3.58,293.9,82,Defense,2026
Stuart Skinner,5.21,260.5,50,Goalie,2026
Brandon Bussi,7.04,274.52,39,Goalie,2026
Neal Pionk,3.09,157.8,51,Defense,2026
Drew Doughty,2.64,190.3,72,Defense,2026
Brady Skjei,2.52,206.7,82,Defense,2026
Mason Marchment,4.06,275.8,68,Left Wing,2026
Jared Spurgeon,2.83,223.3,79,Defense,2026
Frank Vatrano,1.73,86.5,50,Right Wing,2026
Sean Durzi,3.27,196.3,60,Defense,2026
Jordan Binnington,3.77,147.04,39,Goalie,2026
Marco Rossi,3.21,160.29999999999998,50,Center,2026
Quinton Byfield,3.61,285.1,79,Center,2026
Frederik Andersen,4.38,153.24,35,Goalie,2026
Luke Hughes,3.45,234.79999999999998,68,Defense,2026
Conor Garland,2.49,177.1,71,Right Wing,2026
Evander Kane,2.9,206.10000000000002,71,Left Wing,2026
Marco Kasper,2.11,170.89999999999998,81,Center,2026
Fabian Zetterlund,2.76,226.20000000000002,82,Right Wing,2026
Sam Montembeault,4.6,105.88,23,Goalie,2026
Jacob Markstrom,4.91,211.26,43,Goalie,2026
Thatcher Demko,4.62,92.42,20,Goalie,2026
Zack Bolduc,2.7,210.60000000000002,78,Center,2026
Matty Beniers,3.21,263.0,82,Center,2026
Kaiden Guhle,3.35,130.6,39,Defense,2026
Jet Greaves,6.31,334.34,53,Goalie,2026
Charlie Coyle,3.97,325.8,82,Center,2026
Charlie Lindgren,5.07,101.38,20,Goalie,2026
Dan Vladar,6.21,316.64,51,Goalie,2026
Aliaksei Protas,3.74,284.2,76,Center,2026
Jonathan Huberdeau,2.86,142.9,50,Left Wing,2026
Brayden Schenn,3.04,243.20000000000002,80,Center,2026
Mathieu Olivier,3.96,241.6,61,Center,2026
Ryan Hartman,3.72,283.0,76,Center,2026
Alex Vlasic,2.01,162.5,81,Defense,2026
Barrett Hayton,2.46,164.7,67,Center,2026
Ben Chiarot,2.81,230.1,82,Defense,2026
Martin Fehervary,3.4,275.3,81,Defense,2026
Cam York,3.12,230.9,74,Defense,2026
Blake Coleman,3.96,273.0,69,Right Wing,2026
Tristan Jarry,6.09,176.48,29,Goalie,2026
Lawson Crouse,3.93,318.6,81,Right Wing,2026
Ukko-Pekka Luukkonen,6.94,236.12,34,Goalie,2026
Dmitry Orlov,3.15,258.5,82,Defense,2026
Valeri Nichushkin,3.66,263.3,72,Right Wing,2026
Sean Walker,3.75,303.8,81,Defense,2026
Ivan Provorov,3.31,271.6,82,Defense,2026
Pavel Buchnevich,3.06,247.70000000000002,81,Right Wing,2026
Mario Ferraro,2.97,243.7,82,Defense,2026
Joseph Woll,5.75,218.34,38,Goalie,2026
Brayden McNabb,2.93,184.5,63,Defense,2026
Kyle Palmieri,3.87,96.80000000000001,25,Right Wing,2026
Frank Nazar,3.2,211.0,66,Center,2026
Emil Heineman,3.08,252.3,82,Left Wing,2026
Ryan Donato,2.03,166.6,82,Right Wing,2026
Igor Chernyshov,3.63,101.6,28,Left Wing,2026
Aaron Ekblad,3.17,228.6,72,Defense,2026
Kent Johnson,1.59,120.8,76,Center,2026
Porter Martone,6.67,59.99999999999999,9,Right Wing,2026
Alex Lyon,6.89,234.14000000000001,34,Goalie,2026
Vasily Podkolzin,3.67,301.3,82,Right Wing,2026
Logan Stankoven,3.09,250.2,81,Center,2026
Zeev Buium,2.13,161.8,76,Defense,2026
Boone Jenner,3.83,256.7,67,Center,2026
Vladislav Gavrikov,3.24,265.8,82,Defense,2026
Connor Ingram,5.86,175.92,30,Goalie,2026
Justin Brazeau,3.45,221.0,64,Right Wing,2026
Anton Forsberg,6.76,209.52,31,Goalie,2026
Jake Middleton,2.5,187.8,75,Defense,2026
Jake Allen,5.53,199.04,36,Goalie,2026
Jake Neighbours,3.23,223.0,69,Left Wing,2026
Carter Hart,6.1,109.72,18,Goalie,2026
Casey DeSmith,6.52,182.58,28,Goalie,2026
Akira Schmid,6.11,177.32,29,Goalie,2026
Ryan Leonard,3.7,277.4,75,Right Wing,2026
Oliver Bjorkstrand,2.45,196.3,80,Right Wing,2026
Yaroslav Askarov,4.76,223.7,47,Goalie,2026
Egor Chinakhov,3.06,220.2,72,Right Wing,2026
Claude Giroux,3.31,271.2,82,Right Wing,2026
John Klingberg,3.41,190.8,56,Defense,2026
Vladimir Tarasenko,3.28,246.1,75,Right Wing,2026
Radko Gudas,3.18,177.89999999999998,56,Defense,2026
Collin Graf,3.16,256.1,81,Left Wing,2026
Mackie Samoskevich,2.85,219.5,77,Left Wing,2026
Alexandre Carrier,2.83,206.4,73,Defense,2026
Matt Roy,2.86,226.2,79,Defense,2026
Aleksander Barkov,0,0,0,Center,2026
Noah Cates,3.69,302.7,82,Left Wing,2026
Alexander Romanov,1.8,27.0,15,Defense,2026
Jackson Blake,3.4,275.2,81,Right Wing,2026
Mikey Anderson,2.65,211.6,80,Defense,2026
Sean Monahan,2.63,205.10000000000002,78,Center,2026
Brenden Dillon,2.49,203.8,82,Defense,2026
Warren Foegele,1.9,129.10000000000002,68,Left Wing,2026
Ryan Pulock,3.09,235.1,76,Defense,2026
Jamie Benn,3.49,209.5,60,Left Wing,2026
Tyler Myers,1.93,141.2,73,Defense,2026
Mikael Backlund,2.86,234.9,82,Center,2026
Erik Haula,3.02,244.5,81,Left Wing,2026
Teuvo Teravainen,2.31,173.4,75,Right Wing,2026
Arturs Silovs,5.67,215.32,38,Goalie,2026
Connor McMichael,3.19,248.9,78,Center,2026
Artem Zub,3.24,262.3,81,Defense,2026
Jack Quinn,3.43,281.20000000000005,82,Right Wing,2026
Matias Maccelli,2.27,161.5,71,Left Wing,2026
Luke Evangelista,3.31,268.40000000000003,81,Right Wing,2026
Jaccob Slavin,2.27,88.6,39,Defense,2026
Cole Perfetti,2.62,178.39999999999998,68,Left Wing,2026
Jack Roslovic,2.84,196.3,69,Center,2026
Christian Dvorak,3.38,270.70000000000005,80,Left Wing,2026
Connor Murphy,2.55,204.3,80,Defense,2026
Jean-Gabriel Pageau,3.0,221.89999999999998,74,Center,2026
Philipp Grubauer,6.11,171.14000000000001,28,Goalie,2026
Braden Schneider,2.64,216.1,82,Defense,2026
Shane Wright,2.41,178.20000000000002,74,Center,2026
Andrew Peeke,2.22,171.0,77,Defense,2026
Taylor Hall,3.16,252.79999999999998,80,Left Wing,2026
Morgan Frost,2.92,239.6,82,Center,2026
Trevor Moore,2.71,187.3,69,Left Wing,2026
Jordan Staal,3.35,250.89999999999998,75,Center,2026
Fraser Minten,3.04,249.29999999999998,82,Center,2026
Olli Maatta,2.25,96.9,43,Defense,2026
Rasmus Sandin,3.27,239.0,73,Defense,2026
Parker Kelly,3.18,260.9,82,Center,2026
Marcus Pettersson,2.19,179.9,82,Defense,2026
Ben Kindel,2.81,216.60000000000002,77,Right Wing,2026
Alex Nedeljkovic,5.94,201.8,34,Goalie,2026
Ryan McDonagh,3.28,157.3,48,Defense,2026
Michael Misa,2.41,108.3,45,Center,2026
Andre Burakovsky,1.87,140.60000000000002,75,Right Wing,2026
Cam Fowler,2.33,191.10000000000002,82,Defense,2026
Sean Couturier,2.59,202.3,78,Center,2026
Dylan DeMelo,2.51,206.0,82,Defense,2026
Pyotr Kochetkov,6.92,55.4,8,Goalie,2026
Victor Olofsson,2.35,183.60000000000002,78,Right Wing,2026
Yakov Trenin,3.21,263.1,82,Left Wing,2026
Jeremy Lauzon,3.16,215.10000000000002,68,Defense,2026
Logan Stanley,3.3,251.10000000000002,76,Defense,2026
Kaapo Kakko,3.03,196.79999999999998,65,Right Wing,2026
Mark Kastelic,3.06,251.0,82,Center,2026
David Rittich,5.55,155.46,28,Goalie,2026
Parker Wotherspoon,3.5,280.1,80,Defense,2026
Tyler Seguin,3.4,91.7,27,Right Wing,2026
Ross Colton,2.56,186.7,73,Left Wing,2026
Pavol Regenda,3.75,90.1,24,Center,2026
William Karlsson,3.19,44.6,14,Center,2026
Hampus Lindholm,3.18,213.0,67,Defense,2026
Jamie Drysdale,2.97,231.90000000000003,78,Defense,2026
Gabe Perreault,3.11,152.6,49,Right Wing,2026
Jonathan Quick,3.69,88.56,24,Goalie,2026
Patrik Laine,0.48,2.4000000000000004,5,Right Wing,2026
Nino Niederreiter,1.99,121.2,61,Right Wing,2026
Mavrik Bourque,2.9,238.2,82,Center,2026
Jack McBain,3.34,250.2,75,Center,2026
Matt Savoie,2.76,226.49999999999997,82,Center,2026
Michael Bunting,2.23,165.2,74,Left Wing,2026
Jonathan Toews,1.8,148.0,82,Center,2026
Connor Brown,2.97,222.8,75,Right Wing,2026
Andrei Kuzmenko,2.72,141.5,52,Left Wing,2026
Ilya Protas,4.75,19.0,4,Left Wing,2026
Mason Lohrei,2.91,212.4,73,Defense,2026
Jordan Spence,3.09,225.7,73,Defense,2026
Joel Farabee,2.73,223.5,82,Left Wing,2026
Zayne Parekh,2.01,74.2,37,Defense,2026
Joel Edmundson,2.77,227.4,82,Defense,2026
Artyom Levshunov,2.51,170.4,68,Defense,2026
Ryan Poehling,2.92,219.1,75,Center,2026
Ridly Greig,3.19,245.5,77,Center,2026
Sam Rinzel,2.44,131.5,54,Defense,2026
John Marino,3.19,255.20000000000002,80,Defense,2026
Alex Newhook,3.4,142.6,42,Center,2026
Andrew Copp,2.91,230.2,79,Center,2026
Connor Clifton,3.02,150.9,50,Defense,2026
Nick Blankenburg,2.79,170.4,61,Defense,2026
Kevin Lankinen,3.29,141.5,43,Goalie,2026
Nick Seeler,2.34,187.5,80,Defense,2026
Jonas Brodin,2.96,183.5,62,Defense,2026
Olen Zellweger,2.52,191.4,76,Defense,2026
Teddy Blueger,2.89,101.3,35,Center,2026
Jamie Oleksiak,2.42,188.8,78,Defense,2026
Alex Steeves,3.46,148.9,43,Right Wing,2026
Eetu Luostarinen,2.92,213.3,73,Left Wing,2026
Simon Holmstrom,2.78,219.60000000000002,79,Right Wing,2026
Adam Klapka,2.72,215.1,79,Right Wing,2026
Brett Pesce,1.95,72.1,37,Defense,2026
Zach Whitecloud,2.48,193.6,78,Defense,2026
Scott Laughton,2.58,164.8,64,Center,2026
A.J. Greer,3.35,261.1,78,Left Wing,2026
Nick Paul,1.95,99.4,51,Center,2026
Chris Tanev,2.34,25.7,11,Defense,2026
Colten Ellis,7.1,99.42,14,Goalie,2026
Pavel Mintyukov,2.58,188.6,73,Defense,2026
Matthew Wood,2.61,185.20000000000002,71,Left Wing,2026
Erik Gudbranson,2.08,77.0,37,Defense,2026
Vitek Vanecek,3.49,66.34,19,Goalie,2026
Justin Sourdif,3.02,235.5,78,Right Wing,2026
Michael McCarron,2.53,199.7,79,Right Wing,2026
Arber Xhekaj,1.94,126.19999999999999,65,Defense,2026
Phillip Danault,1.67,124.9,75,Center,2026
Anthony Duclair,2.55,158.1,62,Left Wing,2026
Brendan Gallagher,2.07,159.6,77,Right Wing,2026
Logan Mailloux,2.06,138.0,67,Defense,2026
Tanner Jeannot,2.68,206.60000000000002,77,Right Wing,2026
Kirby Dach,2.8,103.6,37,Center,2026
Ilya Mikheyev,2.44,187.8,77,Left Wing,2026
James Reimer,5.41,70.32,13,Goalie,2026
Axel Sandin-Pellikka,1.97,134.1,68,Defense,2026
Evan Rodrigues,2.53,174.3,69,Center,2026
Samuel Ersson,4.56,132.34,29,Goalie,2026
Samuel Girard,2.46,147.4,60,Defense,2026
Jonas Johansson,4.97,114.24000000000001,23,Goalie,2026
Max Domi,2.35,187.7,80,Center,2026
Daniil Tarasov,5.07,157.16,31,Goalie,2026
Jake Evans,2.38,162.1,68,Center,2026
Damon Severson,3.51,249.29999999999998,71,Defense,2026
Gage Goncalves,2.82,208.70000000000002,74,Center,2026
Erik Cernak,2.77,168.9,61,Defense,2026
James van Riemsdyk,2.15,154.5,72,Left Wing,2026
Marcus Foligno,2.85,159.6,56,Right Wing,2026
Josh Anderson,2.67,192.0,72,Right Wing,2026
James Hagens,2.65,5.3,2,Center,2026
Nick Foligno,2.52,136.2,54,Left Wing,2026
Adam Henrique,1.78,115.8,65,Left Wing,2026
Pius Suter,2.75,175.8,64,Center,2026
J.T. Compher,1.77,145.2,82,Right Wing,2026
Ryker Evans,2.37,158.6,67,Defense,2026
Easton Cowan,2.63,173.5,66,Right Wing,2026
Jonas Siegenthaler,2.2,180.5,82,Defense,2026
Marc-Andre Fleury,0,0,0,Goalie,2026
Matt Rempe,1.36,35.4,26,Center,2026
Nikke Kokko,3.69,11.059999999999999,3,Goalie,2026
Alex Iafallo,2.63,207.5,79,Left Wing,2026
Jonathan Drouin,1.95,124.80000000000001,64,Left Wing,2026
Matt Grzelcyk,1.51,104.10000000000001,69,Defense,2026
Devin Cooley,6.17,160.4,26,Goalie,2026
Louis Crevier,3.04,237.4,78,Defense,2026
Ryan Shea,3.18,254.4,80,Defense,2026
Beck Malenstyn,2.47,199.7,81,Left Wing,2026
Adam Lowry,2.3,160.8,70,Center,2026
Andrew Mangiapane,1.51,93.7,62,Right Wing,2026
Nico Daws,6.79,20.38,3,Goalie,2026
Frederick Gaudreau,2.01,136.8,68,Center,2026
Nate Schmidt,2.68,219.7,82,Defense,2026
Bobby Brink,2.71,184.5,68,Right Wing,2026
Carter Yakemchuk,3.27,13.1,4,Defense,2026
Bo Groulx,3.32,43.2,13,Center,2026
Stefan Noesen,1.47,55.699999999999996,38,Left Wing,2026
Brandon Carlo,2.31,126.80000000000001,55,Defense,2026
Kasperi Kapanen,2.75,112.7,41,Right Wing,2026
Cody Glass,2.45,171.6,70,Center,2026
Yegor Sharangovich,1.95,152.3,78,Center,2026
Jack Drury,2.16,176.9,82,Center,2026
Casey Mittelstadt,2.87,203.5,71,Center,2026
Dylan Samberg,2.38,157.0,66,Defense,2026
Reilly Smith,1.84,127.2,69,Right Wing,2026
Dennis Hildeby,7.02,98.22,14,Goalie,2026
Elias N. Pettersson,1.87,131.2,70,Defense,2026
Dakota Joshua,2.97,163.60000000000002,55,Center,2026
Braeden Bowman,2.14,115.3,54,Right Wing,2026
Cole Reinhardt,1.98,116.79999999999998,59,Left Wing,2026
Kevin Rooney,5.2,5.2,1,Center,2026
Marat Khusnutdinov,2.48,191.0,77,Center,2026
David Perron,2.67,173.6,65,Right Wing,2026
Trevor van Riemsdyk,1.96,133.3,68,Defense,2026
Morgan Barron,2.78,180.5,65,Center,2026
Alexandre Texier,2.79,142.1,51,Center,2026
Rasmus Ristolainen,3.06,134.8,44,Defense,2026
Jason Dickinson,1.95,125.1,64,Center,2026
Tye Kartye,2.55,163.0,64,Left Wing,2026
Vincent Desharnais,2.58,136.6,53,Defense,2026
Sam Dickinson,1.8,129.7,72,Defense,2026
Philipp Kurashev,2.52,108.2,43,Left Wing,2026
Nicholas Robertson,2.26,175.9,78,Left Wing,2026
Tyler Kleven,2.85,199.7,70,Defense,2026
Alexander Kerfoot,2.44,83.0,34,Center,2026
Maxim Tsyplakov,0.74,36.1,49,Right Wing,2026
Angus Booth,7.3,7.3,1,Defense,2026
Joel Armia,2.62,175.6,67,Right Wing,2026
Arseny Gritsyuk,2.66,175.5,66,Right Wing,2026
Kevin Stenlund,1.47,117.80000000000001,80,Right Wing,2026
Lian Bichsel,2.46,123.19999999999999,50,Defense,2026
Simon Benoit,1.93,141.0,73,Defense,2026
Evgenii Dadonov,0.45,10.9,24,Right Wing,2026
Niko Mikkola,2.19,149.0,68,Defense,2026
Colton Dach,2.31,140.9,61,Center,2026
Petr Mrazek,3.08,24.64,8,Goalie,2026
Alex Killorn,2.47,202.6,82,Right Wing,2026
Cole Sillinger,2.54,205.4,81,Center,2026
Adam Pelech,2.45,200.7,82,Defense,2026
Yanni Gourde,2.21,181.6,82,Center,2026
Kevin Bahl,2.54,192.7,76,Defense,2026
Keegan Kolesar,2.16,177.4,82,Right Wing,2026
Matvei Gridin,2.56,94.89999999999999,37,Right Wing,2026
Connor Dewar,2.83,220.89999999999998,78,Center,2026
Sebastian Aho,5.36,423.2,79,Center,2026
Carl Grundstrom,2.73,128.4,47,Left Wing,2026
Ty Dellandrea,2.09,96.1,46,Right Wing,2026
Michael Rasmussen,1.67,107.1,64,Center,2026
Tommy Novak,2.58,211.79999999999998,82,Center,2026
TJ Brodie,0,0,0,Defense,2026
Alex Pietrangelo,0,0,0,Defense,2026
Dalibor Dvorsky,2.02,143.5,71,Center,2026
Sam Steel,2.55,185.79999999999998,73,Center,2026
Arvid Soderblom,4.33,103.82,24,Goalie,2026
David Reinbacher,2.95,5.9,2,Defense,2026
Anthony Beauvillier,2.51,205.9,82,Right Wing,2026
Danila Yurov,2.16,158.0,73,Right Wing,2026
Calvin Pickard,4.27,55.540000000000006,13,Goalie,2026
Calum Ritchie,2.41,156.5,65,Center,2026
Nathan Walker,2.53,116.19999999999999,46,Center,2026
Michael Amadio,2.7,218.60000000000002,81,Right Wing,2026
Dylan Garand,10.01,30.02,3,Goalie,2026
Filip Chytil,1.32,15.8,12,Center,2026
Alexander Nylander,0,0,0,Left Wing,2026
Trent Frederic,1.52,112.69999999999999,74,Left Wing,2026
Ryan Reaves,1.43,71.6,50,Right Wing,2026
Shakir Mukhamadullin,2.19,109.4,50,Defense,2026
Nicolas Roy,2.07,152.9,74,Center,2026
Luke Schenn,2.2,110.1,50,Defense,2026
Will Borgen,2.39,178.89999999999998,75,Defense,2026
Aatu Raty,1.82,120.1,66,Center,2026
Sam Carrick,2.0,145.8,73,Center,2026
Alexander Petrovic,2.49,134.4,54,Defense,2026
Luca Cagnoni,1.47,4.4,3,Defense,2026
Noel Acciari,2.68,179.6,67,Center,2026
Nic Dowd,2.25,169.10000000000002,75,Center,2026
Jordan Martinook,2.7,207.9,77,Left Wing,2026
Garnet Hathaway,2.02,133.1,66,Right Wing,2026
Ryan Lindgren,1.83,139.2,76,Defense,2026
Isaac Howard,0.91,26.400000000000002,29,Left Wing,2026
Brett Howden,2.41,139.5,58,Left Wing,2026
Connor Zary,1.93,143.1,74,Center,2026
Emil Lilleberg,2.94,147.2,50,Defense,2026
Jeff Skinner,2.19,70.0,32,Left Wing,2026
Michael Carcone,2.64,208.6,79,Right Wing,2026
Berkly Catton,1.48,97.80000000000001,66,Center,2026
Nick Perbix,1.56,123.6,79,Defense,2026
Adam Gaudette,2.33,154.1,66,Center,2026
Justin Hryckowian,2.5,202.2,81,Center,2026
Joel Ward,0,0,0,Right Wing,2026
Brett Kulak,1.63,135.1,83,Defense,2026
Ville Husso,5.2,98.84,19,Goalie,2026
Dante Fabbro,1.85,137.0,74,Defense,2026
Scott Mayfield,1.92,153.6,80,Defense,2026
Zemgus Girgensons,2.43,179.6,74,Center,2026
Nick Lardis,1.95,80.0,41,Left Wing,2026
Tom Willander,2.0,140.2,70,Defense,2026
Drew O'Connor,2.19,179.4,82,Left Wing,2026
Nils Lundkvist,2.02,104.8,52,Defense,2026
Jacob Melanson,2.43,87.4,36,Right Wing,2026
Domenick Fensore,0.2,0.19999999999999996,1,Defense,2026
Chris Kunitz,0,0,0,Left Wing,2026
Kirill Kudryavtsev,3.87,11.600000000000001,3,Defense,2026
Brandon Tanev,1.44,80.9,56,Left Wing,2026
Roger McQueen,0,0,0,Center,2026
Linus Karlsson,2.17,171.70000000000002,79,Center,2026
Isak Rosen,1.57,58.1,37,Left Wing,2026
Ryan Greene,1.91,155.0,81,Center,2026
Barclay Goodrow,1.59,130.1,82,Center,2026
Ethen Frank,2.59,160.5,62,Right Wing,2026
Jalen Chatfield,2.13,153.7,72,Defense,2026
Trent Miner,10.11,30.34,3,Goalie,2026
Conor Geekie,1.74,24.3,14,Center,2026
Rutger McGroarty,1.6,38.4,24,Right Wing,2026
Konsta Helenius,2.39,21.5,9,Center,2026
Yan Kuznetsov,2.54,144.9,57,Defense,2026
Ross Johnston,2.41,149.29999999999998,62,Left Wing,2026
Josh Gorges,0,0,0,Defense,2026
Kaedan Korczak,2.19,170.89999999999998,78,Defense,2026
Kailer Yamamoto,2.29,135.3,59,Right Wing,2026
Tyler Tucker,2.32,160.4,69,Defense,2026
Zachary L'Heureux,2.52,62.900000000000006,25,Left Wing,2026
Mason Appleton,1.77,115.00000000000001,65,Right Wing,2026
Uvis Balinskis,2.37,128.0,54,Defense,2026
Drew Helleson,2.24,134.2,60,Defense,2026
Taylor Raddysh,1.98,134.39999999999998,68,Right Wing,2026
Jeffrey Viel,2.51,112.9,45,Left Wing,2026
Ville Koivunen,0.98,38.2,39,Right Wing,2026
Adam Sykora,2.77,30.5,11,Left Wing,2026
Maxim Shabanov,2.03,89.39999999999999,44,Right Wing,2026
Tij Iginla,0,0,0,Center,2026
Brandon Duhaime,1.76,144.4,82,Left Wing,2026
Mark Giordano,0,0,0,Defense,2026
Joseph LaBate,2.2,2.1999999999999997,1,Center,2026
Ryan Suter,0,0,0,Defense,2026
Nick Cousins,2.49,201.6,81,Center,2026
Ilya Samsonov,0,0,0,Goalie,2026
Ryan Ufko,3.53,63.5,18,Defense,2026
Cody Ceci,1.38,113.2,82,Defense,2026
Joe Pavelski,0,0,0,Right Wing,2026
Caleb Desnoyers,0,0,0,Center,2026
Jonathan Lekkerimaki,1.19,15.5,13,Right Wing,2026
Jiri Kulich,2.32,27.9,12,Center,2026
P.A. Parenteau,0,0,0,Right Wing,2026
Jeff Carter,0,0,0,Center,2026
Vladislav Namestnikov,1.78,106.89999999999999,60,Center,2026
Noah Laba,2.31,171.1,74,Center,2026
Zach Parise,0,0,0,Left Wing,2026
Avery Hayes,2.25,36.0,16,Right Wing,2026
Sergei Murashov,6.22,24.88,4,Goalie,2026
Denver Barkey,2.15,92.3,43,Center,2026
Gavin Brindley,1.51,84.39999999999999,56,Center,2026
Brooks Laich,0,0,0,Center,2026
Matthew Robertson,2.43,175.3,72,Defense,2026
Jayden Struble,2.15,126.9,59,Defense,2026
Henri Jokiharju,2.6,106.8,41,Defense,2026
Timothy Liljegren,2.43,114.1,47,Defense,2026
Dennis Wideman,0,0,0,Defense,2026
Alex Burrows,0,0,0,Right Wing,2026
Leevi Merilainen,3.34,63.459999999999994,19,Goalie,2026
Brady Martin,1.47,4.4,3,Center,2026
Marc Gatcomb,2.13,104.6,49,Left Wing,2026
Ty Emberson,2.1,151.2,72,Defense,2026
Liam Ohgren,1.51,104.2,69,Left Wing,2026
Casey Cizikas,2.0,162.4,81,Center,2026
Alexey Toropchenko,1.86,120.6,65,Right Wing,2026
Carson Soucy,1.94,147.8,76,Defense,2026
Nikita Tolopilo,4.1,73.86,18,Goalie,2026
Victor Eklund,4.0,4.0,1,Left Wing,2026
Sean Kuraly,1.91,156.9,82,Center,2026
Alexandar Georgiev,0,0,0,Goalie,2026
Ondrej Palat,1.71,136.7,80,Left Wing,2026
Conor Timmins,2.24,87.4,39,Defense,2026
Marc Staal,0,0,0,Defense,2026
Zach Bogosian,1.9,78.0,41,Defense,2026
Alexander Zharovsky,0,0,0,Right Wing,2026
Ilya Lyubushkin,2.3,122.0,53,Defense,2026
Sebastian Cossa,0,0,0,Goalie,2026
Oliver Bonk,10.8,10.799999999999999,1,Defense,2026
Curtis Douglas,1.71,73.4,43,Center,2026
Ryan Strome,1.99,103.5,52,Center,2026
Malcolm Subban,0,0,0,Goalie,2026
Mark Streit,0,0,0,Defense,2026
Cole Koepke,2.29,151.3,66,Left Wing,2026
Zack Ostapchuk,1.61,94.8,59,Center,2026
Elmer Soderblom,1.79,105.4,59,Left Wing,2026
Paul Cotter,1.52,120.0,79,Center,2026
Michael Hage,0,0,0,Center,2026
Mike Reilly,2.27,95.3,42,Defense,2026
Kyle Quincey,0,0,0,Defense,2026
Nicklas Backstrom,0,0,0,Center,2026
Semyon Varlamov,0,0,0,Goalie,2026
Devon Levi,0,0,0,Goalie,2026
Scott Sabourin,2.7,70.30000000000001,26,Right Wing,2026
Johnathan Kovacevic,2.53,86.0,34,Defense,2026
Jonathan Aspirot,2.89,176.10000000000002,61,Defense,2026
Michael Kesselring,1.73,58.7,34,Defense,2026
Michael Eyssimont,2.22,122.3,55,Right Wing,2026
Michael Brandsegg-Nygard,1.21,17.0,14,Right Wing,2026
Lukas Reichel,1.49,43.300000000000004,29,Left Wing,2026
Oliver Moore,1.7,86.60000000000001,51,Center,2026
Martin Pospisil,1.96,43.1,22,Left Wing,2026
Colin Miller,1.25,22.5,18,Defense,2026
Victor Mancini,1.1,26.3,24,Defense,2026
Radek Faksa,2.08,120.4,58,Center,2026
Jeff Glass,0,0,0,Goalie,2026
Marc-Edouard Vlasic,0,0,0,Defense,2026
Danny Taylor,0,0,0,Goalie,2026
Wyatt Kaiser,1.72,132.2,77,Defense,2026
Milan Lucic,0,0,0,Left Wing,2026
Clay Stevenson,7.37,29.46,4,Goalie,2026
Noah Ostlund,2.44,146.7,60,Center,2026
Jeff Petry,1.41,94.3,67,Defense,2026
Brayden Pachal,2.42,94.4,39,Defense,2026
Miles Wood,1.73,93.4,54,Left Wing,2026
Michael Blunden,0,0,0,Right Wing,2026
Drew Commesso,8.05,24.16,3,Goalie,2026
Jack Johnson,0,0,0,Defense,2026
Kevin Korchinski,1.1,14.3,13,Defense,2026
Cole Eiserman,0,0,0,Left Wing,2026
Jesperi Kotkaniemi,1.68,70.69999999999999,42,Center,2026
Andy Greene,0,0,0,Defense,2026
Logan O'Connor,1.05,13.600000000000001,13,Right Wing,2026
Calle Jarnkrok,0.75,41.8,56,Left Wing,2026
Conor Sheary,1.84,114.0,62,Left Wing,2026
Luke Glendening,1.31,92.0,70,Right Wing,2026
Nils Hoglander,1.11,42.0,38,Left Wing,2026
Urho Vaakanainen,1.46,49.6,34,Defense,2026
Steven Lorentz,2.17,154.0,71,Center,2026
Dan Girardi,0,0,0,Defense,2026
Cody McLeod,0,0,0,Left Wing,2026
Matthew Kessel,1.47,42.6,29,Defense,2026
Logan Couture,0,0,0,Center,2026
Sammy Blais,3.1,65.0,21,Left Wing,2026
Lars Eller,1.6,109.0,68,Center,2026
David Jiricek,0.77,19.9,26,Defense,2026
Jesper Boqvist,1.52,110.89999999999999,73,Center,2026
Joe Veleno,1.44,87.9,61,Center,2026
Cody Franson,0,0,0,Defense,2026
Trevor Lewis,0,0,0,Center,2026
Derek Dorsett,0,0,0,Right Wing,2026
Troy Stecher,1.86,119.3,64,Defense,2026
Erik Johnson,0,0,0,Defense,2026
Cal Clutterbuck,0,0,0,Right Wing,2026
Quinn Hutson,1.27,5.1,4,Right Wing,2026
Brayden Yager,0.33,1.0,3,Center,2026
Bradly Nadeau,2.23,26.8,12,Center,2026
Nicolas Deslauriers,1.88,58.3,31,Right Wing,2026
Colin Blackwell,1.78,124.30000000000001,70,Center,2026
Ryan Lomberg,1.82,103.5,57,Left Wing,2026
Mark  Letestu,0,0,0,Center,2026
Antti Niemi,0,0,0,Goalie,2026
Bill Zonnon,0,0,0,Left Wing,2026
Ben Hutton,2.27,124.80000000000001,55,Defense,2026
Scott Morrow,1.58,45.8,29,Defense,2026
Liam O'Brien,1.85,70.4,38,Left Wing,2026
Maveric Lamoureux,3.44,17.2,5,Defense,2026
Calvin de Haan,0,0,0,Defense,2026
Egor Zamula,1.36,44.900000000000006,33,Defense,2026
Ryan Suzuki,0,0,0,Center,2026
Tyson Jost,1.5,103.6,69,Center,2026
Cayden Lindstrom,0,0,0,Center,2026
Alex Bump,2.91,49.5,17,Left Wing,2026
Mark Jankowski,2.06,140.4,68,Center,2026
Jared Boll,0,0,0,Right Wing,2026
Bokondji Imama,1.4,2.8,2,Left Wing,2026
Oskar Back,1.3,93.60000000000001,72,Right Wing,2026
Braeden Cootes,-0.2,-0.6000000000000001,3,Center,2026
Kashawn Aitcheson,0,0,0,Defense,2026
Jonatan Berggren,2.19,111.49999999999999,51,Right Wing,2026
Ryan Winterton,1.76,119.60000000000001,68,Center,2026
Joel Kiviranta,1.49,75.8,51,Left Wing,2026
Trey Augustine,0,0,0,Goalie,2026
T.J. Oshie,0,0,0,Right Wing,2026
Jani Nyman,1.49,41.800000000000004,28,Right Wing,2026
Seamus Casey,-0.85,-1.7000000000000002,2,Defense,2026
Brian Dumoulin,1.77,145.1,82,Defense,2026
Nick Bjugstad,1.64,100.19999999999999,61,Center,2026
Alex Turcotte,1.43,88.5,62,Center,2026
Albert Johansson,1.41,115.3,82,Defense,2026
Colton Sissons,1.62,107.1,66,Center,2026
Hendrix Lapierre,1.32,97.60000000000001,74,Center,2026
Andrew Cogliano,0,0,0,Center,2026
Pat Maroon,0,0,0,Left Wing,2026
Blake Lizotte,2.25,123.5,55,Center,2026
Taylor Makar,0.68,8.2,12,Left Wing,2026
Joshua Ravensbergen,0,0,0,Goalie,2026
Carter Bear,0,0,0,Left Wing,2026
David Kampf,1.11,44.3,40,Center,2026
Cayden Primeau,4.25,12.74,3,Goalie,2026
Dmitri Simashev,0.83,23.3,28,Defense,2026
Nate Danielson,1.24,34.8,28,Center,2026
Roman Kantserov,0,0,0,Right Wing,2026
Matt Dumba,2.14,23.5,11,Defense,2026
Dmitry Kulikov,0.85,16.1,19,Defense,2026
Matthew Poitras,2.93,8.8,3,Center,2026
Nick Leddy,1.47,47.1,32,Defense,2026
Gustav Nyquist,1.37,69.8,51,Right Wing,2026
Haydn Fleury,1.39,53.0,38,Defense,2026
Cale Fleury,2.28,52.5,23,Defense,2026
Jett Luchanko,-0.02,-0.09999999999999964,4,Center,2026
Ryan Graves,1.6,35.099999999999994,22,Defense,2026
Nikita Grebenkin,1.7,93.5,55,Right Wing,2026
Emil Andrae,2.19,133.7,61,Defense,2026
Nico Sturm,1.62,79.19999999999999,49,Center,2026
Alex Goligoski,0,0,0,Defense,2026
Donovan Sebrango,2.22,93.1,42,Defense,2026
Kyle Okposo,0,0,0,Right Wing,2026
Max Pacioretty,0,0,0,Left Wing,2026
Jake O'Brien,0,0,0,Center,2026
Radim Mrtka,0,0,0,Defense,2026
Nathan Bastian,1.98,71.3,36,Right Wing,2026
Declan Carlile,1.69,70.9,42,Defense,2026
Jack St. Ivany,3.18,63.6,20,Defense,2026
Brennan Othmann,1.47,28.0,19,Left Wing,2026
Fedor Svechkov,1.5,105.1,70,Center,2026
Daniil But,1.89,54.8,29,Left Wing,2026
Pontus Holmberg,2.04,142.6,70,Center,2026
Jordan Greenway,1.3,51.900000000000006,40,Left Wing,2026
Jordie Benn,0,0,0,Defense,2026
Oskar Sundqvist,1.7,88.39999999999999,52,Center,2026
Mathieu Joseph,1.83,93.4,51,Left Wing,2026
John Beecher,1.77,62.099999999999994,35,Center,2026
Luke Kunin,1.83,113.30000000000001,62,Center,2026
William Carrier,2.14,150.0,70,Left Wing,2026
Jacob Bernard-Docker,1.59,100.0,63,Defense,2026
Tim Washe,1.58,61.6,39,Center,2026
Brandon Saad,1.12,55.099999999999994,49,Left Wing,2026
Connor Clattenburg,3.22,16.1,5,Left Wing,2026
Justin Barron,1.68,87.4,52,Defense,2026
Ozzy Wiesblatt,1.64,65.4,40,Right Wing,2026
David Schlemko,0,0,0,Defense,2026
Sam Gagner,0,0,0,Center,2026
Alec Martinez,0,0,0,Defense,2026
Blake Wheeler,0,0,0,Right Wing,2026
Ethan Del Mastro,0.98,18.7,19,Defense,2026
Jackson Smith,0,0,0,Defense,2026
Jeff Malott,1.92,111.6,58,Left Wing,2026
Declan Chisholm,1.98,51.5,26,Defense,2026
Quentin Musty,0,0,0,Left Wing,2026
Andrew Cristall,0,0,0,Left Wing,2026
Brad Lambert,1.37,34.300000000000004,25,Center,2026
Pierre-Olivier Joseph,1.01,32.2,32,Defense,2026
Spencer Stastney,1.3,85.6,66,Defense,2026
Sacha Boisvert,2.01,14.099999999999998,7,Center,2026
Cole Smith,2.03,127.69999999999999,63,Left Wing,2026
Nicolas Hague,2.11,131.1,62,Defense,2026
Harrison Brunicke,1.34,12.1,9,Defense,2026
Curtis Lazar,1.5,67.5,45,Right Wing,2026
Max Sasson,1.6,105.7,66,Center,2026
Ian Moore,1.7,114.0,67,Defense,2026
Joel Blomqvist,0,0,0,Goalie,2026
Keaton Middleton,2.17,6.5,3,Defense,2026
Laurent Brossoit,-3.04,-3.04,1,Goalie,2026
Adam Wilsby,2.06,119.4,58,Defense,2026
Arttu Hyry,2.0,40.0,20,Right Wing,2026
Ben Lovejoy,0,0,0,Defense,2026
Arshdeep Bains,1.12,31.400000000000002,28,Left Wing,2026
Justin Carbonneau,0,0,0,Right Wing,2026
Wyatt Aamodt,0,0,0,Defense,2026
Ivan Ivan,0.76,6.799999999999999,9,Center,2026
Jordan Harris,2.42,19.4,8,Defense,2026
Artyom Zagidulin,0,0,0,Goalie,2026
Victor Ostman,4.26,4.26,1,Goalie,2026
Samuel Helenius,1.89,100.3,53,Center,2026
Maxwell Crozier,2.82,98.7,35,Defense,2026
Reid Schaefer,1.69,79.3,47,Left Wing,2026
Rodrigo Abols,1.89,79.2,42,Center,2026
Eric Robinson,1.95,130.7,67,Left Wing,2026
Adam Erne,2.17,97.6,45,Left Wing,2026
Mikhail Yegorov,0,0,0,Goalie,2026
Jonny Brodzinski,1.74,95.8,55,Center,2026
Filip Zadina,0,0,0,Right Wing,2026
Adam Boqvist,1.04,29.1,28,Defense,2026
Hunter Brzustewicz,1.71,58.0,34,Defense,2026
Magnus Hellberg,0,0,0,Goalie,2026
Artur Akhtyamov,1.31,2.619999999999999,2,Goalie,2026
Adam Edstrom,1.64,57.3,35,Center,2026
Brett Berard,0.95,12.399999999999999,13,Right Wing,2026
Pierre-Cedric Labrie,0,0,0,Left Wing,2026
Ilya Solovyov,0,0,0,Defense,2026
Nick Holden,0,0,0,Defense,2026
Josiah Slavin,1.2,2.4000000000000004,2,Left Wing,2026
Givani Smith,0,0,0,Right Wing,2026
Lenni Hameenaho,1.53,50.6,33,Right Wing,2026
Ivan Miroshnichenko,1.82,23.7,13,Left Wing,2026
Noah Juulsen,2.07,107.4,52,Defense,2026
Michael Pezzetta,1.93,17.4,9,Left Wing,2026
Jack Campbell,0,0,0,Goalie,2026
Radim Zohorna,0,0,0,Left Wing,2026
Kevin Hayes,1.93,54.0,28,Center,2026
Sonny Milano,1.36,42.2,31,Left Wing,2026
Jonah Gadjovich,2.52,25.2,10,Left Wing,2026
Torey Krug,0,0,0,Defense,2026
Daemon Hunt,1.7,54.400000000000006,32,Defense,2026
Landon Slaggert,1.38,72.9,53,Left Wing,2026
Jay Beagle,0,0,0,Center,2026
Jack Ahcan,1.55,17.0,11,Defense,2026
Dominic James,2.17,93.5,43,Center,2026
Mike Benning,2.02,36.3,18,Defense,2026
Matt Murray,0,0,0,Goalie,2026
Cole Reschny,0,0,0,Center,2026
Pyotr Andreyanov,0,0,0,Goalie,2026
John Leonard,2.21,24.299999999999997,11,Left Wing,2026
Otto Stenberg,2.12,67.9,32,Center,2026
Theo Lindstein,2.36,40.2,17,Defense,2026
Nikita Chibrikov,1.21,13.3,11,Right Wing,2026
Erik Gustafsson,0.15,0.30000000000000016,2,Defense,2026
Nick Bonino,0,0,0,Center,2026
Tyson Kozak,1.78,82.1,46,Center,2026
Travis Hamonic,1.54,40.0,26,Defense,2026
Owen Pickering,-0.22,-0.8999999999999997,4,Defense,2026
Joakim Kemell,1.65,26.4,16,Right Wing,2026
Brandon Halverson,-1.26,-1.2599999999999998,1,Goalie,2026
Nick Jensen,2.09,127.7,61,Defense,2026
Zakhar Bardakov,1.24,74.2,60,Center,2026
Aleksei Kolosov,-0.71,-1.42,2,Goalie,2026
Florian Xhekaj,1.92,9.6,5,Left Wing,2026
Mattias Janmark,0.93,39.900000000000006,43,Right Wing,2026
Jack Thompson,0,0,0,Defense,2026
Stephen Gionta,0,0,0,Right Wing,2026
Simon Wang,0,0,0,Defense,2026
Jack Nesbitt,0,0,0,Center,2026
Jesse Ylonen,0,0,0,Right Wing,2026
Joshua Mahura,2.42,55.6,23,Defense,2026
Ben Meyers,1.64,85.3,52,Right Wing,2026
Samuel Honzek,1.86,33.5,18,Center,2026
Michael Hrabal,0,0,0,Goalie,2026
Oscar Fisker Molgaard,1.27,16.5,13,Center,2026
Nikita Zaitsev,0,0,0,Defense,2026
Robert Bortuzzo,0,0,0,Defense,2026
Brendan Smith,1.43,21.4,15,Defense,2026
Nikolas Matinpalo,1.51,75.4,50,Defense,2026
Kevin Shattenkirk,0,0,0,Defense,2026
Owen Beck,1.55,23.2,15,Center,2026
Luca Del Bel Belluz,0.74,10.3,14,Center,2026
Elias Salomonsson,1.75,56.0,32,Defense,2026
Tristan Luneau,8.2,8.2,1,Defense,2026
David Savard,0,0,0,Defense,2026
Evgeny Kuznetsov,0,0,0,Center,2026
Justin Holl,2.47,22.2,9,Defense,2026
Caleb Jones,2.36,16.5,7,Defense,2026
Vinnie Hinostroza,1.56,101.1,65,Right Wing,2026
David Tomasek,1.46,32.1,22,Right Wing,2026
Ivan Fedotov,0,0,0,Goalie,2026
Vladislav Kolyachonok,2.12,27.6,13,Defense,2026
Kenneth Appleby,0,0,0,Goalie,2026
Trevor Connelly,0,0,0,Left Wing,2026
Liam Greentree,0,0,0,Right Wing,2026
Jake Bean,1.59,25.4,16,Defense,2026
Alex Barre-Boulet,1.95,3.9,2,Left Wing,2026
Jacob Bryson,1.02,51.099999999999994,50,Defense,2026
Kyle Capobianco,1.4,46.1,33,Defense,2026
Alexander Holtz,1.86,52.2,28,Right Wing,2026
Zachary Aston-Reese,2.0,53.9,27,Center,2026
Cole Schwindt,1.75,50.8,29,Right Wing,2026
Joel Hanley,1.51,102.4,68,Defense,2026
Mason West,0,0,0,Center,2026
Cameron Reid,0,0,0,Defense,2026
Daniil Miromanov,1.0,1.0,1,Defense,2026
Zach Metsa,1.56,67.2,43,Defense,2026
Dillon Dube,0,0,0,Center,2026
Louis Domingue,0,0,0,Goalie,2026
Mitchell Chaffee,1.38,15.2,11,Right Wing,2026
Calen Addison,0,0,0,Defense,2026
Nikita Nesterenko,1.91,55.5,29,Left Wing,2026
Stephen Halliday,2.06,61.900000000000006,30,Center,2026
Fabian Lysell,0,0,0,Right Wing,2026
Colby Barlow,0,0,0,Left Wing,2026
Nolan Allan,0,0,0,Defense,2026
Alexander Yelesin,0,0,0,Defense,2026
Carson Bjarnason,0,0,0,Goalie,2026
Danil  Yurtaykin,0,0,0,Left Wing,2026
Chris DiDomenico,0,0,0,Left Wing,2026
Philippe Myers,1.41,55.0,39,Defense,2026
Egor Yakovlev,0,0,0,Defense,2026
Tyson Barrie,0,0,0,Defense,2026
Mike Condon,0,0,0,Goalie,2026
Tyler Pitlick,1.54,49.3,32,Right Wing,2026
Derek Forbort,1.7,3.4,2,Defense,2026
Jake Christiansen,0.84,33.6,40,Defense,2026
Robby Fabbri,2.02,42.5,21,Left Wing,2026
Danton Heinen,1.97,90.8,46,Center,2026
Juuso Parssinen,1.71,34.1,20,Center,2026
Victor Soderstrom,1.74,13.899999999999999,8,Defense,2026
Kyle MacLean,1.45,85.4,59,Center,2026
Jakob Pelletier,0.74,3.7,5,Left Wing,2026
Tobias Bjornfot,1.98,37.7,19,Defense,2026
Philip Tomasino,1.07,9.6,9,Center,2026
Cal Foote,0,0,0,Defense,2026
Mads Sogaard,6.6,6.6,1,Goalie,2026
Jesse Puljujarvi,0,0,0,Right Wing,2026
Cam Atkinson,0,0,0,Right Wing,2026
Anton Silayev,0,0,0,Defense,2026
Isac Lundestrom,1.14,77.80000000000001,68,Center,2026
Jaroslav Chmelar,1.89,52.8,28,Right Wing,2026
Ilya Nabokov,0,0,0,Goalie,2026
Connor Mackey,0.07,0.20000000000000007,3,Defense,2026
Spencer Martin,2.74,10.940000000000001,4,Goalie,2026
Alexander Alexeyev,0,0,0,Defense,2026
Joshua Brown,0,0,0,Defense,2026
Carl Lindbom,3.29,26.299999999999997,8,Goalie,2026
Sam Colangelo,0.82,7.4,9,Right Wing,2026
Jack Finley,1.45,63.6,44,Center,2026
Georgi Romanov,0,0,0,Goalie,2026
Nils Aman,0.65,1.3,2,Center,2026
Maxim Groshev,2.85,5.7,2,Defense,2026
J.T.  Brown,0,0,0,Right Wing,2026
Jack Ivankovic,0,0,0,Goalie,2026
Liam Pettersson,0,0,0,Defense,2026
Alexei Medvedev,0,0,0,Goalie,2026
Will Horcoff,0,0,0,Center,2026
Lynden Lakovic,0,0,0,Left Wing,2026
Henry Brzustewicz,0,0,0,Defense,2026
Jacob Quillan,1.25,28.7,23,Center,2026
Logan Hensler,0,0,0,Defense,2026
Henry Thrun,0.68,2.7,4,Defense,2026
Akil Thomas,0,0,0,Center,2026
Marshall Warren,2.4,19.2,8,Defense,2026
Josh Dunne,1.27,43.2,34,Center,2026
Noah Gregor,1.49,55.1,37,Center,2026
Matej Blumel,-0.15,-0.6000000000000001,4,Left Wing,2026
Tanner Molendyk,0,0,0,Defense,2026
Charlie Stramel,0,0,0,Center,2026
Kasper Halttunen,0,0,0,Right Wing,2026
Adam Gajan,0,0,0,Goalie,2026
Vladimir Tkachev,0,0,0,Left Wing,2026
Andrew Gibson,0,0,0,Defense,2026
Felix Unger Sorum,4.5,4.5,1,Right Wing,2026
Tristan Bertucci,0,0,0,Defense,2026
Lukas Dragicevic,0,0,0,Defense,2026
Angus Crookshank,1.5,12.0,8,Left Wing,2026
Darren Archibald,0,0,0,Left Wing,2026
Filip Hallander,2.26,29.4,13,Center,2026
Riley Nash,0,0,0,Center,2026
Matt Martin,0,0,0,Left Wing,2026
David Desharnais,0,0,0,Center,2026
Martin Jones,0,0,0,Goalie,2026
Mike Hoffman,0,0,0,Left Wing,2026
Tomas Tatar,0,0,0,Left Wing,2026
Dustin Tokarski,0,0,0,Goalie,2026
Matthew Berlin,0,0,0,Goalie,2026
Erik Portillo,0,0,0,Goalie,2026
Eddie Lack,0,0,0,Goalie,2026
Matt Benning,1.5,1.5,1,Defense,2026
Kaapo Kahkonen,0,0,0,Goalie,2026
Sam Lafferty,0.83,24.0,29,Center,2026
Patrick Wiercioch,0,0,0,Defense,2026
Ethan Cardwell,1.0,7.0,7,Right Wing,2026
Pavel Francouz,0,0,0,Goalie,2026
Ethan Bear,0,0,0,Defense,2026
Hugh McGing,2.93,8.8,3,Center,2026
Dylan McIlrath,1.18,15.3,13,Defense,2026
Michael McLeod,0,0,0,Center,2026
Nick DeSimone,1.76,70.2,40,Defense,2026
Adam Jiricek,0,0,0,Defense,2026
Dean Letourneau,0,0,0,Center,2026
Stian Solberg,0,0,0,Defense,2026
Joshua Roy,0.93,2.8,3,Left Wing,2026
Riley Tufte,2.1,8.4,4,Left Wing,2026
Max Jones,2.3,48.400000000000006,21,Left Wing,2026
Dennis Cholowski,0.85,14.4,17,Defense,2026
Max Plante,0,0,0,Left Wing,2026
Carter George,0,0,0,Goalie,2026
Eemil Vinni,0,0,0,Goalie,2026
Marcus Hogberg,0,0,0,Goalie,2026
Pheonix Copley,1.5,1.5,1,Goalie,2026
Kurtis MacDermid,0.95,18.1,19,Defense,2026
Jiri Patera,-0.74,-0.7400000000000002,1,Goalie,2026
Tanner Pearson,2.09,117.2,56,Left Wing,2026
Kevin He,0,0,0,Left Wing,2026
Tomas Nosek,1.48,31.099999999999998,21,Center,2026
Andrew Hammond,0,0,0,Goalie,2026
Vladislav Provolnev,0,0,0,Defense,2026
Jared Coreau,0,0,0,Goalie,2026
Lukas Cormier,0,0,0,Defense,2026
Brady Keeper,0,0,0,Defense,2026
Rory Kerins,0.8,3.2,4,Center,2026
Hunter Skinner,2.7,2.7,1,Defense,2026
Isaak Phillips,0.87,2.6,3,Defense,2026
Sascha Boumedienne,0,0,0,Defense,2026
Brinson Pasichnuk,0,0,0,Defense,2026
Parker Ford,1.22,18.3,15,Center,2026
Dominik Shine,1.33,23.9,18,Right Wing,2026
Ivan Ryabkin,0,0,0,Center,2026
Semyon Frolov,0,0,0,Goalie,2026
Malcolm Spence,0,0,0,Left Wing,2026
Cole McKinney,0,0,0,Center,2026
Landon Bow,0,0,0,Goalie,2026
Cullen Potter,0,0,0,Left Wing,2026
Carter Mazur,0.45,3.6,8,Left Wing,2026
Lucas Carlsson,0,0,0,Defense,2026
Vaclav Nestrasil,0,0,0,Right Wing,2026
Ryker Lee,0,0,0,Right Wing,2026
Maksymilian Szuber,0,0,0,Defense,2026
Blake Fiddler,0,0,0,Defense,2026
Jacob Moverare,0.29,4.300000000000001,15,Defense,2026
Hugo Alnefelt,0,0,0,Goalie,2026
Andre Lee,1.8,12.6,7,Left Wing,2026
Frederic Brunet,0,0,0,Defense,2026
Michael Callahan,1.0,5.0,5,Defense,2026
Marc Del Gaizo,0,0,0,Defense,2026
David Gustafsson,0,0,0,Center,2026
Jaxson Stauber,0,0,0,Goalie,2026
Riley Stillman,1.32,5.3,4,Defense,2026
Boris Katchouk,0.83,2.5,3,Left Wing,2026
Olle Lycksell,1.51,10.6,7,Right Wing,2026
Dylan Coghlan,1.73,5.2,3,Defense,2026
Sam Morton,1.93,5.8,3,Center,2026
Billy Sweezey,0,0,0,Defense,2026
Eduard Sale,0,0,0,Right Wing,2026
Anton Wahlberg,0,0,0,Center,2026
Mikhail Gulyayev,0,0,0,Defense,2026
Carson Rehkopf,0,0,0,Left Wing,2026
Damian Clara,0,0,0,Goalie,2026
Jacob MacDonald,0,0,0,Defense,2026
Travis Dermott,0,0,0,Defense,2026
Vincent Iorio,1.43,38.6,27,Defense,2026
Jansen Harkins,1.88,82.69999999999999,44,Center,2026
Jujhar Khaira,0,0,0,Left Wing,2026
Matt Villalta,0,0,0,Goalie,2026
Colin White,0,0,0,Center,2026
Paul Postma,0,0,0,Defense,2026
Marc Johnstone,0,0,0,Right Wing,2026
Michael Hutchinson,0,0,0,Goalie,2026
Filip Bystedt,0,0,0,Center,2026
Max Willman,0,0,0,Center,2026
Tanner Laczynski,2.32,23.200000000000003,10,Center,2026
Jake Chelios,0,0,0,Defense,2026
Mackenzie MacEachern,2.98,23.8,8,Left Wing,2026
Victor Mete,0,0,0,Defense,2026
Tyler Johnson,0,0,0,Center,2026
Jakub Vrana,0,0,0,Right Wing,2026
Michael DiPietro,0,0,0,Goalie,2026
Pierre Engvall,0,0,0,Left Wing,2026
Andreas Englund,0.57,1.7,3,Defense,2026
Nicolas Aube-Kubel,2.4,14.4,6,Right Wing,2026
Alec Regula,1.26,36.6,29,Defense,2026
Jesper Fast,0,0,0,Right Wing,2026
Sam Poulin,-0.1,-0.20000000000000018,2,Left Wing,2026
Ville Heinola,1.18,5.9,5,Defense,2026
Ryan Johnson,0.9,2.7,3,Defense,2026
Alexander Barabanov,0,0,0,Left Wing,2026
Josh Samanski,1.45,34.7,24,Center,2026
Isaiah George,1.8,7.2,4,Defense,2026
Egor Afanasyev,0,0,0,Left Wing,2026
Igor Ozhiganov,0,0,0,Defense,2026
Antti Raanta,0,0,0,Goalie,2026
Yegor Surin,0,0,0,Center,2026
Terik Parascak,0,0,0,Right Wing,2026
Sam O'Reilly,0,0,0,Right Wing,2026
Ben Danford,0,0,0,Defense,2026
Marek Vanacker,0,0,0,Left Wing,2026
Ty Smith,0,0,0,Defense,2026
Lucas Pettersson,0,0,0,Center,2026
Nikita Artamonov,0,0,0,Left Wing,2026
Adam Engstrom,1.11,16.700000000000003,15,Defense,2026
John Hayden,1.03,3.1,3,Right Wing,2026
Drew Fortescue,2.12,19.099999999999998,9,Defense,2026
Cal Petersen,0,0,0,Goalie,2026
Hunter Shepard,0,0,0,Goalie,2026
Ronnie Attard,0,0,0,Defense,2026
Aydar Suniev,1.25,7.5,6,Left Wing,2026
Jani Hakanpaa,0,0,0,Defense,2026
Pierre-Edouard Bellemare,0,0,0,Right Wing,2026
Kevin  Boyle,0,0,0,Goalie,2026
Brendan Gaunce,2.36,59.10000000000001,25,Center,2026
Thomas Milic,2.88,2.880000000000001,1,Goalie,2026
Matt Kiersted,1.97,11.8,6,Defense,2026
Roby Jarventie,0.57,1.7,3,Left Wing,2026
Thomas Bordeleau,0,0,0,Center,2026
Jack LaFontaine,0,0,0,Goalie,2026
Brennan Menell,0,0,0,Defense,2026
Scott Perunovich,0,0,0,Defense,2026
Jan Rutta,0,0,0,Defense,2026
Riley Duran,0,0,0,Center,2026
Zach Sawchenko,0,0,0,Goalie,2026
Olle Alsing,0,0,0,Defense,2026
Tristen Nielsen,1.88,7.5,4,Center,2026
Emil Bemstrom,0,0,0,Center,2026
Justin Danforth,0.47,1.9,4,Right Wing,2026
Jon Merrill,0,0,0,Defense,2026
Viking Gustafsson Nyberg,1.55,3.1,2,Defense,2026
Justin Kirkland,1.27,25.5,20,Left Wing,2026
Jakob Ihs Wozniak,0,0,0,Right Wing,2026
Ethan Czata,0,0,0,Center,2026
Vojtech Cihar,0,0,0,Left Wing,2026
Milton Gastrin,0,0,0,Center,2026
Carter Amico,0,0,0,Defense,2026
Peyton Kettles,0,0,0,Defense,2026
Jack Murtagh,0,0,0,Left Wing,2026
Niklas Svedberg,0,0,0,Goalie,2026
Brian Halonen,1.37,20.5,15,Right Wing,2026
Daniil Prokhorov,0,0,0,Right Wing,2026
William Moore,0,0,0,Center,2026
Sandis Vilmanis,1.86,35.4,19,Left Wing,2026
Noah Philp,1.06,18.0,17,Center,2026
Jacob Rombach,0,0,0,Defense,2026
Justin Dowling,0.3,0.5999999999999999,2,Center,2026
Brock McGinn,0,0,0,Left Wing,2026
Tyson Hinds,1.7,10.2,6,Defense,2026
Mike Hardman,0,0,0,Right Wing,2026
Andreas Athanasiou,0,0,0,Left Wing,2026
Ivan Prosvetov,0,0,0,Goalie,2026
Michal Kempny,0,0,0,Defense,2026
Cameron Crotty,1.23,7.4,6,Defense,2026
Brad Hunt,0,0,0,Defense,2026
Olivier Rodrigue,0,0,0,Goalie,2026
Jasper Weatherby,0,0,0,Center,2026
Patrick Giles,2.1,6.300000000000001,3,Right Wing,2026
Patrick Brown,0,0,0,Center,2026
Lane Pederson,1.26,6.3,5,Center,2026
Travis Mitchell,1.61,14.5,9,Defense,2026
Tristan Lennox,0,0,0,Goalie,2026
Adam Ginning,0.82,4.1,5,Defense,2026
Felix Sandstrom,0,0,0,Goalie,2026
Zack MacEwen,1.03,3.0999999999999996,3,Center,2026
Yohann Auvitu,0,0,0,Defense,2026
Patrick Russell,0,0,0,Right Wing,2026
Magnus Chrona,0,0,0,Goalie,2026
Nathan Smith,0,0,0,Left Wing,2026
Philip Kemp,0,0,0,Defense,2026
Abram Wiebe,0.42,1.7,4,Defense,2026
Joel Nystrom,1.92,71.19999999999999,37,Defense,2026
Collin Delia,0,0,0,Goalie,2026
Jordan Oesterle,0.3,0.30000000000000004,1,Defense,2026
Keith Petruzzelli,0,0,0,Goalie,2026
Ethan Gauthier,0,0,0,Right Wing,2026
Martin Misiak,0,0,0,Right Wing,2026
Danny Nelson,0,0,0,Center,2026
Jared Wright,1.6,36.7,23,Left Wing,2026
Riley Heidt,0,0,0,Center,2026
Carey Terrance,0,0,0,Center,2026
Beau Akey,0,0,0,Defense,2026
Juho Lammikko,1.05,25.2,24,Center,2026
Hayden Hodgson,1.08,10.799999999999999,10,Right Wing,2026
Erik Burgdoerfer,0,0,0,Defense,2026
Rasmus Asplund,0,0,0,Center,2026
Colton White,1.58,36.3,23,Defense,2026
Tyson Gross,1.22,7.3,6,Center,2026
Oliver Kylington,0,0,0,Defense,2026
Gavin Bayreuther,0,0,0,Defense,2026
Jason Garrison,0,0,0,Defense,2026
Micheal Haley,0,0,0,Center,2026
Stefan Elliott,0,0,0,Defense,2026
Byron Froese,0,0,0,Center,2026
Filip Mesar,0,0,0,Right Wing,2026
Marco Scandella,0,0,0,Defense,2026
James Hamblin,0,0,0,Right Wing,2026
Wade Allison,0,0,0,Right Wing,2026
Hunter Haight,1.09,9.8,9,Center,2026
Jakub Skarek,0,0,0,Goalie,2026
Cam Lund,0,0,0,Center,2026
Tyler Bozak,0,0,0,Center,2026
Andrew Agozzino,0.85,1.7,2,Left Wing,2026
John Ludvig,0,0,0,Defense,2026
Carter Hutton,0,0,0,Goalie,2026
Ryan Johansen,0,0,0,Center,2026
Alex Belzile,0,0,0,Center,2026
Antoine Roussel,0,0,0,Left Wing,2026
Maxime Lagace,0,0,0,Goalie,2026
Owen Sillinger,0,0,0,Center,2026
Alexei Melnichuk,0,0,0,Goalie,2026
Mark Friedman,0,0,0,Defense,2026
Taylor Ward,1.38,49.6,36,Left Wing,2026
Yaniv Perets,0,0,0,Goalie,2026
Par  Lindholm,0,0,0,Center,2026
Zac Jones,0,0,0,Defense,2026
Matt Tomkins,0,0,0,Goalie,2026
Teemu Pulkkinen,0,0,0,Left Wing,2026
Anthony Richard,0.0,0.0,1,Center,2026
Karsen Dorwart,0,0,0,Left Wing,2026
Dennis Gilbert,1.75,14.0,8,Defense,2026
Isaac Poulter,0,0,0,Goalie,2026
Jett Alexander,0,0,0,Goalie,2026
Michael McNiven,0,0,0,Goalie,2026
Andreas Borgman,0,0,0,Defense,2026
Jakob Silfverberg,0,0,0,Right Wing,2026
Jonas Rondbjerg,0.55,2.2,4,Right Wing,2026
Ales Stezka,0,0,0,Goalie,2026
Keith Kinkaid,0,0,0,Goalie,2026
Mikko Lehtonen,0,0,0,Defense,2026
Travis Boyd,0,0,0,Center,2026
Kole Sherwood,0,0,0,Right Wing,2026
MacKenzie Entwistle,0,0,0,Right Wing,2026
Ben Gleason,0,0,0,Defense,2026
Nolan Foote,1.21,14.5,12,Left Wing,2026
Arthur Kaliyev,2.65,5.3,2,Right Wing,2026
William Lockwood,0,0,0,Right Wing,2026
Samuel Fagemo,0,0,0,Left Wing,2026
Samuel Bolduc,0,0,0,Defense,2026
Nikita Alexandrov,0,0,0,Center,2026
Simon Lundmark,2.8,2.8,1,Defense,2026
Ben Jones,1.0,28.099999999999998,28,Center,2026
Juuso Valimaki,0,0,0,Defense,2026
Brian Gibbons,0,0,0,Left Wing,2026
Craig Smith,0,0,0,Right Wing,2026
Justin Schultz,0,0,0,Defense,2026
Aaron Dell,0,0,0,Goalie,2026
Austin Watson,0,0,0,Left Wing,2026
EJ Emery,0,0,0,Defense,2026
Emil Hemming,0,0,0,Right Wing,2026
Shane Starrett,0,0,0,Goalie,2026
Drake Caggiula,0,0,0,Left Wing,2026
Derek Ryan,0,0,0,Right Wing,2026
Kevin Gravel,2.0,2.0,1,Defense,2026
David Gust,0,0,0,Right Wing,2026
Liam Foudy,1.0,1.0,1,Right Wing,2026
Andrew Basha,0,0,0,Left Wing,2026
Gustav Lindstrom,0,0,0,Defense,2026
Julius Miettinen,0,0,0,Center,2026
Dominik Badinka,0,0,0,Defense,2026
Jacob Battaglia,0,0,0,Right Wing,2026
Evan Gardner,0,0,0,Goalie,2026
Jack Studnicka,0.37,7.1000000000000005,19,Center,2026
Linus Eriksson,0,0,0,Center,2026
Lukas Fischer,0,0,0,Defense,2026
Leo Sahlin Wallenius,0,0,0,Defense,2026
Justin Bailey,0,0,0,Right Wing,2026
Steven Santini,1.05,12.6,12,Defense,2026
Rem Pitlick,0,0,0,Center,2026
Charles-Alexis Legault,2.48,29.799999999999997,12,Defense,2026
Michael Houser,0,0,0,Goalie,2026
Joey Anderson,0,0,0,Right Wing,2026
Hunter Miska,0,0,0,Goalie,2026
Vyacheslav Buteyets,0,0,0,Goalie,2026
Jason Polin,1.52,6.1,4,Right Wing,2026
Anton Blidh,1.95,7.8,4,Left Wing,2026
Dylan Duke,-0.8,-0.8,1,Left Wing,2026
T.J. Tynan,1.2,1.2,1,Center,2026
Kasimir Kaskisuo,0,0,0,Goalie,2026
Josef Korenar,0,0,0,Goalie,2026
Ty Mueller,1.58,9.5,6,Center,2026
Marcus Bjork,0,0,0,Defense,2026
Kevan Miller,0,0,0,Defense,2026
Chris Driedger,0,0,0,Goalie,2026
Reese Johnson,0,0,0,Right Wing,2026
Brendan Brisson,1.07,3.1999999999999997,3,Center,2026
Mikulas Hovorka,1.38,5.5,4,Defense,2026
Justin Richards,0,0,0,Center,2026
Nick Swaney,0,0,0,Right Wing,2026
Mike Vecchione,0,0,0,Center,2026
Nick Lappin,0,0,0,Right Wing,2026
Jean-Luc Foudy,0,0,0,Right Wing,2026
Sean Farrell,0,0,0,Left Wing,2026
Jackson Cates,0,0,0,Center,2026
Zachary Hayes,0,0,0,Defense,2026
Danil Gushchin,0,0,0,Right Wing,2026
Santeri Hatakka,0,0,0,Defense,2026
Trevor Kuntar,-0.7,-0.7,1,Center,2026
Casey Nelson,0,0,0,Defense,2026
Jesper Froden,0,0,0,Right Wing,2026
Jakub Jerabek,0,0,0,Defense,2026
Chase Bradley,0,0,0,Left Wing,2026
Shane Vansaghi,0,0,0,Right Wing,2026
Tom Hodges,0,0,0,Goalie,2026
Mikael Pyyhtia,1.1,5.5,5,Left Wing,2026
Joseph Gambardella,0,0,0,Left Wing,2026
Radim Simek,0,0,0,Defense,2026
Adam Raska,0,0,0,Left Wing,2026
Jiri Smejkal,0,0,0,Left Wing,2026
Jacob Peterson,0,0,0,Center,2026
Stanislav Svozil,0,0,0,Defense,2026
Mattias Norlinder,0,0,0,Defense,2026
Bogdan Trineyev,0.75,1.5,2,Right Wing,2026
Turner Elson,0,0,0,Left Wing,2026
Ashton Sautner,0,0,0,Defense,2026
Henrik Haapala,0,0,0,Left Wing,2026
Dysin Mayo,2.17,6.5,3,Defense,2026
Charlie Cerrato,0,0,0,Center,2026
Libor Sulak,0,0,0,Defense,2026
Matthew Gard,0,0,0,Center,2026
Lasse Boelius,0,0,0,Defense,2026
Ben Kevan,0,0,0,Right Wing,2026
Tinus Luc Koblar,0,0,0,Center,2026
Daniil Misyul,0,0,0,Defense,2026
Eddie Genborg,0,0,0,Left Wing,2026
Eric Nilson,0,0,0,Center,2026
Max Psenicka,0,0,0,Defense,2026
Conrad Fondrk,0,0,0,Center,2026
Theodor Hallquisth,0,0,0,Defense,2026
Theo Stockselius,0,0,0,Center,2026
Lucas Condotta,0,0,0,Center,2026
Jack Rodewald,0,0,0,Right Wing,2026
Clark Bishop,0,0,0,Center,2026
James Malatesta,0,0,0,Left Wing,2026
Jack Devine,0.0,2.220446049250313e-16,6,Right Wing,2026
Tanner Fritz,0,0,0,Center,2026
Jean-Sebastien Dea,0,0,0,Center,2026
David Spacek,0.15,0.30000000000000004,2,Defense,2026
Chris Tierney,0,0,0,Center,2026
Nathan Clurman,0,0,0,Defense,2026
John Farinacci,0,0,0,Center,2026
Michael Milne,0,0,0,Left Wing,2026
Cam Dineen,0,0,0,Defense,2026
Logan Morrison,0,0,0,Center,2026
Kale Clague,0,0,0,Defense,2026
Josh Currie,0,0,0,Right Wing,2026
Ryan Carpenter,0,0,0,Center,2026
Victor Antipin,0,0,0,Defense,2026
Frederik Tiffels,0,0,0,Left Wing,2026
Jan Jenik,0,0,0,Center,2026
Georgii Merkulov,-1.0,-1.0,1,Center,2026
Vadim Shipachyov,0,0,0,Left Wing,2026
Cameron  Schilling,0,0,0,Defense,2026
Maxime Lajoie,0,0,0,Defense,2026
Marc McLaughlin,0.03,0.19999999999999996,7,Center,2026
Anthony Greco,0,0,0,Right Wing,2026
Dryden Hunt,1.03,3.0999999999999996,3,Left Wing,2026
Marek Hrivik,0,0,0,Left Wing,2026
Milos Kelemen,0,0,0,Left Wing,2026
Gage Quinney,0,0,0,Left Wing,2026
Valtteri Puustinen,0,0,0,Left Wing,2026
Jack Dugan,0,0,0,Right Wing,2026
Giovanni Fiore,0,0,0,Left Wing,2026
Reilly Walsh,0,0,0,Defense,2026
Nick Cicek,0,0,0,Defense,2026
Jack Rathbone,0,0,0,Defense,2026
Dan Renouf,0,0,0,Defense,2026
Marshall Rifai,0.7,0.7,1,Defense,2026
Lawrence Pilut,0,0,0,Defense,2026
Kaden Fulcher,0,0,0,Goalie,2026
Justin Robidas,2.4,4.8,2,Center,2026
Rafael Harvey-Pinard,1.4,1.4,1,Left Wing,2026
Axel Jonsson-Fjallby,0,0,0,Left Wing,2026
Anton Wedin,0,0,0,Left Wing,2026
Philip Holm,0,0,0,Defense,2026
Brandon Manning,0,0,0,Defense,2026
Matt Stienburg,0,0,0,Center,2026
Jared Davidson,0.97,9.7,10,Center,2026
Nathan Legare,1.1,1.1,1,Right Wing,2026
Danick Martel,0,0,0,Center,2026
David Farrance,0,0,0,Defense,2026
Wyatt Kalynuk,0,0,0,Defense,2026
Akito Hirose,0,0,0,Defense,2026
Ruslan Iskhakov,0,0,0,Left Wing,2026
Cole McWard,1.63,4.9,3,Defense,2026
Chasen Balisy,0,0,0,Center,2026
Ondrej Pavel,0,0,0,Center,2026
Jake Livingstone,0,0,0,Defense,2026
Cameron Hillis,0,0,0,Center,2026
Dean Kukan,0,0,0,Defense,2026
Jonathan Gruden,0,0,0,Center,2026
Maxence Guenette,0,0,0,Defense,2026
Carson Meyer,0,0,0,Right Wing,2026
Tim Berni,0,0,0,Defense,2026
Xavier Bourgault,0.25,0.5,2,Right Wing,2026
Oskar Olausson,0,0,0,Right Wing,2026
Carson Lambos,1.7,1.7,1,Defense,2026
Hardy Haman Aktell,0,0,0,Defense,2026
Cole Guttman,0,0,0,Center,2026
Zach Dean,0,0,0,Center,2026
Joel Persson,0,0,0,Defense,2026
Cameron Butler,0,0,0,Right Wing,2026
Joona Luoto,0,0,0,Right Wing,2026
Kai Uchacz,1.5,4.5,3,Center,2026
Joakim Nygard,0,0,0,Left Wing,2026
Joe Snively,0,0,0,Right Wing,2026
Grant Hutton,0,0,0,Defense,2026
Graeme Clarke,0,0,0,Right Wing,2026
Mason Morelli,0,0,0,Left Wing,2026
Andrei  Chibisov,0,0,0,Right Wing,2026
Sammy Walker,0,0,0,Left Wing,2026
Gustav Rydahl,0,0,0,Center,2026
Eetu Makiniemi,0,0,0,Goalie,2026
Nico Myatovic,0,0,0,Left Wing,2026
David Edstrom,0,0,0,Center,2026
Andreas Martinsen,0,0,0,Left Wing,2026
Jacob Gaucher,0.3,1.2,4,Center,2026
Jakub Dvorak,0,0,0,Defense,2026
Rasmus Kumpulainen,0,0,0,Center,2026
Etienne Morin,0,0,0,Defense,2026
Kalan Lind,0,0,0,Left Wing,2026
Brady Cleveland,0,0,0,Defense,2026
Maxim Strbak,0,0,0,Defense,2026
Felix Nilsson,0,0,0,Center,2026
Gracyn Sawchyn,0,0,0,Center,2026
Kenny Connors,0.7,1.4,2,Center,2026
Melker  Karlsson,0,0,0,Right Wing,2026
Daniel Sprong,0,0,0,Right Wing,2026
Marian Studenic,0,0,0,Right Wing,2026
Jimmy Huntington,0,0,0,Left Wing,2026
Mitchell Stephens,0,0,0,Center,2026
Lean  Bergmann,0,0,0,Left Wing,2026
Joe Hicketts,0,0,0,Defense,2026
Jayden Halbgewachs,0,0,0,Left Wing,2026
Scott Reedy,0,0,0,Center,2026
William Stromgren,-0.2,-0.6,3,Right Wing,2026
Tye Felhaber,0,0,0,Left Wing,2026
Denis Gurianov,0,0,0,Left Wing,2026
Tristan Broz,-0.6,-0.6,1,Center,2026
Joona Koppanen,0.64,8.3,13,Left Wing,2026
Jakub Lauko,0,0,0,Right Wing,2026
Isak Posch,0,0,0,Goalie,2026
Jakob  Lilja,0,0,0,Left Wing,2026
Pierrick Dube,0,0,0,Right Wing,2026
Nathan Gaucher,0.57,1.6999999999999997,3,Center,2026
Hunter McKown,0,0,0,Center,2026
Garrett Wilson,1.3,3.9,3,Left Wing,2026
Brogan Rafferty,0,0,0,Defense,2026
Lukas Rousek,0,0,0,Right Wing,2026
William Lagesson,0,0,0,Defense,2026
Nate Prosser,0,0,0,Defense,2026
Dakota Mermis,1.2,13.2,11,Defense,2026
Trey Fix-Wolansky,0,0,0,Right Wing,2026
Nikita Soshnikov,0,0,0,Right Wing,2026
Tim  Schaller,0,0,0,Left Wing,2026
Jaycob Megna,-0.48,-1.9000000000000004,4,Defense,2026
Jarred Tinordi,0,0,0,Defense,2026
Devin Shore,0,0,0,Center,2026
Fredrik Karlstrom,0,0,0,Center,2026
Curtis Valk,0,0,0,Center,2026
Alexander Burmistrov,0,0,0,Center,2026
Fredrik  Handemark,0,0,0,Center,2026
Mathias Brome,0,0,0,Left Wing,2026
Louie Belpedio,0,0,0,Defense,2026
Oskar Lindblom,0,0,0,Left Wing,2026
Jimmy Vesey,0,0,0,Left Wing,2026
Brian Lashoff,0,0,0,Defense,2026
Andrew Crescenzi,0,0,0,Center,2026
Mike Liambas,0,0,0,Defense,2026
Matt Irwin,0,0,0,Defense,2026
Linus Sandin,0,0,0,Right Wing,2026
Luke Philp,0,0,0,Center,2026
Matthew Phillips,0,0,0,Center,2026
Lukas Radil,0,0,0,Left Wing,2026
Brandon Scanlin,0,0,0,Defense,2026
Brandon Gignac,0,0,0,Center,2026
Oskar Steen,0,0,0,Center,2026
Wade Megan,0,0,0,Center,2026
Matt Read,0,0,0,Right Wing,2026
Cory Conacher,0,0,0,Left Wing,2026
Kristians Rubins,0,0,0,Defense,2026
Anton Levtchi,0,0,0,Left Wing,2026
Jaret Anderson-Dolan,0,0,0,Center,2026
Wilmer Skoog,4.7,14.1,3,Center,2026
Alexander True,0,0,0,Center,2026
Phillip Di Giuseppe,0,0,0,Left Wing,2026
Calle Rosen,0,0,0,Defense,2026
Austin Strand,0,0,0,Defense,2026
Adam Ruzicka,0,0,0,Center,2026
Matt Tennyson,0,0,0,Defense,2026
Austin Czarnik,0,0,0,Right Wing,2026
Tyler Angle,0,0,0,Center,2026
Chad Ruhwedel,0,0,0,Defense,2026
Rourke Chartier,0,0,0,Center,2026
Patrik Koch,0,0,0,Defense,2026
Kevin Labanc,0,0,0,Right Wing,2026
Waltteri Merela,0,0,0,Right Wing,2026
Gaetan Haas,0,0,0,Center,2026
Fredrik Olofsson,0,0,0,Left Wing,2026
Dominik Kahun,0,0,0,Center,2026
Will O'Neill,0,0,0,Defense,2026
Christian  Folin,0,0,0,Defense,2026
Gerry Mayhew,0,0,0,Right Wing,2026
Mason Shaw,0,0,0,Center,2026
Brendan Lemieux,0,0,0,Left Wing,2026
Joel Teasdale,0,0,0,Left Wing,2026
Glenn Gawdin,0,0,0,Center,2026
Cameron Hughes,2.77,8.3,3,Center,2026
Kevin Czuczman,0,0,0,Defense,2026
Chris Wagner,0,0,0,Right Wing,2026
Michael Raffl,0,0,0,Left Wing,2026
Marek Alscher,5.35,21.4,4,Defense,2026
Andrei Mironov,0,0,0,Defense,2026
Lassi Thomson,2.27,25.0,11,Defense,2026
Max McCormick,0,0,0,Left Wing,2026
Andrej Sustr,0,0,0,Defense,2026
Danny Zhilkin,1.72,10.3,6,Center,2026
Cole Bardreau,0,0,0,Right Wing,2026
Erik Brannstrom,0,0,0,Defense,2026
Raphael Lavoie,0.3,0.3,1,Center,2026
Brett Leason,0.2,1.2,6,Right Wing,2026
Nikita Okhotiuk,0,0,0,Defense,2026
Brett Seney,0,0,0,Left Wing,2026
Joel Kellman,0,0,0,Center,2026
Shane Bowers,0,0,0,Center,2026
Dominic Toninato,1.31,10.5,8,Center,2026
Klim Kostin,0,0,0,Right Wing,2026
Ben Street,0,0,0,Center,2026
Guillaume Brisebois,0,0,0,Defense,2026
Carter Rowney,0,0,0,Right Wing,2026
Joel L'Esperance,0,0,0,Center,2026
Tanner Kero,0,0,0,Center,2026
Max Veronneau,0,0,0,Right Wing,2026
Victor Ejdsell,0,0,0,Center,2026
Ryan Kuffner,0,0,0,Left Wing,2026
Matthew Highmore,0,0,0,Center,2026
Taylor Fedun,0,0,0,Defense,2026
Kyle Criscuolo,0,0,0,Center,2026
Sheldon Dries,0.86,4.3,5,Center,2026
Oliver Wahlstrom,0,0,0,Right Wing,2026
Dennis Rasmussen,0,0,0,Center,2026
Kalle Kossila,0,0,0,Left Wing,2026
Ethan Prow,0,0,0,Defense,2026
Lucas Johansen,0,0,0,Defense,2026
Grigori Denisenko,0,0,0,Left Wing,2026
Rasmus Kupari,0,0,0,Center,2026
Callahan Burke,0,0,0,Center,2026
Andrew Poturalski,0,0,0,Center,2026
Julien Gauthier,0,0,0,Right Wing,2026
Kieffer Bellows,0,0,0,Left Wing,2026
Daniel Carr,0,0,0,Left Wing,2026
Tanner Howe,0,0,0,Left Wing,2026
Josh Jooris,0,0,0,Center,2026
Kole Lind,0,0,0,Right Wing,2026
Ryder Ritchie,0,0,0,Right Wing,2026
Troy Grosenick,0,0,0,Goalie,2026
Gabriel Eliasson,0,0,0,Defense,2026
Gustav Olofsson,0,0,0,Defense,2026
Alfons Freij,0,0,0,Defense,2026
Charlie Elick,0,0,0,Defense,2026
Nathan Villeneuve,0,0,0,Center,2026
Max Comtois,0,0,0,Left Wing,2026
Kamil Bednarik,0,0,0,Center,2026
Michael Sgarbossa,0,0,0,Center,2026
Spencer Gill,0,0,0,Defense,2026
Teddy Stiga,0,0,0,Center,2026
Jesse Pulkkinen,0,0,0,Defense,2026
Leon Muggli,0,0,0,Defense,2026
Jack Berglund,0,0,0,Center,2026
Jake Leschyshyn,0,0,0,Center,2026
Colin Ralph,0,0,0,Defense,2026
Ian Mitchell,0,0,0,Defense,2026
Daniel Brickley,0,0,0,Defense,2026
Walker Duehr,1.13,3.4,3,Right Wing,2026
Nic Petan,0,0,0,Center,2026
Marc Michaelis,0,0,0,Left Wing,2026
Robert Hagg,0,0,0,Defense,2026
Mason Geertsen,1.04,5.199999999999999,5,Defense,2026
Nikolai Knyzhov,0,0,0,Defense,2026
Buddy Robinson,0,0,0,Right Wing,2026
Zach Sanford,0,0,0,Left Wing,2026
Filip Johansson,0,0,0,Defense,2026
Ty Murchison,1.23,3.7,3,Defense,2026
Jake Lucchini,0,0,0,Left Wing,2026
Tyler Motte,0,0,0,Center,2026
Hudson Fasching,0,0,0,Right Wing,2026
Brandon Biro,0,0,0,Left Wing,2026
Dominik Kubalik,0,0,0,Left Wing,2026
Luca Pinelli,0.43,1.3000000000000003,3,Center,2026
Antti Suomela,0,0,0,Center,2026
Karson Kuhlman,0,0,0,Center,2026
Aleksanteri Kaskimaki,-0.54,-2.7,5,Left Wing,2026
Matt Nieto,0,0,0,Left Wing,2026
Daniel Catenacci,0,0,0,Center,2026
Kyle Burroughs,0,0,0,Defense,2026
Danny DeKeyser,0,0,0,Defense,2026
C.J. Smith,0,0,0,Left Wing,2026
Derrick Pouliot,0,0,0,Defense,2026
Taro Hirose,0,0,0,Left Wing,2026
Oscar  Fantenberg,0,0,0,Defense,2026
Matt Luff,1.48,7.4,5,Right Wing,2026
Aidan McDonough,0,0,0,Left Wing,2026
Kirill Semyonov,0,0,0,Center,2026
Filip Roos,0,0,0,Defense,2026
Ben McCartney,0,0,0,Left Wing,2026
Adam Beckman,0,0,0,Center,2026
Juha Jaaska,0,0,0,Left Wing,2026
Sheldon Rempal,0,0,0,Right Wing,2026
Vasily Ponomarev,0,0,0,Center,2026
Matthew Maggio,0,0,0,Right Wing,2026
Jorian Donovan,0.65,1.3,2,Defense,2026
Jon Lizotte,0,0,0,Defense,2026
Jimmy Schuldt,0,0,0,Defense,2026
Nikita Prishchepov,0,0,0,Left Wing,2026
Vinni Lettieri,0,0,0,Center,2026
Justin Kloos,0,0,0,Center,2026
Markus  Hannikainen,0,0,0,Left Wing,2026
Jordan Gross,0,0,0,Defense,2026
Otto Leskinen,0,0,0,Defense,2026
Xavier Parent,0.52,2.6,5,Center,2026
Bryce Kindopp,0,0,0,Right Wing,2026
William Villeneuve,1.4,4.2,3,Defense,2026
Ryan Tverberg,1.6,3.2,2,Center,2026
Ronan Seeley,1.0,1.0,1,Defense,2026
Alexandre Fortin,0,0,0,Left Wing,2026
Samuel Laberge,0,0,0,Left Wing,2026
Topias Vilen,0.75,1.5,2,Defense,2026
Aku Raty,0,0,0,Right Wing,2026
Hunter McDonald,10.2,10.2,1,Defense,2026
Shane Lachance,0.3,0.3,1,Left Wing,2026
Ville Ottavainen,0,0,0,Defense,2026
Jakub Galvas,0,0,0,Defense,2026
Jake Livanavage,-1.5,-1.5,1,Defense,2026
Nikolai Kovalenko,0,0,0,Right Wing,2026
Sampo Ranta,0,0,0,Left Wing,2026
Christian Fischer,0,0,0,Right Wing,2026
Philippe Maillet,0,0,0,Center,2026
Jacob Nilsson,0,0,0,Center,2026
Juuso Riikola,0,0,0,Defense,2026
Brett Murray,0,0,0,Left Wing,2026
Jayson Megna,0,0,0,Center,2026
Zack Mitchell,0,0,0,Right Wing,2026
Bogdan Kiselevich,0,0,0,Defense,2026
Luke Haymes,1.02,4.1,4,Center,2026
Kristian Reichel,0,0,0,Center,2026
Jere Innala,0,0,0,Left Wing,2026
Josh Teves,0,0,0,Defense,2026
Skyler Brind'Amour,0.13,0.5000000000000001,4,Center,2026
Corey Schueneman,0,0,0,Defense,2026
Adam Kleber,0,0,0,Defense,2026
Ludvig Jansson,2.65,10.6,4,Defense,2026
Dylan Wendt,0,0,0,Right Wing,2026
Arttu Ruotsalainen,0,0,0,Center,2026
Helge Grans,0,0,0,Defense,2026
Rhett Gardner,0,0,0,Center,2026
Arsenii Sergeev,0.0,0.0,1,Center,2026
Cole O'Hara,4.8,4.8,1,Right Wing,2026
Nikita Kucherov,8.47,644.0,76,Right Wing,2026
Kyle Connor,5.45,446.90000000000003,82,Left Wing,2026
Zach Werenski,6.72,503.9,75,Defense,2026
Artemi Panarin,4.82,375.6,78,Left Wing,2026
Brayden Point,3.86,243.4,63,Center,2026
Nick Suzuki,6.57,538.6,82,Center,2026
Mackenzie Blackwood,6.65,239.46,36,Goalie,2026
Karel Vejmelka,5.98,376.76,63,Goalie,2026
Dylan Cozens,4.71,386.2,82,Center,2026
Kiefer Sherwood,4.51,324.6,72,Left Wing,2026
Cutter Gauthier,5.15,391.59999999999997,76,Left Wing,2026
Filip Hronek,4.23,346.70000000000005,82,Defense,2026
Brandon Montour,3.82,244.3,64,Defense,2026
John Gibson,5.68,323.74,57,Goalie,2026
Ryan McLeod,3.38,274.1,81,Center,2026
Tony DeAngelo,3.15,239.4,76,Defense,2026
Pierre-Luc Dubois,3.31,96.00000000000001,29,Center,2026
Sam Bennett,4.39,333.8,76,Center,2026
Nico Hischier,4.48,367.29999999999995,82,Center,2026
Justin Faulk,4.06,316.7,78,Defense,2026
Bobby McMann,3.72,290.2,78,Center,2026
Owen Power,2.77,224.3,81,Defense,2026
David Pastrnak,6.59,507.1,77,Right Wing,2026
Alex Ovechkin,4.63,379.8,82,Left Wing,2026
Igor Shesterkin,6.13,312.56,51,Goalie,2026
Roman Josi,5.32,361.9,68,Defense,2026
Mark Scheifele,5.74,470.5,82,Center,2026
John Carlson,5.59,397.0,71,Defense,2026
Erik Karlsson,5.44,407.8,75,Defense,2026
Alex Tuch,5.35,422.70000000000005,79,Right Wing,2026
Noah Dobson,4.67,373.9,80,Defense,2026
Tomas Hertl,4.12,337.8,82,Center,2026
Brad Marchand,5.13,266.8,52,Left Wing,2026
Darcy Kuemper,5.28,264.0,50,Goalie,2026
Rickard Rakell,4.63,277.90000000000003,60,Right Wing,2026
Noah Hanifin,3.18,225.5,71,Defense,2026
Tyler Toffoli,3.15,248.8,79,Right Wing,2026
Will Smith,4.13,285.3,69,Center,2026
Tyson Foerster,4.17,120.89999999999999,29,Right Wing,2026
Travis Sanheim,3.69,298.8,81,Defense,2026
Will Cuylle,3.93,322.5,82,Left Wing,2026
Anders Lee,3.2,262.3,82,Left Wing,2026
Adam Larsson,3.13,256.3,82,Defense,2026
Mikael Granlund,4.07,235.9,58,Left Wing,2026
Connor McDavid,8.62,706.9000000000001,82,Center,2026
Mikko Rantanen,6.14,393.09999999999997,64,Right Wing,2026
Mitch Marner,4.99,403.9,81,Right Wing,2026
Moritz Seider,6.02,493.4,82,Defense,2026
Josh Morrissey,4.87,375.0,77,Defense,2026
Brandon Hagel,5.82,413.3,71,Left Wing,2026
Dougie Hamilton,4.06,312.7,77,Defense,2026
Gustav Forsling,2.69,215.3,80,Defense,2026
Ilya Sorokin,6.24,336.92,54,Goalie,2026
Drake Batherson,4.89,386.4,79,Right Wing,2026
Shayne Gostisbehere,5.91,325.0,55,Defense,2026
Chris Kreider,3.59,269.2,75,Left Wing,2026
Elias Lindholm,3.86,266.5,69,Right Wing,2026
Jake McCabe,3.36,268.8,80,Defense,2026
Josh Norris,4.24,186.4,44,Center,2026
Evgeni Malkin,5.83,326.6,56,Center,2026
Zach Benson,3.77,244.8,65,Left Wing,2026
Jaden Schwartz,3.07,153.4,50,Left Wing,2026
Emmitt Finnie,2.36,193.60000000000002,82,Center,2026
Mattias Samuelsson,4.81,374.8,78,Defense,2026
Elvis Merzlikins,5.13,148.74,29,Goalie,2026
Corey Perry,3.03,217.9,72,Right Wing,2026
Leon Draisaitl,7.52,488.7,65,Center,2026
Filip Forsberg,5.29,433.59999999999997,82,Left Wing,2026
Macklin Celebrini,7.19,589.5,82,Center,2026
Jackson LaCombe,4.82,395.3,82,Defense,2026
Dylan Larkin,5.32,393.5,74,Center,2026
Mikhail Sergachev,5.3,413.4,78,Defense,2026
Vincent Trocheck,4.71,315.4,67,Center,2026
Dylan Strome,3.8,303.70000000000005,80,Center,2026
Darnell Nurse,3.46,283.6,82,Defense,2026
Brock Faber,4.88,390.2,80,Defense,2026
K'Andre Miller,3.99,287.2,72,Defense,2026
Nick Schmaltz,5.18,424.79999999999995,82,Right Wing,2026
Spencer Knight,5.28,290.16,55,Goalie,2026
Tyler Bertuzzi,4.1,323.9,79,Left Wing,2026
Jordan Eberle,3.77,302.0,80,Right Wing,2026
Eeli Tolvanen,3.32,259.29999999999995,78,Left Wing,2026
Pavel Zacha,4.59,358.29999999999995,78,Center,2026
Dmitri Voronkov,3.41,214.7,63,Left Wing,2026
Adin Hill,4.09,110.42,27,Goalie,2026
Adam Fantilli,4.07,333.9,82,Center,2026
Jonathan Marchessault,2.65,164.4,62,Right Wing,2026
Josh Doan,3.55,291.4,82,Right Wing,2026
Justus Annunen,5.69,130.9,23,Goalie,2026
Cale Makar,7.11,533.5,75,Defense,2026
Evan Bouchard,7.44,610.4,82,Defense,2026
Tim Stutzle,5.74,459.3,80,Center,2026
Lucas Raymond,4.65,371.6,80,Left Wing,2026
Sidney Crosby,5.48,372.7,68,Center,2026
Connor Bedard,5.51,380.0,69,Center,2026
Jake Sanderson,5.81,389.5,67,Defense,2026
Jakob Chychrun,5.78,462.2,80,Defense,2026
Robert Thomas,5.38,344.09999999999997,64,Center,2026
Leo Carlsson,4.87,341.2,70,Center,2026
Mathew Barzal,4.55,368.8,81,Center,2026
Morgan Geekie,4.8,388.8,81,Center,2026
Beckett Sennecke,3.96,325.1,82,Right Wing,2026
Mats Zuccarello,4.4,259.70000000000005,59,Right Wing,2026
Jimmy Snuggerud,4.15,290.70000000000005,70,Right Wing,2026
Cole Hutson,4.58,64.1,14,Defense,2026
Jakub Dobes,6.99,293.4,42,Goalie,2026
Matt Duchene,3.79,215.9,57,Center,2026
Oliver Kapanen,2.74,224.4,82,Center,2026
Charle-Edouard D'Astous,3.41,238.39999999999998,70,Defense,2026
Jacob Fowler,6.21,105.54,17,Goalie,2026
Anton Frondell,4.11,49.300000000000004,12,Center,2026
Patrick Kane,4.13,276.40000000000003,67,Right Wing,2026
Kirill Kaprizov,6.25,487.8,78,Left Wing,2026
Rasmus Dahlin,6.5,500.70000000000005,77,Defense,2026
Adam Fox,6.11,335.9,55,Defense,2026
Tage Thompson,5.52,447.4,81,Center,2026
Martin Necas,6.66,519.2,78,Right Wing,2026
Miro Heiskanen,5.58,429.90000000000003,77,Defense,2026
Matt Boldy,6.54,497.3,76,Left Wing,2026
Travis Konecny,5.02,386.7,77,Right Wing,2026
Matthew Tkachuk,5.99,185.7,31,Right Wing,2026
Mark Stone,6.47,388.5,60,Right Wing,2026
Jeremy Swayman,6.57,354.72,54,Goalie,2026
Troy Terry,4.55,277.5,61,Center,2026
Bryan Rust,5.05,363.40000000000003,72,Right Wing,2026
Andrei Svechnikov,5.28,417.3,79,Left Wing,2026
Jesper Bratt,4.13,338.90000000000003,82,Right Wing,2026
Philip Broberg,3.07,248.4,81,Defense,2026
Nazem Kadri,3.25,250.6,77,Center,2026
Joel Hofer,7.0,301.14,43,Goalie,2026
Timo Meier,3.76,289.2,77,Left Wing,2026
Devon Toews,3.25,220.9,68,Defense,2026
Joonas Korpisalo,6.16,172.42,28,Goalie,2026
Alexander Nikishin,3.74,302.9,81,Defense,2026
Connor Hellebuyck,5.1,290.7,57,Goalie,2026
Jack Eichel,6.26,463.4,74,Center,2026
Jake Guentzel,5.92,479.5,81,Left Wing,2026
Victor Hedman,3.57,117.7,33,Defense,2026
Jason Robertson,6.62,542.8000000000001,82,Left Wing,2026
Adrian Kempe,5.2,421.2,81,Right Wing,2026
Thomas Harley,4.06,284.1,70,Defense,2026
Matvei Michkov,3.32,269.3,81,Right Wing,2026
Matthew Knies,4.07,321.3,79,Left Wing,2026
Tom Wilson,5.61,403.90000000000003,72,Right Wing,2026
Thomas Chabot,4.33,246.70000000000002,57,Defense,2026
Mika Zibanejad,5.45,441.2,81,Center,2026
Logan Thompson,6.44,373.34,58,Goalie,2026
Kris Letang,3.52,260.20000000000005,74,Defense,2026
Brent Burns,3.5,287.0,82,Defense,2026
Matthew Schaefer,5.25,430.29999999999995,82,Defense,2026
Trevor Zegras,4.34,351.3,81,Center,2026
Anton Lundell,4.02,257.29999999999995,64,Left Wing,2026
Darren Raddysh,6.87,501.6,73,Defense,2026
Steven Stamkos,4.91,402.29999999999995,82,Center,2026
Jason Zucker,4.03,250.1,62,Left Wing,2026
Alexis Lafreniere,3.84,315.0,82,Left Wing,2026
Eric Comrie,5.0,120.03999999999999,24,Goalie,2026
Quinn Hughes,6.12,452.6,74,Defense,2026
Brady Tkachuk,6.08,365.1,60,Left Wing,2026
Jack Hughes,6.4,390.3,61,Center,2026
Sam Reinhart,5.12,327.9,64,Right Wing,2026
Lane Hutson,6.18,506.8,82,Defense,2026
J.T. Miller,4.08,277.1,68,Center,2026
Wyatt Johnston,5.9,483.6,82,Center,2026
Sergei Bobrovsky,4.73,241.12,51,Goalie,2026
Charlie McAvoy,6.28,433.5,69,Defense,2026
Seth Jarvis,5.53,392.5,71,Right Wing,2026
Morgan Rielly,3.24,252.9,78,Defense,2026
Nikolaj Ehlers,4.7,385.40000000000003,82,Left Wing,2026
Juuse Saros,5.49,324.18,59,Goalie,2026
Zach Hyman,5.27,305.5,58,Right Wing,2026
Vince Dunn,3.72,301.6,81,Defense,2026
Artturi Lehkonen,3.8,265.9,70,Left Wing,2026
Scott Wedgewood,8.04,345.53999999999996,43,Goalie,2026
Dawson Mercer,2.94,241.4,82,Right Wing,2026
Ivan Barbashev,4.02,329.40000000000003,82,Left Wing,2026
Simon Nemec,3.05,207.4,68,Defense,2026
Josh Manson,4.15,327.6,79,Defense,2026
Gabriel Landeskog,4.01,240.8,60,Left Wing,2026
Peyton Krebs,3.3,270.5,82,Center,2026
Dylan Holloway,5.28,311.6,59,Center,2026
Auston Matthews,5.32,319.40000000000003,60,Center,2026
William Nylander,5.33,346.4,65,Right Wing,2026
Filip Gustavsson,6.61,323.9,49,Goalie,2026
Cole Caufield,6.25,506.3,81,Left Wing,2026
John Tavares,4.13,338.49999999999994,82,Center,2026
Joel Eriksson Ek,4.51,315.7,70,Center,2026
Anthony Stolarz,4.96,124.03999999999999,25,Goalie,2026
Logan Cooley,4.84,261.5,54,Center,2026
Mason McTavish,3.12,234.3,75,Center,2026
Juraj Slafkovsky,5.29,433.6,82,Left Wing,2026
Mattias Ekholm,4.09,335.7,82,Defense,2026
Cam Talbot,5.64,140.88,25,Goalie,2026
Jared McCann,4.02,209.20000000000002,52,Right Wing,2026
Marcus Johansson,3.28,246.0,75,Left Wing,2026
Denton Mateychuk,3.04,227.8,75,Defense,2026
Shane Pinto,3.97,286.2,72,Center,2026
Owen Tippett,4.28,346.4,81,Right Wing,2026
JJ Peterka,2.92,239.50000000000003,82,Right Wing,2026
Bowen Byram,3.78,309.70000000000005,82,Defense,2026
Sam Malinski,3.83,314.20000000000005,82,Defense,2026
Chandler Stephenson,2.88,230.29999999999998,80,Center,2026
Ian Cole,2.9,237.8,82,Defense,2026
Anthony Mantha,4.18,338.9,81,Right Wing,2026
Nathan MacKinnon,8.34,666.9000000000001,80,Center,2026
Jake Oettinger,6.71,362.48,54,Goalie,2026
Andrei Vasilevskiy,6.94,402.66,58,Goalie,2026
Kirill Marchenko,5.05,384.00000000000006,76,Left Wing,2026
Elias Pettersson,3.82,282.5,74,Center,2026
Clayton Keller,5.41,443.79999999999995,82,Left Wing,2026
Dylan Guenther,5.23,413.09999999999997,79,Right Wing,2026
Alex DeBrincat,5.44,446.0,82,Left Wing,2026
Bo Horvat,5.13,349.0,68,Center,2026
Mike Matheson,3.84,299.2,78,Defense,2026
Rasmus Andersson,4.65,377.0,81,Defense,2026
Pavel Dorofeyev,4.52,370.3,82,Right Wing,2026
Brock Nelson,4.79,387.9,81,Center,2026
Joey Daccord,5.35,246.06,46,Goalie,2026
Oliver Ekman-Larsson,3.54,275.9,78,Defense,2026
Ryan O'Reilly,4.8,389.00000000000006,81,Center,2026
Brandt Clarke,4.32,354.0,82,Defense,2026
Linus Ullmark,5.99,293.74,49,Goalie,2026
Ivan Demidov,3.69,302.49999999999994,82,Right Wing,2026
Viktor Arvidsson,4.43,305.9,69,Right Wing,2026
Seth Jones,4.35,226.1,52,Defense,2026
J.J. Moser,3.5,276.2,79,Defense,2026
Nikita Zadorov,3.53,285.8,81,Defense,2026
